,B03,B04,B05,B06,B07,B08,B09,B10,B12,B13,C01,C02,C03,C04,C05,C06,C07,C08,C09,C10,C11,C12,C13,D02,D03,D04,D05,D06,D07,D08,D09,D10,D11,D12,D13,E01,E02,E03,E04,E05,E06,E07,E08,E09,E10,E11,E12,E13,F01,F02,F03,F04,F05,F06,F07,F08,F09,F10,F11,F12,F13,G01,G02,G03,G04,G05,G06,G07,G08,G09,G10,G11,G12,G13,H01,H02,H03,H04,H05,H06,H07,H08,H09,H10,H11,H12,H13,I01,I02,I03,I04,I05,I06,I07,I08,I09,I10,I11,I12,I13,J01,J02,J03,J04,J05,J06,J07,J08,J09,J10,J11,J12,J13,K02,K03,K04,K05,K06,K07,K08,K09,K10,K11,K12,K13,L01,L02,L03,L04,L05,L06,L07,L08,L09,L10,L11,L12,L13,M02,M03,M04,M05,M06,M07,M08,M09,M10,M11,M12,M13,N02,N03,N04,N05,N06,N07,N08,N09,N10,N11,N12,N13,O03,O04,O05,O06,O07,O08,O09,O10,O11,O12,O13,P03,P04,P05,P06,P07,P08,P09,P10,P11,P12,P13,Q04,Q05,Q06,Q07,Q08,Q09,Q10,Q11,Q12,Q13,R05,R06,R07,R08,R09,R10,R11,R12,R13,S07,S08,S09,S10,S11,S12,S13,T08,T09,T10,T11,T12,T13,U09,U10,U11,U12,U13,V10,V11,V12,V13
B03,0.0,2.141213207506436,4.473744404858195,6.8849110379147245,9.054132592358034,11.18306040402179,13.524596297117338,15.651073605347333,19.794156839835335,22.377150243049268,4.690574485071098,3.1190237254628252,2.269116568182428,3.1554880763520563,5.1078547356008475,6.854630697564968,9.162043985923665,11.574981857437185,13.580560702710327,15.811378339664131,18.099856629266434,20.462546517967894,22.487962735650378,4.847458096776082,4.352174743734447,5.020213640872269,6.5263794710390535,8.167681739637018,10.052089931949475,12.28455363454448,14.087630922195542,16.140737312774778,18.456404471077242,20.67455985021205,23.01493363014545,7.937742311262062,6.9455730505121025,6.704074059853456,7.050370557637379,7.851783045907471,9.340692158507313,11.217930869817303,13.179836190180817,14.972517256627222,16.96865006416244,19.26451766850133,21.307348521108864,23.0714588182022,9.886282668424972,9.252902787774223,8.914123905353796,9.203839416243635,9.737854640525295,11.170027976688331,12.876727068630444,14.194524296361607,15.985633862940812,17.2405934062607,20.00441223830383,22.362953405129655,24.138434021286468,11.880234425296498,11.278050585096699,11.135075482456326,11.303852484883196,11.841951232799433,12.984515085285242,14.14345148823299,15.815929311931058,17.622280102188817,19.025551765980403,20.963593227307193,23.017083047163037,25.411811289241072,14.193613810443061,13.515337435669151,13.30701987674175,13.661034404465862,14.08925679374182,15.252113033937297,15.940697506696498,17.471577204133578,19.133793690745176,20.74137261610234,22.213130013575306,24.67627875105969,26.997760444155364,16.348667285133672,15.743363871803256,15.480847651210834,15.755451374048285,16.19207373995067,17.153787832429316,17.937741942619198,19.02055711592066,20.39678808047973,21.47568059457022,23.16751054817932,25.750580828400743,27.198772472301027,18.256217571008513,17.835875896630366,17.708441179279447,18.038699121610737,18.632462129305402,19.156037429489427,19.981550715597628,20.955099856598153,22.507326296119672,23.70428326273545,25.432691894488872,26.954460892401464,28.49874274419838,20.390022780762163,20.045159640172486,20.130758083092648,20.597188278986042,21.012070293048232,21.847833439496924,23.247245621793564,24.349095198795375,24.747483124552282,26.616009336487693,28.532932341419098,30.231947671296336,22.775792851183027,22.43891184973104,22.173199250446473,22.280377577590556,22.83455626895342,23.157697575536307,24.048454690478554,24.66054216760045,26.043227833738275,26.997736145832675,28.39784521755128,30.171088959465816,31.399088856207275,24.624565701754012,24.610000081267774,24.670624880614596,24.866858446534817,25.317214696723653,25.868178327822,26.580595497467698,27.51263680565714,28.965204591026108,30.443953915350747,31.776481885193018,33.18375399197625,26.770904373965404,26.670311977927817,26.859125990992336,27.094984572795017,27.375479922733774,28.208567847375733,29.214153094005653,29.39090207870456,30.699619574190166,32.055837533903244,33.564756546115454,34.93663328084148,28.987038103262638,28.85156942005062,29.147130647801337,29.736420531059217,30.822288331660257,31.908058825318722,32.12653208797987,32.89371079705055,34.25641687333922,35.28213124231584,36.67731376477836,31.53665335764085,31.17324668686276,31.475548636997576,31.853662709333754,32.511655786809754,33.152283601586184,34.0327916133837,35.67930338445525,35.88778450949571,37.207827469498945,38.28848108765873,33.38535981534421,33.8133834450207,33.97912079498232,34.692279400466035,35.25759563555065,35.91128006629672,36.97536304081408,38.01345031696018,38.97919743914695,40.305551987288304,35.89963717086845,36.27868335538102,36.74445114571723,37.378483824253756,38.18259289257344,38.83542558026112,39.97242440733361,40.97152710114672,42.13425443745267,38.918324141720184,39.56983174086036,40.208299951626906,41.15961953176924,42.2397089596981,42.93427872923918,44.24566349372557,41.75412729299943,42.376923968122085,43.0724927534964,42.74334672203383,45.06712824221219,47.114445608539214,44.479465329520316,45.2912417582031,46.53318498663077,47.0331286222807,47.520602574041504,47.2177606944675,48.35630557641888,48.446432572481534,50.118333731280416
B04,2.141213207506436,0.0,2.3604959224705304,4.756955538997606,6.922247106250975,9.052552015868232,11.39269156082091,13.517646873624122,17.658073649183823,20.243482630219535,6.606287989483958,4.751208372614276,3.0153275112332327,2.014893793727104,3.17836719087018,4.816897341650536,7.056979807254659,9.459956923791989,11.448769060471086,13.675908196533054,15.961105851412675,18.322623502107987,20.347138226296103,6.0045972387829645,4.684115391405298,4.307753590910233,5.053218875132958,6.321342341623336,8.099992716046108,10.252224148934708,12.022016345022992,14.040314134662372,16.343703986550906,18.557700531046404,20.888357427045335,9.155013107582096,7.73337578292947,6.843378186246907,6.475904956065986,6.747279822269119,7.814047094815848,9.433015901608561,11.296167491676105,12.989594489436534,14.956128275726977,17.2227252489262,19.232290165240332,20.971421744841237,10.866620679861795,9.81391114693831,8.996651877226329,8.73410842616463,8.80662869661257,9.886512681426145,11.180858374919165,12.453393513416334,14.158729462773133,15.305047696756779,18.06420031443407,20.349216815396115,22.101632903475707,12.68887827981654,11.73112206909467,11.170032229138823,10.897928289358488,11.055174399348028,11.878308044498594,12.78297062501514,14.24407111748604,15.891937138058406,17.22316933668133,19.08014478456597,21.106725989598672,23.436883005212106,14.845783408092682,13.857568329256038,13.312598544236208,13.303099075027593,13.390754160987349,14.245306665705726,14.71717109365791,16.077615370445955,17.55752434143265,19.044631369496233,20.435473495860087,22.797152563423356,25.0734022621582,16.847074286059286,16.021410175137518,15.4435493977259,15.416612922428843,15.576404013763895,16.2693584692206,16.821445360015886,17.724107001482473,18.908899121842076,19.874869181959415,21.454417563755957,23.991431491263707,25.349805088008075,18.70105670811144,18.05140230009846,17.659760049332494,17.7179077771615,18.062750648779936,18.323443890273467,18.93122354735689,19.72953298991134,21.163034399631826,22.250769087831546,23.832002118999572,25.239436839993083,26.713854457939984,20.542227848994376,19.98792007688644,19.851022668870236,20.04325055972708,20.278339281114715,20.89204259999486,22.1390377613843,23.0989351486167,23.33255667516957,25.09219011963683,26.930781087818453,28.560369920573507,23.128521829118263,22.58749904261204,22.10442899058919,22.000504562395836,22.363163863818553,22.481092878238815,23.199458722134015,23.606631314103247,24.84917113305794,25.722620336971893,26.974705725920348,28.64979359436993,29.782832991507036,24.74193545379989,24.539875672056695,24.39239639723822,24.39150288522624,24.696792058888942,25.03120140944098,25.599685251971362,26.411022433824858,27.727255850516475,29.09056101212213,30.32851577311359,31.652969418365792,26.874473855314825,26.5827967866438,26.594790110094873,26.659998893473343,26.76800599596466,27.438807590709917,28.259994072893928,28.347407518148817,29.512717936510015,30.769590995006745,32.18101508653821,33.47400598972283,28.899528023827656,28.573998390144844,28.733260674695448,29.15090290196858,30.110003387578686,31.100632855297334,31.110620983837656,31.778569445461198,33.03855652113149,33.96665012920762,35.27658063078109,31.432431547686537,30.916455569809422,31.064988974728447,31.306709983644083,31.815571847760335,32.33400801014313,33.08702000785202,34.589358132234835,34.71666379420696,35.95070242707366,36.915658601737015,33.14812766959848,33.425649701987844,33.44145367653745,34.02529035879047,34.4666427143695,35.02233701511079,35.967050615806684,36.89851678590889,37.769665990050804,39.01655347413454,35.516509696196216,35.77606959966396,36.121904545580094,36.637396809817155,37.328572139850195,37.87341730026484,38.91304774751009,39.81924646449252,40.89736281228901,38.31611264207266,38.85648272811115,39.38106444726958,40.22940270498681,41.22086933823691,41.82076135127145,43.045803744383726,41.06670305734318,41.58799101904299,42.17600362765538,41.768241200701766,43.995860828036996,45.956026296885156,43.723140166278085,44.434730223103635,45.59010222625082,46.003473021066576,46.42460447865981,46.40601319872242,47.44395772909339,47.41908933119656,49.05187199282001
B05,4.473744404858195,2.3604959224705304,0.0,2.415043891940683,4.585958133258523,6.712062648694513,9.054173181467208,11.18181496895741,15.328142027003794,17.907284830481697,8.944238368916608,7.031841863978456,5.11853035548291,3.2097953205773107,2.286741130954704,3.1586606338763272,5.013528597704415,7.339574102085216,9.243133018625233,11.443870761241582,13.703845920032814,16.05293558823432,18.06514115638181,8.045800457381478,6.340345889618326,5.136979852014217,4.691934569023742,5.049224098809638,6.472165402707196,8.370307580967381,10.0315918976003,11.938947776081443,14.196180648329324,16.391698630709385,18.685032967592004,11.13444134207011,9.476104790471663,8.144906138194596,7.128139869559239,6.720053720023375,7.045883975769116,8.110935827634195,9.726272513147057,11.185815750315218,13.069112058590669,15.256737528056252,17.180426653607878,18.850924566185075,12.651045332303573,11.308006941985843,10.11525274029275,9.317206287294491,8.84100955773717,9.378396451419615,9.964922929957863,11.12612030314251,12.64773390770062,13.575144934769572,16.303899472212162,18.431105989603555,20.129133612751446,14.307829360178992,13.07790839545835,12.153730497258856,11.442004369864573,11.155010085159045,11.53752854817703,12.056460716147173,13.162142720697114,14.526189761943769,15.719846723171317,17.41884324517561,19.38512638596922,21.585489663197357,16.299614842075258,15.056083986216336,14.20408071647018,13.818494852913613,13.51724269220613,13.966951886506948,14.138264108439904,15.231550052440495,16.4180237543987,17.700128954332506,18.947776017253315,21.12328653405999,23.310512649875378,18.13704454976058,17.120400141351837,16.244643209378285,15.901876147172068,15.747000508033269,16.102587742347502,16.34701260169576,16.990987022536387,17.886593443135,18.673139853811406,20.064720282127038,22.512895726671857,23.717170847299645,19.91908735359128,19.060441128158605,18.41105390791087,18.180799459869743,18.24140131678485,18.185808670499092,18.51089587243146,19.06744138577591,20.32268269692759,21.24640529595536,22.60042238543342,23.824799789295188,25.18171537048261,21.45915622758733,20.698890888161134,20.328104535347116,20.211978873925236,20.233457069912696,20.567697513333865,21.60657835012291,22.36982682096578,22.374539861190442,23.966339812328457,25.67993709104444,27.198147234692293,24.217325636824558,23.480681846999246,22.7802570661527,22.452668260142268,22.59930806462888,22.479190599307618,22.983545070332383,23.13070169709514,24.180929862186854,24.94005954283189,25.981350234350792,27.508846722463666,28.498724778487897,25.58586025522691,25.192377279645523,24.823791914210044,24.604010608028926,24.740135104724065,24.81395552909693,25.200115912431833,25.852174473339762,26.981776998559603,28.182312413994705,29.283925727265462,30.486033654773784,27.689328630358666,27.20161557702042,27.024072602033915,26.900029739760512,26.81020943595928,27.284872017291928,27.87564187601785,27.850374862827252,28.824530820119172,29.94388974398617,31.21747211098298,32.396722612017406,29.50342063219111,28.975567380122172,28.983003881585496,29.20273009497571,30.007913039730035,30.879544119044244,30.633156758649605,31.171985130883147,32.29335349572726,33.08854427139399,34.2786086648802,32.004722307809516,31.32716626188842,31.304927679200922,31.390701632808398,31.7234466128761,32.09360722947796,32.6874711472148,34.002814545269636,34.025592162370955,35.14296953872851,35.95045091511371,33.56901972056974,33.67934300131165,33.525500876198706,33.9568277228601,34.249346752894425,34.68423020624791,35.47795649413872,36.27162750690959,37.01818174897303,38.15720036899982,35.7662166017039,35.89000653385284,36.09647690564828,36.47076300271218,37.0240333432218,37.434943902722765,38.3498244324534,39.13537862343995,40.101196017076596,38.306046950840546,38.714653827717484,39.10179479256675,39.82239471704332,40.7014487457142,41.18069903486341,42.292172904687696,40.948242758389526,41.347788647036495,41.80447063413194,41.301502006585665,43.40353567395172,45.24885545513831,43.515756100520655,44.105597524577306,45.15287368484978,45.45841428162667,45.79555000215632,46.125845596585,47.04001228741336,46.87378188283937,48.454437866928146
B06,6.8849110379147245,4.756955538997606,2.415043891940683,0.0,2.1709143235051904,4.298205206827612,6.640016942749468,8.767233600172862,12.913115696840945,15.493029045348106,11.276691757780736,9.311032005100188,7.305875033149691,5.1313430015932475,3.1353373024285602,2.408671418022807,3.0370594330700875,5.131865645162586,6.914229747412216,9.082024278760766,11.319341411937357,13.65876165689994,15.663553747473783,10.105248636228602,8.171983908452097,6.487713387627416,5.094141438947293,4.289156677017057,5.002535357196389,6.440425607054242,7.9288183861152985,9.695335837401403,11.89781736286114,14.071533853848344,16.33225501882701,13.08494191809807,11.250463501562946,9.601870703149466,8.107498072771897,7.114210637871218,6.611263873118362,6.911047749798868,8.135624008027904,9.277069849904118,11.039293682115717,13.126108067511863,14.957974094107797,16.563320560805433,14.396731052568843,12.814451607462567,11.323128763729573,10.074834589212868,9.09962795942779,9.03445255674078,8.786854954988161,9.771667206776948,11.041438402672,11.70913545057875,14.374972869539615,16.329769288021186,17.969522559044243,15.870738672160158,14.405848013914348,13.165168362007377,12.05981662381315,11.347030316342687,11.258149759174463,11.342374530934869,12.022061220938777,13.043090584673557,14.06889974376106,15.582512281400582,17.472440012774406,19.534448162157027,17.673512865302133,16.202017713852804,15.071260133114285,14.328049867305738,13.646897266411878,13.666442697351787,13.516159698671808,14.296994439391797,15.146418619594535,16.19253117952842,17.27733385103153,19.247776936571142,21.337411206610795,19.324972082774146,18.13369708581237,16.979274071643932,16.329751253463723,15.861390229106654,15.863255309046753,15.782133252510574,16.141341982623377,16.716802684724133,17.30400395862183,18.48548038326297,20.824680477740827,21.8689663221653,21.014080041724405,19.95653529548654,19.058763889612568,18.54257808396664,18.314113382853126,17.935523242994613,17.96254216418155,18.258596495897486,19.311348192190003,20.0545208120264,21.162453756594484,22.192786440643275,23.425504946532104,22.233822455889133,21.274375784027132,20.671836807598883,20.243802335529754,20.04640102362516,20.08839092610456,20.899307476564864,21.451069646989637,21.2195470498312,22.625972354796158,24.201642340965208,25.600522260297737,25.140663873493875,24.210968031039155,23.29646593369904,22.7450131897082,22.66984358128657,22.30767054176657,22.586875768906154,22.465116870383735,23.30757241756421,23.943074593710808,24.76165965762392,26.130724922971424,26.972591217752885,26.24785255978096,25.66201878262893,25.070973255938828,24.629646871199757,24.59145152283614,24.39765173126299,24.59343068788899,25.076885612053186,26.007487787173908,27.0350705935827,27.993229627893957,29.06747035777279,28.30599358793116,27.62074490306154,27.250524710544568,26.93382848761015,26.642331973759354,26.91260113775701,27.26347793294172,27.123368614536062,27.896529855879926,28.87015898813167,29.998676137456467,31.059291057588545,29.891409635545795,29.159483294461854,29.011358896128943,29.027055965081956,29.66962477012475,30.41445554337608,29.90848976461366,30.31329493803008,31.288927130855733,31.94700025041475,33.01268581924227,32.345504556274896,31.505709022334347,31.308500730632247,31.234147531187723,31.38502231957148,31.601932915567048,32.03080568765013,33.15047888040232,33.06779238171184,34.06347922629161,34.711046887122265,33.745882385855616,33.68403639708282,33.357298002086445,33.63068316284996,33.77014957029358,34.08024184186491,34.71757802612388,35.36912932205146,35.9879503306315,37.01555523020018,35.75684265983225,35.74103358885974,35.80422737610742,36.03305489408302,36.44400087805948,36.717782177032426,37.50359216128503,38.165508630175495,39.01633110634572,38.02029849961728,38.293164089691,38.53939544154786,39.128326823415286,39.89132513467057,40.24821499147509,41.243335000942885,40.542511441695375,40.81721260693826,41.13970733974659,40.54243101985869,42.51240139065306,44.238580368271315,43.0116706487902,43.476761838941044,44.412406205924036,44.609128796693625,44.86162499285999,45.54093048017355,46.328184952575036,46.020789704219546,47.54588722486941
B07,9.054132592358034,6.922247106250975,4.585958133258523,2.1709143235051904,0.0,2.130588885730891,4.470680485116332,6.597000075792026,10.742219975405456,13.323040869110926,13.398524247095274,11.407831169858714,9.368300432842661,7.120257439166086,4.8914048084369375,3.4652545361055367,2.209030782945317,3.3979123002220053,4.892917330182475,6.99027739077642,9.18967970062069,11.514188855494771,13.508939447639849,12.069875765723523,10.031900418166042,8.134403112705934,6.281070131753029,4.688212025922035,4.453036379819954,5.074291773242843,6.235393812743506,7.767208636312018,9.87974721336533,12.018145114783728,14.23535082110729,14.95485539883285,13.023014167234866,11.198475789142021,9.439882308588388,8.091998146317138,6.952680418371033,6.444087212321075,7.114432443983146,7.805116911360137,9.372486649763765,11.309338619035156,13.019263266406437,14.542500094550455,16.114614733216552,14.382178729246831,12.706746947980038,11.16601294106361,9.84602752382909,9.268178030227947,8.204884947395668,8.944917719017878,9.883233529569155,10.23041445885747,12.783406510003505,14.524830050640869,16.090757098409014,17.4428610325256,15.82120159785596,14.363705127856115,12.979424486470885,11.942078629786359,11.445319960577773,11.117721933921535,11.34434841672275,11.972512058878872,12.794502139591051,14.082351224138675,15.871034402331816,17.769498586060326,19.08635722184828,17.455156401476327,16.12270749595117,15.105088546579262,14.120258425397179,13.758096125554582,13.31162514496258,13.768647319181358,14.25873837336249,15.041416987770798,15.94015370063915,17.674590858065145,19.648724436970458,20.577673070587938,19.259406039647224,17.894622236862112,17.001163048450536,16.27315313637772,15.960814515556528,15.580200287544445,15.659471894032698,15.907395041300761,16.28282297391948,17.23272572752204,19.43916670024721,20.30999421467175,22.178095161667965,20.968485400715046,19.875565149197644,19.12473437724038,18.648909297865117,17.987258629374292,17.738637208083375,17.78262919255755,18.6247711395335,19.181220451264302,20.03162000438307,20.856505771581205,21.954547979860575,23.124846594085763,22.006851478573665,21.21278600278615,20.517256005616346,20.126449587545242,19.90012665788839,20.487703629250397,20.831382575335706,20.37143416649893,21.582037901922053,23.00917419204783,24.280640292216347,26.13452438824935,25.049389293952856,23.960360681759365,23.220806273684815,22.951797947001886,22.376757986804076,22.44795162147317,22.07698170040461,22.71460202160716,23.2261480663497,23.822197799531427,25.02713351544679,25.717947235345203,27.01465048820732,26.267945960809346,25.487969181557013,24.854582716271864,24.66054235007819,24.22447062373087,24.24204846954976,24.56322936830579,25.297765790678035,26.152373984019118,26.96594418892096,27.910081691030573,29.021876231560217,28.170207418476704,27.63402670621855,27.148972208906915,26.678587856181597,26.761002690482286,26.887817799144653,26.641129405488797,27.21945827895919,28.048500369895002,29.03191128740924,29.973150251516774,30.400910265977235,29.493897758689,29.20857000950235,29.040972177253295,29.53207600220479,30.156572500866208,29.412300097068233,29.689040216888117,30.52199737893967,31.046377469843403,31.988527068309978,32.80171376620435,31.822967963406555,31.471106574126054,31.253255782398096,31.23825009503573,31.31353561960067,31.58761203383377,32.51938574143122,32.33758361411687,33.21402655505652,33.70663532600072,34.051395404593926,33.83651354675892,33.355768271769726,33.484603282702935,33.483335034013564,33.676978501641145,34.16637418573999,34.68235715749436,35.17857995996996,36.09731701941295,35.88821090553275,35.74693895986061,35.68008308566559,35.775242417068256,36.053757931732996,36.199527193044936,36.8623484059277,37.40624129740918,38.14620078068064,37.89400697999619,38.04218191691954,38.15824283166089,38.62364593095789,39.27653103317552,39.51810765965395,40.401384592610185,40.298833494283684,40.4583564915828,40.65627101690464,39.973279575236255,41.81509962920093,43.425875281909974,42.67108019490484,43.02030419464744,43.850560247276206,43.94586302486276,44.118948899537486,45.11992894497951,45.78849506153265,45.35098622962901,46.82132083784053
B08,11.18306040402179,9.052552015868232,6.712062648694513,4.298205206827612,2.130588885730891,0.0,2.342155631037357,4.470256927739165,8.61885984338996,11.19523152953971,15.51657194743736,13.516089116308756,11.4639850837307,9.192155623138676,6.901092377297959,5.293934831484044,3.2428706418850566,2.6557125220927054,3.2320583224935775,5.082460919672673,7.17815254783569,9.463426546447117,11.434002798670289,14.107560597069927,12.019587555319859,10.02239158085534,7.960602050096463,6.005204825815685,5.037924175689825,4.579629024276967,5.101219952129099,6.1533903662940155,8.06792426836048,10.128040531119531,12.263680116506626,16.925310661846062,14.938998795100026,13.014848942650083,11.109859090015497,9.561310631916525,8.014090216612239,6.835239937266285,6.8373434899820555,6.8953013712237405,8.116265212522322,9.789659697864884,11.29934267999692,12.68946161190458,17.978237650003408,16.150557947018427,14.360252400288791,12.631425097747284,11.084988452858218,10.111736992228387,8.336791948945349,8.768570236931446,9.276389922809413,9.205129928469233,11.5474645268994,12.98012515347984,14.43233013064765,19.19552994840205,17.4679880066366,15.86075036055987,14.279787568447928,13.001553945586659,12.167872780400032,11.468403376233328,11.226558689108607,11.397490425527893,11.956914819467436,12.941667782785956,14.578802419952059,16.251218446627316,20.709883558339964,18.96502153966612,17.484902115825527,16.256092304117864,15.029847138277889,14.333478572907556,13.616868986665033,13.738355724030441,13.834182050269543,14.304581433932277,14.971078685251774,16.399512706175145,18.215158110760388,22.06633766622817,20.653854700757435,19.12752874785449,18.037704953790545,17.092693760785632,16.499199041165603,15.83950990403428,15.637574140511694,15.53688836286082,15.673344920596879,16.3459836351319,18.374161667951004,19.031471199042915,23.585587802723936,22.257036482874355,21.007339027111456,20.05992168479229,19.36796904685672,18.452274927498777,17.941508660087646,17.732453016996832,18.344990297081107,18.69556121115384,19.25336928955553,19.83706051813121,20.77014689404001,24.296913240162834,23.048948023716832,22.091955843700212,21.160000590737233,20.592566474337286,20.110476722345496,20.46935174840669,20.59629697299978,19.899932989836927,20.886236161644824,22.13730543675088,23.25682360082735,27.379138993036285,26.16485476741654,24.92867170548804,24.025463429453342,23.580793031617915,22.810680502782024,22.680903355025343,22.066394812021286,22.489449704250212,22.867708958266896,23.222502212294007,24.240604716054428,24.759742183633495,28.057122090478202,27.170721300694243,26.223635522177315,25.416305730770553,25.076303555348822,24.40919437425168,24.250031360804464,24.404672503436714,24.93144346001651,25.59797433391947,26.251434037019767,27.048693517432593,30.00983433809657,29.011993812904343,28.32636378005479,27.68693238695829,27.049392174316967,26.94920058183545,26.85304722000838,26.500276243843196,26.87490997194223,27.547909249160817,28.37200891724095,29.180223525531808,31.195930920554364,30.13115547070839,29.718410539596494,29.37673981230729,29.718172790398807,30.220956470634743,29.241341829676696,29.38563693371304,30.066519136740787,30.44780801634167,31.254297832458178,33.53795672070677,32.433745281727795,31.937430485247244,31.58315076112578,31.40693646314457,31.342057430870742,31.459776302446905,32.19597891041675,31.91244147664042,32.66072266499932,32.98724311002664,34.64243423895036,34.28346686086458,33.65670586970745,33.64423056037989,33.504016624876485,33.58048153317638,33.91819488121383,34.29312853911115,34.66020641888908,35.46153810820958,36.30756925215457,36.04607465453069,35.85286948069847,35.81600314105414,35.96146348523653,35.977515200469306,36.51253512151683,36.93284214625243,37.55491393945671,38.05725983304631,38.082126096109704,38.068125315019124,38.40762465969485,38.9464774401999,39.0687736434099,39.83348593834087,40.33930552203397,40.3837934944205,40.455932074295355,39.68785331811233,41.39359264427286,42.881200134791,42.60893788866369,42.84110460760786,43.5627259592418,43.554272029274,43.645270362319906,44.9715125940856,45.51885337967116,44.94961331313096,46.36068515455741
B09,13.524596297117338,11.39269156082091,9.054173181467208,6.640016942749468,4.470680485116332,2.342155631037357,0.0,2.1284665841868415,6.2782674361642155,8.85311436727212,17.832170142750435,15.82080061185274,13.757253541314123,11.467808247437693,9.140442275951422,7.446297939244709,5.1519593360196465,3.439936045917133,2.3252027868553746,3.2049851793729096,5.010399684655906,7.211990363276978,9.143878881525062,16.338131625127765,14.209386545519832,12.138338024622646,9.942335842245525,7.7980266734604085,6.377468541670747,4.989554789758301,4.586791471170234,4.7330288399712925,6.208223014679804,8.103407925064614,10.104947748504195,19.082417561724196,17.049627385957734,15.043806566158713,13.028579738405872,11.337526096993118,9.50233366073829,7.813580229318696,7.14334886450326,6.439218120237891,7.08783817535361,8.308236154563735,9.49797999576752,10.686963694146247,20.026274740949702,18.114452931292185,16.228653979920825,14.34694312388531,12.62484510796073,11.31960723700253,8.946045215624611,9.02394841518944,9.008962037882057,8.42167608021111,10.392449663096762,11.386021254151952,12.668586977244148,21.129002366415694,19.306690342987324,17.567695722547107,15.81797875836227,14.332988592753432,13.194507986279747,12.145941914894868,11.418866011999615,11.064959873402161,11.289730953393,11.86968508428088,13.281336717363956,14.645815784721588,22.50769717230086,20.659727805564135,19.045980074545913,17.623449946023623,16.177553894207865,15.15950728091121,14.181756872827851,13.94239308727164,13.596160193231027,13.691275360608303,14.064867578473677,15.094974064237407,16.69480553944849,23.7214839544241,22.222245723598682,20.54559546472187,19.269836039779893,18.11780464073945,17.245398922611212,16.305409071838707,15.805147136297085,15.319241397667183,15.178903385949855,15.512813413433426,17.29833061309674,17.691741943630085,25.15029313944472,23.707859371946682,22.307407424440875,21.167680009864096,20.260619783214928,19.09166071875362,18.310070070865375,17.829886174622654,18.178176036115392,18.291073505948194,18.50437958970795,18.798264946531635,19.526647356881313,25.615645726781903,24.241508203905134,23.123294791184065,21.95347940532434,21.206054064818378,20.456580481595648,20.562408613778686,20.44829587031643,19.494999410105144,20.213106639010242,21.248005012235854,22.181363912077185,28.757375836470196,27.41428547308866,26.031805546292787,24.963607511735958,24.337469732903624,23.366998309581827,23.022713393516412,22.14952868573054,22.33116559877697,22.556755662107083,22.635669285444155,23.431613260721083,23.749214765966475,29.22037044597484,28.19155286606256,27.073679930884904,26.087195518108114,25.593716279587063,24.682807072940466,24.33223249108063,24.30203400952274,24.59297920138998,25.042629195034614,25.509776361230607,26.134288358399964,31.10640043463724,29.958391712506867,29.117543028215827,28.317000759261212,27.50398476584802,27.206721320291425,26.867406164347166,26.400267422887975,26.545836453199207,27.03935918249543,27.678615662637466,28.331485241688263,32.08199689857226,30.853679213345043,30.306349994679334,29.77874498698694,29.95557492354303,30.32244483876589,29.089534630172412,29.0859970604413,29.59322415689105,29.811887729561843,30.461418220430907,34.351049620062554,33.11673211535221,32.46700591369645,31.96675925082178,31.61599090650173,31.398037343120667,31.343017372295222,31.858746444265506,31.463294455603343,32.064658925365165,32.20318339853996,35.29478790133183,34.78148549156577,33.99893211558269,33.83241352608472,33.54061921014578,33.48778984943617,33.656296424294815,33.87293128738639,34.09445561964584,34.76127247383214,36.767550394335494,36.3762870150322,36.045939757481705,35.86457095798024,35.86308052858817,35.735820306801415,36.12708582213628,36.40838343019366,36.89677625484373,38.23151308802726,38.121103879609784,37.964084290286785,38.163409766424174,38.574167858814526,38.5636529001079,39.193990062253164,40.371172499693394,40.289000111693014,40.222188714688315,39.362507643695665,40.912124083210344,42.258789239636286,42.52104816440912,42.62353322989543,43.223156409498834,43.09989903700472,43.09965907057734,44.782127729709316,45.19430070263285,44.48079360802817,45.82282419275355
B10,15.651073605347333,13.517646873624122,11.18181496895741,8.767233600172862,6.597000075792026,4.470256927739165,2.1284665841868415,0.0,4.150278062973612,6.726085934627954,19.93444120109716,17.915137342482193,15.844329111704289,13.545163121941352,11.20012432966706,9.465932653468437,7.096599537806822,5.039941467914087,3.1763264945531025,2.322003445303215,3.219941769659818,5.212650477444272,7.076632320532133,18.374962993160015,16.2201893947019,14.104513462009244,11.835538686515287,9.608740292046612,7.973614550503429,6.12172924915828,5.052266224180987,4.17225358769095,4.844626817413287,6.4148803574189905,8.202797144876863,21.05832153805236,18.99437906329133,16.934815086088186,14.852030837565614,13.078190088846391,11.07973939224204,9.103294458601239,7.98019680208452,6.68962450366237,6.694107856914168,7.309374391834091,8.060504822900363,8.97449391330787,21.915137462493817,19.94406992065561,17.994506383893945,16.012415589160806,14.180975706911003,12.655828775706473,9.91013546829709,9.701464064768782,9.233173506438618,8.185105619355197,9.667562671118299,10.143995761040124,11.207830209277798,22.924676857046425,21.03454820052002,19.2023849820797,17.336325158464234,15.709577206277705,14.353641802692444,13.051729578871912,11.943108849876568,11.133592636700877,11.030599485068796,11.182317201725231,12.321117197721966,13.331539521000566,24.190677419204285,22.267836648403904,20.55700389161806,18.991845460618094,17.3864293056395,16.123214722877073,14.947826129574828,14.406193286222422,13.673222370750794,13.412675534732061,13.489864713925044,14.093480194756722,15.445707041116636,25.284557599451883,23.721324098793474,21.932348369474713,20.5152559087134,19.205175578473632,18.112284505274314,16.949165672681357,16.19875211243138,15.37606194706564,14.980542914060225,14.980973599869936,16.497243527329044,16.618613811025277,26.63372157622738,25.10370892916025,23.586695656662044,22.295714050014187,21.216758376340152,19.845642871925314,18.840499781056767,18.128298017188484,18.233064745127187,18.124720135770374,18.008035151009672,18.015139993905127,18.53171414089911,26.892882180978667,25.42016306005923,24.173457344782104,22.810984897632103,21.916030137778147,20.941797367943373,20.82223739178862,20.491469688628975,19.312348381281858,19.768909580449805,20.58536978050188,21.329250455653614,30.071875980723252,28.625276278142714,27.125506262556648,25.92306328349333,25.145550242537944,24.008918426284847,23.47959697269099,22.38417228757856,22.345406351194423,22.428549841663862,22.24914294978573,22.827263918393726,22.948318456915313,30.350738590683424,29.204591505446537,27.94554399184242,26.80971443339149,26.185503947795237,25.066005764780314,24.547049435726485,24.34981562558534,24.422000081893373,24.666197376166437,24.95426961463709,25.410054899586502,32.17244090833022,30.899579414613395,29.92809292287098,28.99115565133615,28.028558364639448,27.55829865938752,27.002752230096842,26.434929354927355,26.369426633887965,26.693098452596317,27.155075197833646,27.657277414814352,32.96234277171451,31.5964460817985,30.933584661335324,30.244329534641697,30.273566968561862,30.516455970508762,29.06031852888058,28.921201652075247,29.2650019306338,29.330749734706746,29.829459431910596,35.15949032622629,33.815536843291426,33.03316758956065,32.40558083108525,31.9004224580177,31.54563324772543,31.334047488315324,31.645202875001452,31.14815108477548,31.610119550549,31.571825366931193,35.95867985619049,35.310604313718564,34.392320727162335,34.08841599429343,33.66105870289881,33.49104227998884,33.504129073891775,33.574053910721,33.659707693323774,34.19851075704906,37.255897466038846,36.75010455767439,36.297841767796605,35.986694985786066,35.85174842319409,35.5940011378322,35.85168274990729,36.00345597300348,36.36593537914294,38.459029173914416,38.226721243130434,37.94026138549918,38.010855357384415,38.30265212749634,38.1695856016279,38.67339303707396,40.46341104009893,40.266375550824044,40.072876225696604,39.131748363700794,40.53306562548656,41.74575621545261,42.49851579761345,42.48238558508691,42.96867254174837,42.74010749869495,42.65564424551574,44.661383162638394,44.94886118690884,44.10435826536874,45.379684276116336
B12,19.794156839835335,17.658073649183823,15.328142027003794,12.913115696840945,10.742219975405456,8.61885984338996,6.2782674361642155,4.150278062973612,0.0,2.600898306354941,24.032486721103165,22.00182487885948,19.92227097998619,17.613170640177195,15.251562182281525,13.478349045784501,11.059657544426953,8.793082849604,6.6909821401644765,4.629569742427475,2.689777128313794,2.0862581335970867,3.2185774808135346,22.370238018402933,20.182754024166275,18.013509707994164,15.66625571092212,13.373071823631248,11.544225786080242,9.330279149093021,7.702927365618866,5.729523889469351,4.387227484414274,4.298456699793544,4.95775806186627,24.949938076075462,22.845040161925738,20.71555092195233,18.552229946828493,16.686013544283128,14.512574306441982,12.247884143802144,10.62641581155189,8.707712673256967,7.670920674860352,6.8991398014535115,6.359217090177061,6.3017896664360356,25.664429586491885,23.61043398584617,21.57763925919608,19.467229515264876,17.50697095445126,15.705505085797146,12.565670893350662,11.958140365458169,10.832000046159527,9.144642693949283,9.441716793041401,8.657460713165264,9.045272024654649,26.518649381143074,24.532306251145652,22.570107332487364,20.548022629927193,18.73469530043123,17.083194695372406,15.441377173037385,13.788733263066627,12.271720702493193,11.578940927390553,10.856601770351531,11.29090558812711,11.390375323052352,27.592613395617313,25.56239004866329,23.712434480668577,21.940468773478838,20.111015986269813,18.487022502285217,17.031177821865402,16.007516265804636,14.63462449125361,13.723742237451125,13.201868731357694,12.842326269021513,13.548568116225418,28.479530210310703,26.823210341046057,24.868190867049417,23.238582594469914,21.691920823200512,20.257649666237196,18.75205623391739,17.595947999468514,16.204011015794823,15.348405063719161,14.686363539011284,15.558444780889895,15.075408352678213,29.683934257439663,28.01929139004054,26.322428839299764,24.794003892070357,23.441611292741804,21.75318057204509,20.38501116016373,19.281214303046372,18.933260944697295,18.40748586852642,17.64053202145559,17.05027298901692,17.08919450998203,29.58839367049181,27.961955046097906,26.510118521047772,24.83537638128321,23.6992885336248,22.347661913497795,21.82079929791757,21.094622300482175,19.520068237585644,19.442913619105546,19.786068558457995,20.110158651785916,32.8041380468989,31.189193160452227,29.49997088134156,28.077102450217332,27.0435442388752,25.629778071610374,24.77613194185081,23.295850381559372,22.842714133832693,22.64962374963434,21.965815304695614,22.087480299934622,21.796981075369132,32.7570825471378,31.4141448554628,29.918074954782767,28.529641357717768,27.67839744277114,26.196092552134562,25.37378781341091,24.86459677935679,24.512819829632004,24.345833832506127,24.266590778269617,24.36651641084544,34.44845090856772,32.96350758035316,31.76693340566571,30.593775478028206,29.37048893021701,28.586929408385224,27.633493662582733,26.88355396892308,26.410443256409007,26.39289565394445,26.490668715606255,26.677051748647187,34.89684863995601,33.29392979208072,32.426752227134926,31.44711918443405,31.200064054421425,31.205332893593685,29.34221772463697,28.941517531048714,28.957866392398458,28.716870163720834,28.902682955047617,36.94368395274082,35.41026207189097,34.390541911985046,33.53258846256877,32.743054545964405,32.13266682054261,31.62296159438581,31.53118768774814,30.840112645708672,31.01805039005514,30.623046631581257,37.469664596844204,36.57664234180059,35.41283362003103,34.85232108482877,34.17090465586183,33.777127127688054,33.487683780757365,33.26807959591295,33.08246789464172,33.35810609132359,38.42832559454028,37.71116530949421,37.03173969718409,36.47536045058363,36.084227981210844,35.575005621925065,35.56750904969309,35.46081727766578,35.56774448851094,39.12703434966673,38.66286286606309,38.128648677864255,37.94759904130959,38.00294325443755,37.62824286357257,37.874955696343726,40.855243935142525,40.43736747118932,39.99834032806861,38.905158552562156,40.00185031970396,40.93834889196192,42.65277586511809,42.40539966796681,42.665685181419505,42.230671424925276,41.97948615693146,44.60935025305793,44.650353749998445,43.55259700637839,44.68728263163917
B13,22.377150243049268,20.243482630219535,17.907284830481697,15.493029045348106,13.323040869110926,11.19523152953971,8.85311436727212,6.726085934627954,2.600898306354941,0.0,26.632130406709862,24.60229277933258,22.523037117582522,20.214060947766036,17.852356847206476,16.077639285666287,13.656461950300304,11.371771453911656,9.259338745288456,7.130472354619994,4.960397262316799,3.07843742830677,2.200027499828127,24.96533366490422,22.773813909839518,20.59685034173915,18.2374932487993,15.936106739100364,14.075030266397299,11.804931045965496,10.091416649806904,7.971851729679874,6.147455164537599,5.076981189644098,4.38125335948516,27.525228900047317,25.4124055531939,23.268224556248377,21.08802399467527,19.20246338363909,16.99137419398443,14.665773283396959,12.926346158137651,10.877648459111004,9.540318652959135,8.221496822355403,6.962210712122982,6.088837738025213,28.203110218555686,26.127838352990477,24.073988369192172,21.930085658747437,19.937753133189307,18.059153745400142,14.828614668943287,14.096788322167571,12.760038283641629,10.898536140234613,10.602558181872901,9.107769540343014,8.941331556317548,29.00935512899244,26.995199610301086,24.99435906359673,22.92603868966464,21.056804125982648,19.311174096879764,17.56119770972356,15.724013641561115,13.948996558892686,13.008127344087619,11.86262610048888,11.840349530313706,11.28738525966045,30.016139025530915,27.95207657759974,26.056988256511918,24.215000516208956,22.310431013317515,20.55668224689967,19.003252616328606,17.788163733224405,16.15057181650235,14.939886913895968,14.106683593247563,13.159113647962768,13.368813335520846,30.82407022117618,29.13648525474547,27.1234597535049,25.416450597988696,23.782372400582748,22.21516999709883,20.576184607453346,19.25137569110322,17.61122837850898,16.539880592072002,15.52815024399236,15.9714912265574,15.095081616208638,31.968040556155454,30.253861142009626,28.489219083716563,26.86778451975525,25.404751445349746,23.58804275475182,22.066074050451295,20.787912473358165,20.213959978193287,19.473108021063304,18.348515416785084,17.39998209769194,17.115620263373454,31.724087756781913,30.03751550977544,28.5021781623791,26.696165717196166,25.456494750848947,23.936164960160177,23.20976591868173,22.284922660848522,20.520250485800606,20.133437510768,20.175277866735815,20.216757430409064,34.94466163808143,33.260685410857064,31.49312804406701,29.97613507442212,28.828122189972763,27.29078474503802,26.282743426058097,24.619626418774107,23.948404644151143,23.602876095933734,22.633975567716778,22.470614811348618,21.916806336690573,34.750807659678934,33.321696970592605,31.720227883796802,30.217078945523507,29.25857804131978,27.602601924456327,26.627655172771036,25.953394479335454,25.364580028062754,24.954958966105313,24.648649212482216,24.517114716050905,36.3746605482443,34.79429562442671,33.49348130606909,32.20894425466317,30.86049934787187,29.918241208333086,28.756703357652107,27.91240244049229,27.209597295807228,26.987921390874103,26.85828097626503,26.839141007118688,36.65563614234515,34.94166454249139,33.974896438399924,32.84959824716278,32.4558365321247,32.33012343001493,30.25164003818636,29.701682595435567,29.52072644770111,29.091644573657227,29.075130163079237,38.61844378014215,36.99498566022157,35.85686496335116,34.881320746210285,33.94204833241506,33.19338977868937,32.517029446122535,32.18784722531161,31.384795363360265,31.384660616294706,30.764617485026527,39.00147367728558,37.98318192305642,36.6929534515825,35.994113032550196,35.17362814666693,34.653546037887665,34.187631286768024,33.794171331754825,33.44131651116624,33.5471128116862,39.775663916520614,38.94649258919216,38.144178703964776,37.45164797442163,36.914172955654855,36.25899349127055,36.09063862000782,35.82416293509173,35.768008051889055,40.191383765677934,39.596761344837276,38.92063835550491,38.59041042798068,38.50132486032137,37.97855106504196,38.060396175026874,41.75246978323558,41.20689592774491,40.62309388759059,39.44328021349137,40.34505269546689,41.10108117799336,43.40188319646971,43.016825556984095,43.13769678598986,42.57626635814841,42.220961737032944,45.226153340738584,45.11628612818214,43.865428414641066,44.906020587444615
C01,4.690574485071098,6.606287989483958,8.944238368916608,11.276691757780736,13.398524247095274,15.51657194743736,17.832170142750435,19.93444120109716,24.032486721103165,26.632130406709862,0.0,2.0541178155110775,4.138257241883351,6.449001938284714,8.818285831157889,10.631415568963522,13.065005510905841,15.465563940574556,17.562022320905985,19.80728901187641,22.12701093686176,24.501073466278985,26.548045219940395,2.914289793414512,4.73347927005073,6.847203954900131,9.186699625001353,11.358893608094057,13.384266322813515,15.784189209458939,17.6729928421872,19.86164832031823,22.224639592128373,24.451077358676855,26.85528471269668,4.502433119991901,4.879233751317926,6.236481059058867,7.925736432660375,9.566884654891581,11.701604206261637,14.029610115751613,16.16408478695902,18.214889349101192,20.273948061490145,22.650686523812034,24.82488469258216,26.713292889496046,6.70522691636905,7.1380166012695705,7.951154507365581,9.37375661087912,10.788223672134352,12.807593060368525,15.361946133221533,16.733773423827635,18.699148456547427,20.26177978362217,22.984081839394847,25.58719187406074,27.442446319524795,8.86384346657814,9.10287690787918,9.903202764762518,11.014429808210682,12.318532786009866,14.06220128571626,15.727721545093555,17.836062934403433,20.003516915782583,21.578615363363795,23.73126081774839,25.841764355399572,28.443447118800492,11.332375037916808,11.359230827833372,11.899457508642989,13.017448290659733,14.162747261742687,15.939745449661359,17.094820034150697,18.968849648832162,21.042758944587092,22.940596003591537,24.620206660383662,27.369050294082182,29.820814878202107,13.682811297390606,13.568507692447243,13.996987282983435,14.911044396687979,15.93384715001371,17.45036309077837,18.738322256808374,20.213834866249403,22.032329087048424,23.38638304655083,25.361641902684458,28.039285903888494,29.756270145970916,15.615021645838343,15.683208090183589,16.120915172532854,17.024540199371025,18.141220521232853,19.23863552853996,20.541140815446447,21.905749496422168,23.710804963138642,25.16278319264385,27.258967918833612,29.09002139909835,30.830533063831382,18.26701360376129,18.373907695425054,18.934651673585126,19.988256802432772,20.79475907530549,22.118207002377027,23.841630565043157,25.266839770735082,26.08065248416918,28.206257532682354,30.312752250496818,32.192297727872734,20.17672721231072,20.25922851443263,20.453277292404756,21.008692296285364,21.96533962860579,22.739726691409466,24.00265868607059,25.08604594191759,26.78160318203524,27.921626206222303,29.683892601880906,31.69855719114042,33.18156888997264,22.45261198613649,22.82565427320759,23.327213828487963,23.949355273159235,24.712970379944213,25.748306526837837,26.785372911348464,27.991249078953228,29.7581472877597,31.512291459048168,33.07978394729929,34.699601842096115,24.581230237724068,24.875540798141454,25.43458472238145,26.03596358885148,26.69467531175459,27.881608651582496,29.302338643869366,29.69190226307503,31.334601273991026,32.92512039461663,34.67157373122829,36.24231609596716,27.14795110132623,27.415796267845295,28.000941305606137,28.960105403813706,30.31513590601236,31.60377232230355,32.31590124072049,33.31631727847483,34.92030813151568,36.18718007803316,37.79512735790158,29.691310681746604,29.653666653552307,30.28248267563279,30.955625159250136,31.940654423477298,32.85483290172087,34.02552703486016,36.00329341879712,36.412982327735804,37.93908786462848,39.3149083809183,31.792176789266883,32.53659117055749,33.02947636581604,34.02425677366076,34.86790405229428,35.74416546794735,37.08329458125316,38.373656614922695,39.569565324880685,41.09017133086695,34.58638243586629,35.22208780012905,35.95024429680555,36.84769292642349,37.90672005067176,38.81078258680183,40.17465810682152,41.39716632814377,42.76692743230451,38.05440648597742,38.951799971246515,39.84857081502422,41.03567205493289,42.321370606349696,43.245200808875886,44.7658002162365,41.055904873720664,41.907490810116514,42.850883596490746,42.713880507394784,45.25554208050104,47.5077703118132,43.91669305628555,44.95677204826877,46.39650032060608,47.10416976234694,47.75330145654853,46.763690957836076,48.13300277356483,48.5022010634569,50.26048198137379
C02,3.1190237254628252,4.751208372614276,7.031841863978456,9.311032005100188,11.407831169858714,13.516089116308756,15.82080061185274,17.915137342482193,22.00182487885948,24.60229277933258,2.0541178155110775,0.0,2.0871878209686834,4.400775613457246,6.770984049604607,8.581075515341885,11.015915259296433,13.413521088811843,15.512335349649968,17.757014895527906,20.077290479544295,22.451109126277036,24.498653942614887,2.0258689493646918,2.973419916527096,4.90555216056256,7.181869533763475,9.321147139703353,11.343401826612686,13.737566341969018,15.62402880181677,17.808962743517657,20.171440826078836,22.3981093844994,24.8014486875263,4.891636127105122,4.311097540070278,4.9381915718205995,6.24760578141739,7.72746025547851,9.76985368365361,12.045779343819975,14.166414401675535,16.19265864520092,18.24879530270423,20.620604258847507,22.78539049478854,24.666448406692034,6.949082529370334,6.710006035764796,6.959693815104225,7.973261127042059,9.142636928151527,11.04,13.437604287967407,14.807098061402849,16.750377100232697,18.270452649017756,21.004069558064216,23.57776214995817,25.425379839837202,9.03070434683807,8.762593679955724,9.095990600258997,9.827265336806573,10.879101525401811,12.46003551359305,14.003502597564653,16.020856437781344,18.120780032879377,19.66749961230456,21.786644073835696,23.89131568164466,26.46348586259943,11.430114785075434,11.048038061121984,11.214713059191483,12.00938299830595,12.891248581886861,14.477667802515708,15.49978167588176,17.290390307913814,19.26923932074123,21.10651759528322,22.746128813492636,25.444486907776312,27.87639144509203,13.684681399287307,13.294211559923363,13.377349251626796,14.012422524317484,14.807331461137755,16.13354678922152,17.26313937266336,18.6280315653587,20.332226267676642,21.621287473228787,23.535556929888017,26.19812882631124,27.861508089118217,15.616715435711825,15.416012973528531,15.572223540650834,16.22016488818779,17.126369200738377,18.011991477901603,19.15611928340393,20.402003847661632,22.1385508107464,23.52257507162003,25.526470417979844,27.285855768144785,28.984897257019902,18.001850627088317,17.882606185900308,18.225468827989037,19.03420000945666,19.69044298638301,20.841500449823663,22.461746770899186,23.787794181050078,24.479075023374556,26.538624003516084,28.599371479107717,30.43637319064149,20.1781223358369,20.0341932705063,19.997824681699758,20.34613457146099,21.131294446862455,21.724328528173203,22.850020218809437,23.768718960011288,25.365469619149575,26.449572586338704,28.106296803385536,30.05634455485231,31.47300420995746,22.233047586869414,22.41273104733111,22.708546518876986,23.145365367606537,23.78147945355797,24.63079594735014,25.552142023713,26.66604816991074,28.333302137237727,30.004704514459064,31.504740373473958,33.06634071075903,24.37848641733116,24.47562563041035,24.861498345835876,25.30139917079686,25.802240406600355,26.851353801996652,28.119576277035186,28.433705702915333,29.96592226179598,31.483388207116462,33.158784733460905,34.6723676145717,26.777019046189587,26.854586665968256,27.311225421060843,28.114738572499657,29.36361702856104,30.575604082339893,31.104531711633275,32.02475506541776,33.55001341281401,34.7404899504886,36.28440287506466,29.330344184819925,29.13765580824923,29.620077937102053,30.167118341001682,31.01917447321898,31.827123416985078,32.89017254439386,34.751927673152174,35.092441379875524,36.55197488508658,37.834925148597826,31.315775018351374,31.91703972801989,32.268048112645424,33.147221135413446,33.88082810381116,34.67265759932457,35.911677724662205,37.11385673842049,38.23226307714468,39.69037288814505,33.98759847356091,34.511378543894764,35.12943388385301,35.92073877302637,36.881134540575076,37.69123910141453,38.97409336982709,40.11924750042054,41.41997636406858,37.26673145045055,38.06389708109247,38.85899375948893,39.95708298912722,41.16794444710593,42.010229385234254,43.459721225520994,40.20418069056998,40.96445271207709,41.81223750291295,41.60220556653217,44.067096443945566,46.24894593393454,43.013885072148504,43.96469189019752,45.33001965585279,45.96080840237691,46.55182058738412,45.82095188884666,47.10163687176912,47.366045095616755,49.09446637860523
C03,2.269116568182428,3.0153275112332327,5.11853035548291,7.305875033149691,9.368300432842661,11.4639850837307,13.757253541314123,15.844329111704289,19.92227097998619,22.523037117582522,4.138257241883351,2.0871878209686834,0.0,2.3140339236925636,4.684195768752626,6.494004927623632,8.928727792916526,11.327335300060646,13.425203946309344,15.670000797702595,17.99017787571874,20.36404331168052,22.411508695310985,2.989478215341266,2.08392250335755,3.190759314019157,5.246884122981943,7.29634737385769,9.307185718572505,11.68512302031947,13.564627270957356,15.737706599120472,18.09784882244296,20.32526223693067,22.724315875290944,6.140328085697051,4.827460719674475,4.436305332142953,4.986113215722242,6.110578123222057,7.9512728540781445,10.11945932350143,12.209062208048577,14.188229241170301,16.237075629558422,18.598376192560465,20.74458977661405,22.60996616538822,7.901836811779905,7.056476457836447,6.6453686880413185,7.043259614695457,7.803186592668408,9.473337796151892,11.604380638362395,12.963874806553788,14.866336334147698,16.31610177095007,19.063967504168698,21.588981564677848,23.423143021379516,9.800253466109945,9.058466812877333,8.866230991802547,9.10208047646251,9.787476334581863,11.112227229498146,12.464901523878959,14.33761828198812,16.331285130080854,17.832522255698997,19.898689027169603,21.991973672228696,24.518287236265095,12.04807640248019,11.276312872566102,11.038095850281424,11.435674750533963,11.973124111943381,13.288698732381587,14.123853050779026,15.788310232573973,17.628209466647483,19.37632142590538,20.956763228132345,23.58027364132995,25.981547933100522,14.153464028286502,13.496293120705404,13.212295258583952,13.520304804256448,14.032396302841507,15.107475401270724,16.026373513680504,17.238817737884464,18.78463781923942,19.982665612975662,21.809920793070294,24.44688211204038,26.035554651284077,16.048473136096156,15.581708025758923,15.439709356072736,15.796164851001018,16.449362206480835,17.074684535885282,18.015845386769946,19.105640214345083,20.746845856659753,22.03922922880925,23.918967222687524,25.581525286815875,27.223334476143805,18.130101626852507,17.776298405461134,17.879383909967366,18.40479961857776,18.881361073820923,19.819501204621677,21.30525148877619,22.503947942527773,23.04086346038273,25.01099536204027,27.00907051344048,28.788693092948836,20.549796349355873,20.17955571859797,19.904343872632428,20.02731846753329,20.6165524276005,21.00037097291379,21.96001696265283,22.6798372569117,24.150836714283837,25.163236059775777,26.68612375374138,28.551775373871237,29.883222199086898,22.362956199930274,22.341013987731174,22.415904755329418,22.647460277037688,23.137326422903747,23.77033487353512,24.55291153814553,25.55398164670234,27.096911429164763,28.66423060191918,30.079125535826336,31.566710012289846,24.508670241365607,24.40147341862782,24.601746137215546,24.864689682358797,25.18894989871551,26.078155034434474,27.166943976089765,27.39274365593925,28.79058318270055,30.217472594510614,31.804361273259364,33.246463165275195,26.718091698323068,26.59495801839138,26.9112620477004,27.540998747322146,28.66673849603404,29.78823747723252,30.107843529552227,30.93290060760549,32.36261715312901,33.46089605793604,34.92616991598134,29.267872573865017,28.9136688263527,29.237795060503448,29.646000236119544,30.348693612740565,31.035605133459217,31.974133436263756,33.69868662129134,33.958916428531694,35.33814654166231,36.51018720850388,31.12343592857318,31.570580514143227,31.76770183692865,32.517700410699405,33.127564896925335,33.822962170691085,34.94606212436531,36.0452684412254,37.072572085033435,38.4558914212114,33.655325180422786,34.057624168458965,34.55463853088323,35.22755809022249,36.0764179208524,36.77976283229679,37.96861821294001,39.02381120546787,40.24340523613776,36.721407598293396,37.40751381741374,38.08907655745936,39.086100982318506,40.210962398331134,40.9599926757806,42.326496902058885,39.58179000500103,40.240767698939344,40.981602530891834,40.69098672925001,43.06563467545788,45.16501731428872,42.32974030158938,43.18110987457362,44.462083003386155,45.006606292854386,45.5318511923247,45.087952459609426,46.26945585372709,46.41769314604076,48.110459091553054
C04,3.1554880763520563,2.014893793727104,3.2097953205773107,5.1313430015932475,7.120257439166086,9.192155623138676,11.467808247437693,13.545163121941352,17.613170640177195,20.214060947766036,6.449001938284714,4.400775613457246,2.3140339236925636,0.0,2.3702187662745398,4.182946927705395,6.616021840955485,9.018929980879106,11.113023800928351,13.358389423878913,15.67800921673412,18.05208378553567,20.09907254079153,4.974172996589483,3.1328740798187216,2.296,3.3709043297014527,5.137545133621699,7.106604885597623,9.444696977669533,11.308264676775124,13.458311929807541,15.813229050386893,18.041180948042175,20.43238422211172,7.982821180510058,6.2677970611691,5.023397455905714,4.463076069259855,4.826628222682994,6.185443314751175,8.113438358673836,10.130758362531406,12.023250142952197,14.055093453976035,16.395976884589707,18.511372558511162,20.351405971087107,9.442746316617852,8.133122954929428,7.10500724841291,6.722464205929251,6.8387440367365695,8.074682037083566,9.734219280455934,11.062251714727884,12.886887327822805,14.222766889744063,16.983554987104437,19.43247019809885,21.24483923215236,11.11013613777977,9.961815597570556,9.240609990687844,8.887146336141877,9.0626461919243,9.981853986108995,11.027266070971535,12.660964615699706,14.48228590382057,15.909088880259612,17.891157424828613,19.962535735722554,22.4197268939655,13.148816904953845,12.018448859981891,11.363229338528727,11.293012795529808,11.38889318590705,12.316125567726239,12.882552930223108,14.349248098768102,15.979199291579038,17.592383494001034,19.083677685393873,21.595850434747874,23.950246470548063,15.058231270637332,14.145184233512126,13.47690591345061,13.406177568568904,13.567792488094737,14.306790905021293,14.938724075368686,15.934327786260706,17.253563139247497,18.320362714749947,20.0204216239319,22.613216843253415,24.097483125837023,16.87978166327989,16.146155022171687,15.685987122269355,15.707357670849671,16.05192200329917,16.350707171251035,17.02440283827894,17.902190508426614,19.405583371803072,20.569975887200258,22.27760997055115,23.8065770954163,25.36826996466255,18.61166440703249,18.00899247598266,17.84243088819458,18.032085292611058,18.28784528040414,18.95462837936951,20.258396234647993,21.28736305886664,21.623898353442193,23.468618919740464,25.377966053251786,27.078083628646986,21.257781375298787,20.652323113877525,20.121084115921786,19.991000625281366,20.34884529893527,20.48316791905002,21.234372747976334,21.705258003534535,23.009695021881537,23.926412267617557,25.273346632371425,27.0248154480285,28.243767808137783,22.795573890560423,22.554250441989865,22.382255762098687,22.37750477600217,22.6928602207831,23.064324507776075,23.67366469307192,24.530474944444105,25.91174258902708,27.34281596690436,28.64620379736205,30.03644016856858,24.922415974379373,24.593039747050383,24.585052898051693,24.645280805866264,24.763311733288017,25.458580655645356,26.3268004892353,26.44488839076467,27.672158300356696,28.98190595871845,30.45403804095608,31.803346522025002,26.908563488228054,26.56297605691049,26.718398155578114,27.144597123552966,28.120347170687634,29.12962576141341,29.199282611050567,29.906258559037436,31.214753466910484,32.197074960312776,33.56183347196634,29.438000815272765,28.906368710026516,29.05014087745531,29.29749991040191,29.823788977928338,30.365843722840964,31.153198230679305,32.70753767864527,32.870519922873136,34.148454869876616,35.182633173200664,31.139061723179775,31.41076033782054,31.431847304923075,32.02967881512395,32.493092265895534,33.07266800546941,34.0547453521532,35.027846351153244,35.94307902781841,37.232814478628924,33.501621990584276,33.76443343223754,34.12087374320886,34.65447393916116,35.37040255637473,35.94616092157826,37.02037255350086,37.96582371027922,39.08555666739314,36.31308129310979,36.86908755312504,37.41686050432345,38.29290781593897,39.31369598498721,39.95075585017134,41.215645342515266,39.07544841713272,39.615627270055946,40.23020050907029,39.84618850028193,42.10901424873302,44.10672658450183,41.744466998633484,42.478718118606174,43.658636900388906,44.10121700134816,44.54820968344295,44.439529812994195,45.5036425135395,45.51624951596957,47.164078120959815
C05,5.1078547356008475,3.17836719087018,2.286741130954704,3.1353373024285602,4.8914048084369375,6.901092377297959,9.140442275951422,11.20012432966706,15.251562182281525,17.852356847206476,8.818285831157889,6.770984049604607,4.684195768752626,2.3702187662745398,0.0,1.8204927904279105,4.247409798924516,6.656211009275472,8.744560423486135,10.990441528892278,13.309324926531774,15.683547111543357,17.73001364917692,7.207055570758421,5.140495793209055,3.3523939207676654,2.406932695361464,3.1466307377892306,4.949115880639693,7.189928094216242,9.020463236441907,11.13326515448186,13.479015171740107,15.706294438854762,18.08692947959935,10.063955335751444,8.158268995320025,6.4666755755952385,5.074532983437984,4.450600970655536,4.856295913553868,6.265605238123449,8.121110392058466,9.865253012467546,11.862315330490924,14.168312708293813,16.240139685359853,18.04666240610712,11.284600347376065,9.679341403215407,8.230822862873433,7.17334677817823,6.565077684231924,7.130267947279401,8.043128744462567,9.293099590556425,10.980542518473301,12.149450399092133,14.911895285308303,17.25599910176168,19.037746321453074,12.73542311821637,11.293018595574878,10.149887191491342,9.257888150112855,8.878321068760691,9.267704138566359,9.883491285977845,11.162664198120446,12.729983817743054,14.046062793537555,15.907702442527645,17.94234510870862,20.307533503604027,14.556280465833295,13.143028950740389,12.131353840359287,11.609740091836683,11.238509376247368,11.693701723577526,11.924620287455697,13.116124808799283,14.461180899221198,15.890164064602983,17.26048101878971,19.62447606943941,21.9151606199909,16.257200558521752,15.130818682411075,14.118975600233894,13.676780469101637,13.469368507840299,13.82105354160818,14.111545415013907,14.833875724165953,15.863275828151007,16.760146449240832,18.292941944914165,20.818419272365517,22.172865669552053,17.981931486912078,17.012530470215182,16.25677191203715,15.944411497449506,15.962140614591766,15.903530991575424,16.266906067227414,16.888971608715554,18.214165394000354,19.218156129035894,20.711636849848443,22.07556155571133,23.537051344635337,19.359247221935053,18.523625050189285,18.090599022696843,17.930704977774855,17.947553872324775,18.308307240157404,19.392645435834687,20.219252236420612,20.323615647812275,22.01020756376459,23.80665486791456,25.40796489292285,22.18971022794124,21.364923613249825,20.589221087743947,20.20693853605736,20.322303904823393,20.19266730771346,20.71088122219815,20.903975507065635,22.010678499310284,22.8127307659561,23.95199083583659,25.564594677013755,26.650502678186015,23.44600076772156,22.99040086644859,22.571628386095675,22.324027436822416,22.453396090569463,22.54234792562656,22.958069801270316,23.6493995695451,24.841726288645884,26.112384686198233,27.284480002374977,28.559715632337795,25.535099862737955,24.987863394055925,24.769700139484936,24.62144481950643,24.523478648022184,25.007557257757103,25.632160989662967,25.63242136435807,26.66490341253836,27.838234498617183,29.176430521912717,30.417405494223203,27.283460227764365,26.71538496821635,26.704560378332385,26.91599617327956,27.727026706807205,28.610737739527096,28.411916443633295,28.986892382592515,30.156716084481083,31.007723312104034,32.256817031443134,29.775167925638975,29.067130112895565,29.025048389279213,29.1040474161241,29.442182154181438,29.827730721595298,30.4494105197457,31.813057853655,31.8699963759019,33.032659429721974,33.912626380155224,31.309519095636073,31.400020636935892,31.23880423447735,31.674363924157973,31.98102928299838,32.4348299209353,33.26182490483647,34.095423343903505,34.8862409124285,36.07031739533214,33.48617095160329,33.60359233772485,33.81197991836621,34.19700099423925,34.76943629108761,35.20725430930393,36.154966145745455,36.97943976049394,37.988184334079456,36.02108496422616,36.438758321325935,36.84358827530239,37.588395283651046,38.49510292231987,39.010609967033325,40.163020130463295,38.670501444899834,39.084179983722315,39.563565916130464,39.08175222530331,41.21899508721677,43.10320615685102,41.24807884011084,41.85704862983056,42.9270612201674,43.26051104644974,43.62323950602477,43.86921646211612,44.80710449247976,44.67630111143938,46.2727849604927
C06,6.854630697564968,4.816897341650536,3.1586606338763272,2.408671418022807,3.4652545361055367,5.293934831484044,7.446297939244709,9.465932653468437,13.478349045784501,16.077639285666287,10.631415568963522,8.581075515341885,6.494004927623632,4.182946927705395,1.8204927904279105,0.0,2.4363070414050854,4.836859001459522,6.931314233246102,9.17600920880096,11.496225467517588,13.870041672612235,15.917642350549281,8.909423325894892,6.763350131406772,4.728633312068086,2.8408796173016553,1.9911798010224993,3.3424054212497922,5.43768333024276,7.2343531155176555,9.322055835490366,11.663152918486492,13.889832144414129,16.267409873732205,11.64472743347821,9.64512877052453,7.750262253627293,5.983492709112295,4.77179473573623,4.242793419434889,4.961797355797595,6.59154761797258,8.1795988287935,10.139249922947949,12.414290998683734,14.455491862956446,16.24263063669183,12.69447064670284,10.922299025388382,9.248253078284568,7.79944215953936,6.70654941083714,6.664728126487981,6.827769914108119,7.9690858948815455,9.50460982891986,10.520775684330506,13.271975173273946,15.53264706996203,17.291324211869952,13.981359733588146,12.361201114778451,10.958684957603262,9.71956609113802,8.9412402383562,8.885096397901377,9.10986245779814,10.044652806344278,11.367881508882823,12.578953295087791,14.332907067304943,16.332154603725744,18.624724883874126,15.628578470225628,14.035211291605124,12.790262702540554,11.953110097376332,11.238226239046801,11.305104068517018,11.253471686550778,12.190160294270129,13.277779370060342,14.54180415216764,15.806361409255453,18.046525565881097,20.28502050775399,17.16117909702011,15.893874165853962,14.64736979802176,13.937691989709057,13.453246225353938,13.493866347344634,13.504181426506385,13.991790914675649,14.770784745571238,15.520957605766469,16.909648991034675,19.37174914663103,20.62361563838892,18.79807080527148,17.66507925258191,16.699746255557297,16.14111830078697,15.90847601123376,15.571716154618283,15.683344828192741,16.09234911378696,17.261136376264453,18.128897511983457,19.44388770282322,20.673726901553092,22.054584103990717,19.89960313674622,18.897500813599667,18.267748766610516,17.841831212070133,17.672876392936153,17.789092613171704,18.689180747159572,19.348613619585254,19.26805919131452,20.820676670079674,22.52192553934943,24.04251837890532,22.84617223956784,21.862215372646936,20.908225008354965,20.337663902228297,20.266084624317543,19.93349164095443,20.26545990102371,20.238983423087237,21.182270180507093,21.889445241942518,22.860618211238297,24.35934327932508,25.340070343233066,23.881655930860404,23.266408446513616,22.662380148607518,22.230217385351857,22.215000022507315,22.08388896911049,22.345686944016737,22.903438213508466,23.942022742450146,25.082564621664986,26.14920000688358,27.33273928826015,25.929589680517505,25.21944180587667,24.841883523597804,24.534495246489175,24.270615175557456,24.58831889332819,25.020441742703103,24.929178666775204,25.805667982053865,26.868887025703167,28.099692952059105,29.25457340314502,27.48721251782363,26.751653182560513,26.613205688154142,26.65814352125819,27.338023703259896,28.120748354195698,27.71543919911788,28.186264172465282,29.24528155104683,29.993113759661565,31.15085669768971,29.938494434423383,29.09826085868363,28.913616169548906,28.86274086083995,29.05447380352981,29.317806364051183,29.809451873524946,31.021864354032626,30.997338998694712,32.06867744388596,32.82935591814132,31.338698696659375,31.289679224945726,30.988952418563617,31.298065946636385,31.483083203523762,31.838673496237245,32.54407095002099,33.268565177957406,33.96251794257899,35.0637371795991,33.364644116189815,33.369985316149005,33.46396473820758,33.73369053335256,34.19435851131002,34.52533078769847,35.37398418329493,36.10445270323315,37.02695673424971,35.67929780699166,35.98973978788955,36.284038708501015,36.9266925949238,37.74436769903557,38.166424249594044,39.231498569389366,38.23515659703776,38.551112837374745,38.92624042981804,38.37096424381332,40.40853288601308,42.20372425509388,40.7370078675398,41.24922120476943,42.23363887945248,42.48376125062375,42.78217358900784,43.29667341724997,44.13699564990803,43.89777858844341,45.45304797260575
C07,9.162043985923665,7.056979807254659,5.013528597704415,3.0370594330700875,2.209030782945317,3.2428706418850566,5.1519593360196465,7.096599537806822,11.059657544426953,13.656461950300304,13.065005510905841,11.015915259296433,8.928727792916526,6.616021840955485,4.247409798924516,2.4363070414050854,0.0,2.4215583825297293,4.497177892856809,6.74305012587034,9.062063782604932,11.436226650429765,13.483050767537739,11.311319993705421,9.13415376485419,7.008667847743964,4.793830305715879,2.7629015545256044,2.252812020564521,3.414675387207399,5.01815553764528,6.983334518695205,9.294883323635643,11.515260526796604,13.871751151170496,13.962145716185603,11.907944616935367,9.892448079216793,7.908588053502345,6.319183254187205,4.864832987883551,4.249542681277599,5.149428317784412,6.253657569774668,8.07256743545695,10.243274915767905,12.190740789632105,13.914519107752161,14.874485705394992,12.979926039850922,11.142183134377213,9.388636216192424,7.878687263751494,7.109447587541525,6.046821479091309,6.882500272430071,8.029117012474037,8.680063421427288,11.36496937963319,13.419971125155225,15.11684547119537,16.009205476849875,14.24320557318471,12.617880012109799,11.062569367014158,9.876334795864304,9.264135253762221,8.911527927353424,9.231479296407482,10.061215930492695,11.040203349576492,12.551673235071092,14.459832709958992,16.588020165167393,17.47716146861383,15.722151125084633,14.256823909973779,13.094384330696881,11.996972826509195,11.558076050969728,11.106156715984158,11.616464178053493,12.245644980971807,13.192157821978935,14.243681581669819,16.22633763361283,18.349423669423516,18.824151826842026,17.421658818838118,15.937241731240698,14.934528382242274,14.124659358724374,13.758907551110298,13.37618316262154,13.499186382889897,13.860028643549045,14.348523861359398,15.464174889078306,17.788654052513362,18.842949716007844,20.352362270753733,19.051020681317837,17.860129030888885,17.018351153974933,16.477742715554214,15.78086436162481,15.53789525643676,15.623959165333222,16.531344077237033,17.169309392051854,18.173379350027336,19.161025859801974,20.38928856041819,21.13466462946597,19.948251176481612,19.088516993208245,18.33260442490373,17.920821632949757,17.69736748784971,18.31751099358207,18.717228347167215,18.348699708698707,19.667948876280924,21.197400265126852,22.571775517225046,24.19043633339424,23.02927669294023,21.871306431029677,21.075049347510433,20.766269043812372,20.169877466162255,20.242533759388916,19.903324596659726,20.593674417160237,21.14941079557537,21.849343537049347,23.15393117809587,23.9553468144379,24.959694429219283,24.155546650821215,23.32557141850977,22.659902228385715,22.45320756595814,22.022043501909625,22.062895027625,22.420604675164316,23.219937489149277,24.151740309965245,25.045491430594847,26.07526814818977,26.94395963847927,26.038498439810237,25.46286765075764,24.9521115138579,24.46998857784776,24.55752776645076,24.71458882927248,24.49163091751956,25.130665968095634,26.019873366332895,27.0774820099654,28.091010750772213,28.256333590896045,27.312622503157765,27.009117442078704,26.83197525341733,27.328123023727773,27.965217825005407,27.267893831390793,27.583126001234888,28.470662391310814,29.05766620016136,30.0686668311051,30.642584176273385,29.63782767005706,29.26805070379645,29.04425550775919,29.035292869196272,29.126906083550995,29.43098409839535,30.41717968517134,30.272029284473152,31.201086599668287,31.775801390366226,31.863647311630853,31.63229947379735,31.14678956168677,31.28195805891952,31.29707781886354,31.51214600753176,32.03942137430075,32.60099791417434,33.147906917330396,34.11982680202231,33.68239791048138,33.53794233401924,33.47607742851602,33.585299060749776,33.88690617332896,34.063852541954205,34.76537175121244,35.35465079731379,36.14512383434313,35.690414455424865,35.851752453680696,35.99007814662257,36.485000342606554,37.171343169167294,37.455277064787545,38.387504321067816,38.10781095786007,38.28628350989425,38.512534089566216,37.85368237041146,39.740124534278955,41.399361166568745,40.49598925819692,40.870296915975544,41.72974700378616,41.85881195160704,42.062507640415355,42.96194228616765,43.66151519358897,43.266655163069856,44.75822590317896
C08,11.574981857437185,9.459956923791989,7.339574102085216,5.131865645162586,3.3979123002220053,2.6557125220927054,3.439936045917133,5.039941467914087,8.793082849604,11.371771453911656,15.465563940574556,13.413521088811843,11.327335300060646,9.018929980879106,6.656211009275472,4.836859001459522,2.4215583825297293,0.0,2.121889723807531,4.350821761460701,6.672205407509574,9.043091562071014,11.092545109216369,13.621405397388333,11.41441097910882,9.225569359123586,6.875240941232533,4.598314908746463,2.960368389238069,1.9247454377137772,2.8435203533648212,4.599612374972482,6.883748760668129,9.099609881747678,11.450411215323228,16.156866156529244,14.05504756306431,11.946160052502226,9.827280905723617,8.038269092285976,6.0877980419852955,4.4165928044138285,4.182416167719325,4.44011193552595,5.981833331011488,7.9974378397084145,9.846213485396301,11.520751928585218,16.91525347134946,14.915673132648088,12.95481570690992,10.986918630808184,9.20800228062526,7.887869420825879,5.748083593685812,6.11503270637206,6.6834482866256995,6.847853094218655,9.38600671212204,11.205944850836987,12.838095808958586,17.886853077050752,15.99693083063123,14.191216191715212,12.393185385525385,10.893720117572325,9.810559056445253,8.922641144862883,8.573003732648202,8.802814833903982,9.480930597784164,10.688650055081792,12.47541506323537,14.426895161468389,19.16396723019532,17.271253486646533,15.621418149451092,14.183834883415699,12.766096740977643,11.864732993203008,11.038685610162108,11.088418507614149,11.206062823311317,11.782581083956096,12.584991855380759,14.277298413915709,16.27355609570324,20.315276739439213,18.796266464380633,17.105728894145376,15.844727103992671,14.745342349365783,13.997770108127938,13.238124980524999,12.986484204741481,12.901128361503888,13.101319780846508,13.90870590673338,16.062655135437602,16.91240730942819,21.721882630195754,20.268484403131872,18.874294953719463,17.77298649636577,16.944615722995902,15.910749102415007,15.321023790856797,15.078379654326255,15.6988174076903,16.089184255269128,16.76011479674289,17.492431534809562,18.56039829852797,22.181581774075536,20.827755519978624,19.75499921538849,18.688257115097706,18.04476048608016,17.488031135608146,17.816,17.946705212935324,17.291139754220946,18.3562246663087,19.698126433749987,20.917832703222388,25.31899928907144,23.99079456791709,22.642560367590942,21.633243399915788,21.094771603409217,20.245950360504196,20.059968594192764,19.413003708854536,19.83970486171606,20.236325605208076,20.656631768030334,21.756614902139532,22.37626854504566,25.81632671392272,24.831156255800895,23.78528664952348,22.895613597368385,22.501498372330676,21.777198740884927,21.597151895562526,21.75079706585485,22.302736020497573,23.01839353647426,23.734445390613196,24.60712490316575,27.72210908282413,26.628427854456596,25.860549259441495,25.152391297846812,24.458138972538364,24.31602486016166,24.197880279065767,23.845908663751942,24.243116239460637,24.9529742716174,25.83299287732647,26.702823970509186,28.780013359969104,27.635511158652374,27.170095509585536,26.77355742145597,27.08312169968595,27.570726813053007,26.589015720782143,26.747948052140377,27.460498247482693,27.88635239682666,28.749300513229883,31.085932027204848,29.922949888004023,29.37107701464146,28.9767549080293,28.768441546249946,28.689062741748813,28.805400778326273,29.562429957633725,29.29963156764945,30.084653496425716,30.476248210696802,32.12063151620777,31.708617267235102,31.042056069145936,31.00364986578193,30.850322218738658,30.925222472926528,31.274066141133616,31.67296263376699,32.073841927651884,32.916309027592995,33.722652001288395,33.42979193773123,33.21347691826316,33.16316622399013,33.30620790483359,33.33076370262164,33.884959997025234,34.33419251999383,34.99378187621338,35.415961669845984,35.429006830561875,35.412899457683494,35.76060940476267,36.31580209770948,36.46430891981912,37.26488004810964,37.68601816323927,37.728312048115804,37.80760004284853,37.04994218618971,38.782734367241304,40.305660198041664,39.95332262778654,40.19110753636929,40.92582570944659,40.93693204186166,41.048474612340954,42.31935599699032,42.87951352335985,42.334755839617166,43.760890633075554
C09,13.580560702710327,11.448769060471086,9.243133018625233,6.914229747412216,4.892917330182475,3.2320583224935775,2.3252027868553746,3.1763264945531025,6.6909821401644765,9.259338745288456,17.562022320905985,15.512335349649968,13.425203946309344,11.113023800928351,8.744560423486135,6.931314233246102,4.497177892856809,2.121889723807531,0.0,2.246389547696481,4.565003943043204,6.939073785455808,8.98632989601428,15.743210504849385,13.53596756792805,11.343072687768514,8.978450757229778,6.682089792871688,4.89301921108021,2.949068497000366,2.262319164043836,2.9281820298608485,4.991579008690536,7.157603230132277,9.444960825752535,18.265894010422812,16.15540931081599,14.02617510228644,11.875813487925784,10.0381712477921,7.954664354955525,5.926977307194621,4.928476133654296,4.120717655942954,4.969901608684019,6.5579902409198505,8.13842638352157,9.657722143445628,18.98196976080196,16.950067403995774,14.949949364462743,12.908359965541711,11.035551368191804,9.479529313209596,6.80989640156148,6.760026701130699,6.684888705131896,6.19833171103322,8.374200021494591,9.75306803011237,11.240444831055399,19.89129339686085,17.954595289228884,16.076066714218374,14.175272131426613,12.533337065602282,11.202019683967709,9.989968818770155,9.123858449143103,8.748991084690852,9.042418094735499,9.804698057564037,11.373242149888483,13.022446160380161,21.07988709647184,19.12707978234001,17.39178498602142,15.815628852499035,14.22735119409091,13.041830584699374,11.967183962820995,11.640838157108792,11.275567391488554,11.435940931991562,11.91942028791669,13.195123720526459,14.983395743288634,22.127907379596472,20.55255178803839,18.756034362305908,17.35150209636042,16.080493058361114,15.080808996867509,14.051591546867565,13.494897554261017,12.998664277532518,12.897397101741111,13.338766509688966,15.248574031692275,15.822219344959164,23.462008971952937,21.927388991852176,20.4189103039315,19.160947393070103,18.145756804277966,16.88050784188675,16.028115859326697,15.510576165958504,15.856055625533104,15.996464171809968,16.30309541160819,16.72990427348585,17.587200601573862,23.726402550745025,22.273261638116676,21.066250971637075,19.790067862440495,18.98069200529844,18.16664704891907,18.241282849624362,18.1260039721942,17.201757177683913,17.988074493952933,19.108091087285512,20.137780935346377,26.901075907851716,25.471915829006658,24.00465263235442,22.854560770227025,22.153810981409045,21.120551176519992,20.728905904557532,19.827249758854606,20.01008108429349,20.251071329685253,20.387349116547743,21.25980893611229,21.671430271211914,27.21954424673565,26.114980853908357,24.92101356285494,23.870427436474614,23.33383511127136,22.377113509119088,22.009328976595356,21.978561668134702,22.29253350339526,22.787862054172614,23.314024320138298,24.010832971806703,29.06361911393693,27.842380537590532,26.938071348929196,26.084404306021636,25.227525165976942,24.897473466197326,24.542301318336065,24.077042011011237,24.24498044956935,24.774153890698265,25.467542814335268,26.180368370212058,29.936053330390767,28.6473029271518,28.05956011772102,27.490051309519234,27.642850232926417,27.999359010520223,26.76978261024919,26.78191802317377,27.32123606281385,27.58355484704609,28.288737122749048,32.17309251533026,30.895028370273426,30.203426246040365,29.673495328322883,29.299927730286296,29.07334946303917,29.021413921447728,29.561382799185832,29.18686831436357,29.82561704307222,30.02804277671124,33.061852352825,32.50909105158125,31.698085573106777,31.514047804114277,31.215531342586498,31.16518713243994,31.34860579036969,31.591424311037326,31.84780218476622,32.5566083000057,34.48607745163256,34.072831479053804,33.72753653915447,33.53956043242069,33.54103154346926,33.426139486934474,33.83955664603187,34.15170543325765,34.678942919299026,35.91139269089964,35.79595190800211,35.64257240997063,35.854543714848745,36.284907744129654,36.30286436357329,36.97107146134664,38.045973098345115,37.967186490441975,37.91244435538284,37.065382771529556,38.64633494912552,40.031561998003525,40.19904184181509,40.31230607395216,40.929212281694355,40.82845778375666,40.85063020321718,42.468185974915386,42.89823502196798,42.21296502260887,43.57242206946958
C10,15.811378339664131,13.675908196533054,11.443870761241582,9.082024278760766,6.99027739077642,5.082460919672673,3.2049851793729096,2.322003445303215,4.629569742427475,7.130472354619994,19.80728901187641,17.757014895527906,15.670000797702595,13.358389423878913,10.990441528892278,9.17600920880096,6.74305012587034,4.350821761460701,2.246389547696481,0.0,2.3215565898767143,4.694235294486206,6.742804831818877,17.961028506185272,15.745721577622284,13.536978983510316,11.146930878048899,8.833964568640742,6.945662027481613,4.700883427612303,3.158730441174112,1.8504766953409602,3.021545465486164,5.047863904663041,7.250769407449115,20.432828340687443,18.30642925313399,16.146323730187007,13.958409651532657,12.073287042061082,9.883613964537465,7.635325926245716,6.147474684779109,4.537658426986324,4.372132202941718,5.165946379899815,6.3036568751796755,7.607329689187922,21.073543840559896,18.999053792228707,16.954338677754436,14.83766292244166,12.88299483815778,11.128262847363017,8.106666700932017,7.697325834340131,7.011942740781616,5.867595930191513,7.412592798744579,8.189032299362362,9.470875038770176,21.893826367266186,19.90276629014168,17.94615716525407,15.945296297027534,14.17448651627282,12.624230233958823,11.138724567920692,9.815977434774389,8.850623085410428,8.708707424181846,8.921222449866386,10.177839702019284,11.443651252987395,22.9677436854385,20.95015124050421,19.126851936479248,17.413235253679886,15.666678524818208,14.216638456400304,12.921600907008388,12.230717272506956,11.382410728839476,11.091103506865311,11.204936858367386,11.977322739243524,13.50292775660153,23.889696293590674,22.255846714964587,20.35150267179306,18.804093623464013,17.36775348166826,16.124674818426573,14.841281379988725,13.986725206423412,13.077618017054942,12.658758627922406,12.68934237854744,14.288694831929192,14.549808280523838,25.135354085431143,23.515184243377725,21.88928596368552,20.472702044429795,19.27095721545767,17.781430679222638,16.671511629123497,15.87899408023065,15.930063967228756,15.803040846621892,15.713160662323796,15.801794233567277,16.418813751303716,25.17918386286577,23.62498529100071,22.28164993890713,20.794768669066748,19.820198813331817,18.747997573074304,18.55685064874964,18.184622569632836,16.990369154317985,17.46659766525811,18.33360425557397,19.148332172802938,28.382559169320867,26.846364260361216,25.25600938390703,23.96126227893681,23.09279517511901,21.873630151394625,21.269542778348576,20.110343930425458,20.033828116463415,20.107198810376346,19.940180189757566,20.560938743160534,20.747344986768788,28.500462189234756,27.270183736088025,25.922719784004148,24.706991561094604,24.023101985380656,22.828779314715888,22.26632345044866,22.04104019777651,22.100000090497737,22.357014581558065,22.677185186878905,23.18227654912261,30.269005963196083,28.91320009960848,27.865633637152413,26.860622070235085,25.835873354698112,25.308603379088304,24.705037542978964,24.12368068931439,24.04749311258868,24.38111000344324,24.87195732144939,25.41434197456232,30.93451743602929,29.495149380872782,28.778792886429407,28.027438645013568,28.012234487809074,28.227125907537946,26.742601163686377,26.599235797293122,26.951802054779193,27.039904215806683,27.57492429726689,33.087486758591986,31.689546541406994,30.85037285025904,30.177623912428892,29.629584016654707,29.247622484571288,29.017364870022227,29.324457113474413,28.834070125460954,29.31514260582745,29.31788507037982,33.81407649189905,33.11138639501524,32.1487437546166,31.80983472135622,31.358080952124606,31.17492590207714,31.18215087193313,31.258906762713245,31.361903418000633,31.927260609078253,35.040559185035846,34.499382153887915,34.017324248094525,33.68324574621632,33.53417726737903,33.27200037569127,33.534917086523414,33.701457327540005,34.087802217215476,36.17265460261384,35.92044550113487,35.62163412871453,35.68893981333713,35.98586794840441,35.86640245410738,36.39356186195575,38.15498375048796,37.94760097819097,37.750958411674794,36.81238196585491,38.22814728704492,39.4649489293981,40.17956407180148,40.16042610580719,40.65106985062017,40.43293045278811,40.361356493557054,42.339386887388905,42.63078946020118,41.79959523727473,43.08568241307082
C11,18.099856629266434,15.961105851412675,13.703845920032814,11.319341411937357,9.18967970062069,7.17815254783569,5.010399684655906,3.219941769659818,2.689777128313794,4.960397262316799,22.12701093686176,20.077290479544295,17.99017787571874,15.67800921673412,13.309324926531774,11.496225467517588,9.062063782604932,6.672205407509574,4.565003943043204,2.3215565898767143,0.0,2.374304108575816,4.421570083126581,20.276398102227134,18.05801077084627,15.84277516724895,13.442489836336124,11.125691214481913,9.20157519123764,6.8750272726731785,5.131416276234076,3.0534028558315067,2.016003968250063,3.1960921451047057,5.098387195966976,22.720653797811366,20.585888297569284,18.409008800041352,16.20167969687094,14.293070523858756,12.052236307009583,9.706627478171807,7.9885730891067155,6.022560003852183,5.040452856638974,4.686089734522803,4.938036553125138,5.756472009833801,23.312542225162833,21.21161285711202,19.140324579275035,16.97898188938312,14.978920555233612,13.106099686787065,9.912303970318908,9.271992773940239,8.161027876438114,6.546695120440542,7.227823808035168,7.131137707266632,8.038785293811497,24.069332936332074,22.042435006142128,20.034280421317856,17.968862763124438,16.115682827606157,14.42046580384975,12.754936691336418,11.110203328472437,9.678462377878006,9.122861941298902,8.716227681743979,9.520829060538794,10.228298441089798,25.055852509942664,22.993641990776492,21.109170045267057,19.298059410210136,17.441332546568795,15.797783198917498,14.345097594648841,13.360977509149546,12.099443334302617,11.370360240555266,11.079029063956822,11.223056847401248,12.369530023408327,25.877173029525462,24.2015848241391,22.21865671007138,20.56468336736552,19.004410698572055,17.571675304307213,16.089283016965048,14.986760724052413,13.713550160334123,12.990940112247458,12.582562735786379,13.782856924455103,13.660500210460816,27.048028578807735,25.36292224882614,23.646909417511626,22.10572966450101,20.754337787556604,19.084990751897156,17.76014034291396,16.727160787174853,16.494258789045357,16.10124606979224,15.593509964084417,15.299902483349362,15.621755343110454,26.90772166126296,25.27412718572097,23.820869610490714,22.16034902703475,21.047373612876264,19.75163810928096,19.31253740449452,18.694898582233602,17.247325850693493,17.388121491409013,17.962841924372658,18.52148077233567,30.124745476103193,28.501357669416382,26.810527503202916,25.39521933356749,24.382365635844277,23.003451067176854,22.20740743535814,20.81487780410925,20.48374169921111,20.38632848258852,19.904392505173323,20.244148710182902,20.175917054746236,30.067514197219563,28.73051454464399,27.251591990193894,25.892401143965,25.076789946083608,23.667632750235075,22.922154458078325,22.5067149535422,22.305769410625583,22.310251813908334,22.405159517396882,22.693605729367906,31.762518114910222,30.290487038012444,29.116829377526667,27.977019730485946,26.800801051461132,26.088413711837674,25.246044145568625,24.553558703373323,24.229011123031828,24.35500051324163,24.624702556579237,24.976181313403377,32.237543392758695,30.664788471470008,29.83135338867481,28.911100843793548,28.733305344147233,28.807480833977827,27.076962939000378,26.77519598434342,26.93011008146829,26.8319948009834,27.1786207339519,34.3046076351268,32.799654647572126,31.824238561197344,31.017551966588208,30.302292718538645,29.76856775190906,29.360089049592474,29.425816216377076,28.817187666391042,29.127885625290414,28.914639371778442,34.87587251955139,34.03259135005737,32.92723037244402,32.43780911220732,31.83564316925292,31.519330100749286,31.345925062119317,31.249207941962304,31.189290485677933,31.597645244543145,35.90801098640803,35.24421972465839,34.62928621845966,34.15076322719596,33.8500010339734,33.43792867388768,33.543037265578675,33.55521540684846,33.78919006131991,36.747550067997736,36.35920914981513,35.91400385643461,35.83232130353824,35.989156102915224,35.72540972473234,36.100008864264844,38.56976017555723,38.23238999853397,37.89055061621565,36.86048508904895,38.09747616312661,39.17203478248226,40.45682975716214,40.301591159655224,40.659407337048094,40.318712901083536,40.14805989085898,42.49765613536822,42.64427446914767,41.66229610811195,42.86691537771292
C12,20.462546517967894,18.322623502107987,16.05293558823432,13.65876165689994,11.514188855494771,9.463426546447117,7.211990363276978,5.212650477444272,2.0862581335970867,3.07843742830677,24.501073466278985,22.451109126277036,20.36404331168052,18.05208378553567,15.683547111543357,13.870041672612235,11.436226650429765,9.043091562071014,6.939073785455808,4.694235294486206,2.374304108575816,0.0,2.0498999975608565,22.63506748388438,20.412908391505606,18.1905685727522,15.780845382931803,13.462679710963936,11.51270402642229,9.144122921308528,7.3247135780179145,5.1017942922073996,3.0869700354878726,2.273707325053073,3.069406457281277,25.045694260690798,22.9029159933839,20.710466363652944,18.486962027331586,16.56042212626236,14.283199921586199,11.877570669122537,10.023897246081486,7.901830231028758,6.471595243832852,5.206047348997125,4.328518568748436,4.245593715842344,25.5861455674746,23.461031520374377,21.367320959820862,19.169705735873986,17.136487884044385,15.175203359428169,11.883673253670347,11.084189190012951,9.691408979090708,7.820142517882906,7.669474101918592,6.615054421544844,6.960473618942895,26.279205543547164,24.22069431292175,22.168501618287152,20.050940750997196,18.133946647103603,16.327070098459185,14.530588769901927,12.65236080737504,10.878202516960235,9.986893911522241,9.013692528592264,9.285836203595236,9.304124945420714,27.179664990577052,25.079081402635143,23.14276396630273,21.249796916676637,19.305168971029495,17.50552307130524,15.93374347101145,14.71117398442422,13.113297258889542,12.002623879802282,11.32507063995629,10.793518842342381,11.462539901784421,27.903024710593655,26.191929520369438,24.141956217340798,22.39726523484508,20.7338176417176,19.14209458235958,17.498067664745154,16.188927852084582,14.608134240894694,13.618026325426163,12.789330905094294,13.535017879559671,12.995590405980021,28.999718102078166,27.25740187545394,25.462678904624315,23.812686114758243,22.33121270777743,20.50993944408418,19.001490388914235,17.759592450278806,17.261737600832657,16.6182858622663,15.702852129469983,15.016808715569363,15.011666929425258,28.684163174127985,26.981275822317965,25.431168769838322,23.617768247656254,22.383656359049116,20.8902855892398,20.22076321507178,19.374626835116075,17.701892695415367,17.502970633581032,17.76500813396943,18.042981183828797,31.9048342731944,30.202273705799037,28.42153980698442,26.897943136976107,25.75352096316152,24.232085939926836,23.259294679761894,21.65608353327074,21.080486000090225,20.81526922718032,20.02256119980658,20.068004210683235,19.732729790882964,31.678680812180293,30.24357138302287,28.644684567996205,27.154910292615586,26.21768796061163,24.611485123819733,23.69446266535707,23.096264329973366,22.63856163717121,22.3871795454452,22.249129803208035,22.308105813806783,33.29700780851036,31.717269633434718,30.426253482806587,29.161287025781288,27.84463878379463,26.956276634579933,25.885204519184313,25.088294182745862,24.51800228403611,24.43212332156172,24.472,24.621698337035973,33.58487808523354,31.888085862904973,30.944095801945807,29.86317705804257,29.526307794914015,29.460597414173392,27.496122963065176,27.03708638148719,26.989921693106112,26.701377586184574,26.85006303530776,35.56060355224585,33.955927862451354,32.850572841276296,31.915589200263874,31.038487205403552,30.35673437641144,29.772214848747815,29.59353476690475,28.868386532676187,29.002220139154865,28.566749237531386,35.97682659713055,34.9976759514114,33.75547629644707,33.118554618219676,32.36901740862704,31.92058736928254,31.565532626584965,31.29271674048132,31.06607662708634,31.310058655326724,36.81260383346986,36.0292331308897,35.28409998852174,34.66283255880858,34.210620134689165,33.64872006481078,33.59257062208845,33.446534005783015,33.52235494412646,37.3566542934455,36.832908139325625,36.24167861730469,36.009157862965914,36.02246833574846,35.61204094123222,35.8279436194711,39.01084167254022,38.54317870907899,38.05514201786665,36.9359137561263,37.98500064499144,38.888646890834345,40.752129392217036,40.45904015173865,40.680099618855415,40.21506625631742,39.943231479188064,42.66542653015436,42.66384976768974,41.53051448031916,42.64770392412703
C13,22.487962735650378,20.347138226296103,18.06514115638181,15.663553747473783,13.508939447639849,11.434002798670289,9.143878881525062,7.076632320532133,3.2185774808135346,2.200027499828127,26.548045219940395,24.498653942614887,22.411508695310985,20.09907254079153,17.73001364917692,15.917642350549281,13.483050767537739,11.092545109216369,8.98632989601428,6.742804831818877,4.421570083126581,2.0498999975608565,0.0,24.683505302124335,22.46037749014918,20.235916114670964,17.823159792808905,15.505053144055973,13.546279932143733,11.164274539798813,9.32220451395484,7.073409715264626,4.885228551460004,3.244286208089539,2.1864020673243063,27.080801631414086,24.934591013289147,22.735128084090487,20.504493580676407,18.570193671580274,16.277099557353576,13.846462544635724,11.933804841709117,9.758245590268777,8.148828688836206,6.474466232825684,4.914871819284812,3.889612834203425,27.59455629286327,25.456853104812463,23.351785734714166,21.135623388014842,19.086444430537604,17.07935493512562,13.747698280075832,12.866283534882946,11.332702502051308,9.362968172540159,8.694451621580281,6.969903657870746,6.741323089720593,28.250535605542066,26.174443279657353,24.09760772358949,21.951395969277215,19.999645121851536,18.130439928473884,16.262936512204675,14.256610817441851,12.293595080366035,11.20358871076585,9.864969589410807,9.7009947943497,9.08889525740065,29.09725143376948,26.974418585022367,25.007737722552992,23.06601684296619,21.070292475426154,19.177000078218697,17.53716661835657,16.167356803138848,14.361406790422727,13.000986501031374,12.050036721935747,10.975594790260798,11.177491892191199,29.75647092650605,28.02416917590957,25.933339931447318,24.132395239594434,22.405200289218573,20.713076183898906,18.968846512110325,17.527658856789746,15.747468367963151,14.57749199965481,13.442842296181265,13.793453555944573,12.895351875772914,30.80223011406804,29.023723210504887,27.178838624930243,25.458381134706894,23.891772830830284,21.972521794277505,20.34334163799055,18.96098947840012,18.271716531295027,17.44449876035422,16.2173729376863,15.212610887023962,14.916249729741052,30.36644083523784,28.618598725304494,27.00438010767883,25.088573195779787,23.772953245232284,22.144219516614264,21.307984536318774,20.294873367429517,18.464802327671965,17.994205094974326,17.988907026275943,18.016746432139186,33.58412601215045,31.82823848408831,29.987088238106747,28.389660811640567,27.153381004950376,25.533497703996606,24.433885098362886,22.681179687132676,21.920325727506878,21.52415798585394,20.485769231346914,20.281886721900406,19.716794490991685,33.237112991353506,31.733626644302728,30.05085955509426,28.469145210209597,27.444475218156384,25.69635651215946,24.652269124768214,23.914523202439142,23.25389552311612,22.79316533524907,22.45856836488025,22.317091768418212,34.79608243753886,33.14006314115892,31.764801667883905,30.409434144686085,28.990714254740258,27.970350730729137,26.72493713743776,25.849400553978036,25.083336660021928,24.82197679476798,24.66608542107969,24.639117212270413,34.94371820513667,33.15733478432789,32.13170603936243,30.9303898779178,30.470149753488247,30.293498477396103,28.149660104519914,27.563992199969874,27.34820537073685,26.899215992292415,26.875107460250273,36.84552820899709,35.16822157857858,33.965428570827726,32.933144641834616,31.931187293929426,31.13355450314018,30.4085541418858,30.028299086028834,29.208783490587212,29.191024665126093,28.564769979819545,37.141205823182425,36.05841982117353,34.71184089039359,33.95924289497633,33.09332842129967,32.538644716705704,32.034559151016886,31.61475366027703,31.24672912482201,31.347092129893003,37.820753892538946,36.94432202653068,36.09676010392069,35.361538668445974,34.786398548858145,34.101901706503114,33.91004035680288,33.62941749421182,33.56800251727826,38.126122934282215,37.4932495790909,36.783224668318574,36.425384829813396,36.31725244288174,35.78273385307501,35.86038351719067,39.638073742299845,39.06366118274118,38.45453965398624,37.26343173944129,38.14858366964624,38.9013092967319,41.253670866966495,40.84557493780691,40.949994151403736,40.37969014244661,40.021182953530996,43.055070653756914,42.927695593870396,41.66734775576674,42.706011988946
D02,4.847458096776082,6.0045972387829645,8.045800457381478,10.105248636228602,12.069875765723523,14.107560597069927,16.338131625127765,18.374962993160015,22.370238018402933,24.96533366490422,2.914289793414512,2.0258689493646918,2.989478215341266,4.974172996589483,7.207055570758421,8.909423325894892,11.311319993705421,13.621405397388333,15.743210504849385,17.961028506185272,20.276398102227134,22.63506748388438,24.683505302124335,0.0,2.2362148823402457,4.488407846887357,6.924366035963148,9.218156269016056,11.233306636961354,13.660337331120342,15.561594294930066,17.803089984606604,20.168333595019693,22.377676487964518,24.80801580134937,3.1559526295557734,2.287735343084947,3.323012639157426,5.134493645920696,6.912490795653908,9.169920392238964,11.601526149606352,13.761866297853645,15.899155858095108,17.961117030964417,20.35387346428193,22.581775771626113,24.53093871012685,5.039597702198064,4.686649122774181,5.111867075736614,6.4615442426714065,7.942624566224945,10.035365514020901,12.778563690806568,14.146140463037966,16.146685851901623,17.813894155967134,20.491959911145642,23.183495098884464,25.065219827482064,7.065168929332121,6.738016696328379,7.1721154480390235,8.123115966179482,9.406641536701608,11.183499005230876,12.90755786351547,15.085857019075847,17.328475351282354,18.94276141432394,21.151814508452933,23.269404332728417,25.937028684874452,9.434882140228355,9.024186389919038,9.256165296709,10.192631897601327,11.259203923901547,13.02776918739352,14.20814727541913,16.113821396552712,18.245965937707986,20.197063251869068,21.92147542935922,24.742850704799558,27.228176306906786,11.669849184972358,11.270006388640603,11.405619755190859,12.143643357740707,13.069071045793576,14.542454435204535,15.826486786397036,17.321093181436325,19.18436577007434,20.57898901792797,22.605409197800427,25.29525807340182,27.07802359848296,13.599650363152723,13.392427449868824,13.586885331083058,14.314532056619944,15.322601378356092,16.348563484294267,17.627897010137087,18.995914613410957,20.81234684027729,22.284213358339578,24.424511479249695,26.30797308802029,28.08816362811923,15.979148068654975,15.888011360771367,16.28794931843785,17.200093633466068,17.94298971743561,19.21896417604237,20.929191025933136,22.354044846514913,23.188727282884674,25.3368896473107,27.464673054671522,29.369439388588948,18.158082773244537,18.010000027762356,17.998405068227573,18.396095373747112,19.243659371335795,19.92548601665716,21.136551303370187,22.18085665613481,23.86761274195641,25.008167565817374,26.78442653856901,28.81736110402894,30.329223745424148,20.209041590337726,20.4078201187682,20.747769470475614,21.247162186983935,21.94027315235615,22.895128739537586,23.897559477904853,25.08556895906489,26.844040772581163,28.60112906862245,30.178891116142754,31.81424518985167,22.354100406860482,22.469714662184742,22.89013903409064,23.378722484344607,23.943817260411926,25.064158673292827,26.429262891726662,26.79912545214862,28.424074373671345,30.010836209609355,31.760609691880916,33.33975130381149,24.767864098464365,24.881355348935475,25.37460472598539,26.236765806783428,27.53557880270542,28.788933012531047,29.43554562089855,30.417406858573596,32.00998102155014,33.27289084224573,34.883699703443156,27.32061904496309,27.15497142329559,27.675990750106852,28.267009498707147,29.177093755204613,30.04067925330584,31.169368633323327,33.11353590301102,33.50941731812119,35.02743337728302,36.40127604906179,29.325618083852895,29.961298136095504,30.358574735978628,31.285352802869266,32.07295408907636,32.91252955942463,34.2158984391759,35.48234734343262,36.66377974241063,38.17771152125282,32.026856932893054,32.58478000539516,33.24416303653921,34.08309723308608,35.095131428732394,35.96151479011973,37.29911415838183,38.50228181549763,39.86006559201828,35.36893625768239,36.208562219453015,37.053931734702594,38.202558683941575,39.46098514989204,40.36070589075469,41.865694022672066,38.33340308399451,39.13608060345338,40.034797089532006,39.86834705628012,42.38444179177072,44.617904713242645,41.16667314709801,42.16213478940553,43.569363605634635,44.24801539052345,44.87865578423668,43.993486256490286,45.321105822784155,45.64877195500444,47.397148627317236
D03,4.352174743734447,4.684115391405298,6.340345889618326,8.171983908452097,10.031900418166042,12.019587555319859,14.209386545519832,16.2201893947019,20.182754024166275,22.773813909839518,4.73347927005073,2.973419916527096,2.08392250335755,3.1328740798187216,5.140495793209055,6.763350131406772,9.13415376485419,11.41441097910882,13.53596756792805,15.745721577622284,18.05801077084627,20.412908391505606,22.46037749014918,2.2362148823402457,0.0,2.252988237874313,4.6884001535705115,6.9832435157310675,8.997150271058054,11.4241849162205,13.325413689638308,15.567669703587624,17.93260251608784,20.14150763969768,22.572077108675664,4.9250009137054995,3.1357965495229436,2.3523949498330423,3.274237010358291,4.833549420456979,7.008324264758302,9.403176165530452,11.559062461981942,13.679146318392826,15.742042815340074,18.13337745705416,20.354567890279565,22.298427859380578,6.3107002780990955,5.130885790972159,4.562007014461946,5.104312392477561,6.169307902836428,8.095569776118294,10.652152129968854,12.023713777365128,14.00579326564547,15.62924879832681,18.325838589270614,20.988239039995708,22.86362337863358,8.027902901754604,7.074662536121423,6.783000294854777,7.090729863702326,7.957729324373882,9.487986561963503,11.044145824825025,13.108524897943324,15.27215390833919,16.855678835336178,19.028926244010723,21.143360967452644,23.779477580468413,10.161928261899904,9.25298508590606,8.955014293679268,9.39074320807464,10.051590321934135,11.534679406034657,12.527311363576782,14.321796709910387,16.332461235221103,18.20980771452571,19.887155502987348,22.65071424922402,25.115140971135318,12.189483541151365,11.456932268281943,11.12867975098574,11.463020413486142,12.054346643431158,13.250178338422469,14.311608470049759,15.655581816080806,17.36886988263773,18.681082677403896,20.632887388826607,23.30779002822876,25.025954786980655,14.06338611430405,13.529558825031952,13.35627687643529,13.730639642784308,14.442130729224132,15.172875963376226,16.233374017745046,17.44068590967683,19.16654966341099,20.550476588147536,22.573858022057284,24.36841999391836,26.098548254644356,16.06771894202783,15.69305355882022,15.805635703760858,16.386078237333056,16.924338244079145,17.965923215910728,19.536441282894895,20.830256503461495,21.50566809006407,23.57008005926157,25.641204359389988,27.49375734598674,18.535330291095438,18.117632571613765,17.821084871578385,17.951928754314952,18.571754494392824,19.01389355182152,20.04103255822913,20.86813899225324,22.424672684344806,23.492496333936078,25.133441666433193,27.0849546796741,28.513873816091703,20.297036951239953,20.25803378909217,20.339032744946355,20.600590768227985,21.127206748645218,21.83957153883748,22.690585272310628,23.758547956472423,25.38804017642953,27.03935585401398,28.531849782304686,30.09434262448675,22.44148252678508,22.318181467135712,22.522846756127432,22.80752213634791,23.171418342432126,24.11340558693442,25.28184811282593,25.55534938129393,27.038446793408824,28.532040813793884,30.192045525270395,31.699600155207005,24.635001298964852,24.516497241653425,24.848976236456906,25.514281745720375,26.67646650139407,27.830976213564625,28.247173752430523,29.127269714135583,30.619998595689058,31.786874272252692,33.31755552257699,27.18449469826504,26.833186392972415,27.17364430841031,27.607642076062927,28.350734893473224,29.08054512900334,30.073423815721416,31.871005020237437,32.180564631466616,33.61500929644376,34.87321202585159,29.041539645824564,29.50214610837659,29.72557224007639,30.508286497278082,31.15890282086325,31.892931646369544,33.070981857211315,34.22731599176307,35.31226090184541,36.748433898603075,31.58556594395611,32.00681716447294,32.530965017964036,33.23878854591424,34.12853259371109,34.87863593949741,36.115471532294855,37.22281303179543,38.495176321196396,34.69101458591259,35.40773724766947,36.12830538511321,37.16710627692181,38.33305925699122,39.13260370841685,40.54993860661197,37.57251507418688,38.26382657288735,39.04575153585854,38.79086049574049,41.21158915887617,43.35831742584114,40.34001741447319,41.22690350972287,42.543085407619415,43.12841918039659,43.688385023939716,43.11543169214475,44.335470246744876,44.53686663877467,46.24815612540677
D04,5.020213640872269,4.307753590910233,5.136979852014217,6.487713387627416,8.134403112705934,10.02239158085534,12.138338024622646,14.104513462009244,18.013509707994164,20.59685034173915,6.847203954900131,4.90555216056256,3.190759314019157,2.296,3.3523939207676654,4.728633312068086,7.008667847743964,9.225569359123586,11.343072687768514,13.536978983510316,15.84277516724895,18.1905685727522,20.235916114670964,4.488407846887357,2.252988237874313,0.0,2.436237262665523,4.740064345554815,6.747303535487343,9.17414175822458,11.075005462752602,13.320442635288064,15.684205207787866,17.891020373360487,20.32275347978221,6.953848574710266,4.918006100036884,3.114447944660498,2.168215856412825,2.9203540881201375,4.86527748437846,7.191430038594549,9.338016545284122,11.437625627725364,13.500839233173618,15.890358649193542,18.105684024637124,20.04608722419415,7.980253755363923,6.327162476181562,4.979305172411107,4.426704982263897,4.717660861062397,6.283366772678481,8.53260013126128,9.902694835245606,11.85516499252541,13.424698804814952,16.139264543342737,18.769060978109692,20.637541181061273,9.383207394063076,7.981245642128803,7.035793700784582,6.59119731156639,6.855185774287959,7.981829426892058,9.275287866152727,11.167042625511913,13.220178402729669,14.761951259911408,16.889736350813767,18.997944757262562,21.59798532271008,11.23203463313749,9.92009642090237,9.124838464323629,8.997016060894858,9.150005464479241,10.231931440348884,10.96864157496269,12.600524790658524,14.447511965733062,16.228816993237675,17.846852103382265,20.54071595636335,22.97989212333252,13.008349664734569,11.98907023083942,11.215537124899548,11.110214264360522,11.307543720897126,12.149119885818891,12.926428934551105,14.07303471181678,15.593883961348435,16.80232061353431,18.661036680742043,21.312529460390195,22.95665944775067,14.782338279176269,13.950113476240974,13.415680974143653,13.411418903307732,13.783588212073083,14.168551407959812,14.961698967697487,15.96935443278782,17.576459085947885,18.851353797539314,20.733716357662463,22.424028741508515,24.095779236206493,16.383866332462553,15.732851299112948,15.546494524490079,15.762047709609307,16.067308081940794,16.8335256259644,18.23078654364644,19.367065704437522,19.858955964501256,21.82026420554985,23.82190876063461,25.612745362416735,19.09304179537666,18.417924367311315,17.84054511499018,17.695000706414227,18.066174830328638,18.245294187817308,19.060351570734472,19.64036051094786,21.04116767197106,22.02219870948403,23.50609355039667,25.361534851029816,26.69633180794695,20.548524740233788,20.27142158310561,20.086284997480245,20.096306128241576,20.440585926044292,20.885327505212842,21.56476311022219,22.494261868307657,23.973703009756335,25.502462959486873,26.89714929132825,28.37653357970279,22.668935969736204,22.306824157642883,22.289058347090396,22.359580541682796,22.50869360935903,23.2534570548123,24.203003615254037,24.37090745130349,25.69295142641265,27.079628228614958,28.63724960606378,30.063767994048916,24.621290075867265,24.26716301919118,24.43089519440497,24.88567686441339,25.89620491500637,26.93939941795288,27.108287017072843,27.8755255555837,29.255628962645805,30.31599742710109,31.756987420093864,27.148259981074293,26.610400523103745,26.76281922742819,27.031032481205745,27.5949984779851,28.1800391944369,29.02452976363269,30.659408425473575,30.876155330610707,32.21736863867066,33.3495088569532,28.84306663654196,29.121601484121715,29.16411193573362,29.792822038202424,30.296994520909163,30.916948248493092,31.95842876300398,32.99466872087065,33.97453331541141,35.325014281667315,31.21236248668146,31.490856403089452,31.87258874016982,32.44099412780071,33.19956483148537,33.82520795205848,34.95242595300075,35.95606755472573,37.13564417106562,34.06025650226375,34.646928882658564,35.23520095018616,36.15619898440653,37.222288430455215,37.9150582882316,39.23753913027676,36.84571330562078,37.41950641042717,38.07787106706466,37.73154566142235,40.04698511748419,42.099005427682016,39.53697910817163,40.30918015787471,41.527870159689144,42.01510581921697,42.50053319665531,42.25227040053588,43.358433850866895,43.42869385556052,45.09838020372794
D05,6.5263794710390535,5.053218875132958,4.691934569023742,5.094141438947293,6.281070131753029,7.960602050096463,9.942335842245525,11.835538686515287,15.66625571092212,18.2374932487993,9.186699625001353,7.181869533763475,5.246884122981943,3.3709043297014527,2.406932695361464,2.8408796173016553,4.793830305715879,6.875240941232533,8.978450757229778,11.146930878048899,13.442489836336124,15.780845382931803,17.823159792808905,6.924366035963148,4.6884001535705115,2.436237262665523,0.0,2.318179026736287,4.312113750818733,6.738536116991583,8.639117200269943,10.886564380005291,13.249329228304353,15.455001585247413,17.887221053031126,9.288827374862771,7.179814203724216,5.103961794527855,3.164121995119657,2.0680986436821627,2.814999289520337,4.874723581906978,6.984592829936474,9.035153789504637,11.09708430174341,13.481489902826022,15.68394752605351,17.615323357804137,10.087285958076135,8.19361708892965,6.430352089893678,4.984487235413488,4.164632036566976,4.8492855143825055,6.3934989637912665,7.739689464054743,9.621265665181477,11.089521630800853,13.828291579222649,16.40082491827774,18.25653006460976,11.234987360918568,9.545481548879554,8.120132080206577,6.977282708906096,6.47563124336153,6.9192402039530325,7.730264225755805,9.290676024918746,11.139553357293998,12.604289785624575,14.652114181919277,16.745223945949483,19.286331792230474,12.807408559111401,11.194335397869763,9.981824933347609,9.283691614869593,8.833713828283097,9.332045059899787,9.680016632217116,11.031874591382918,12.60933439956289,14.232791890560335,15.754348796443475,18.33705276209893,20.734711235028087,14.320338857722607,13.065757574668222,11.888542930065062,11.326096635646369,11.065031631224558,11.437690413715524,11.81953218194358,12.671333394714228,13.900335427607493,14.949567284707607,16.66329769283379,19.270045251633427,20.80557408484563,15.963717643456365,14.865219339115047,13.984220965073456,13.578403035703426,13.55666227358342,13.51742050096837,13.95548265019881,14.68439583367324,16.11199435203476,17.22828279312828,18.907049531854515,20.447571616209096,22.03406474075993,17.142614036371466,16.222233939874002,15.721823812776938,15.524272607758471,15.550236171839964,15.967210182120107,17.126234203700474,18.048254264609636,18.296796003672338,20.108005221801587,22.007516647727428,23.709942070785413,20.04918454700839,19.12592925847003,18.267742115543452,17.828892338000138,17.91788282694136,17.792241567604684,18.3438304069788,18.615128820397672,19.806666276786714,20.669684080798138,21.943084787695643,23.665258460452108,24.872953664573092,21.177085375471293,20.65522677193354,20.18680125725718,19.91802570537552,20.050253988416205,20.17665306734494,20.64274332544006,21.394418080424625,22.67664349060504,24.04265195439139,25.307158591987363,26.675288527024406,23.2483988695996,22.639422254112404,22.38243172669136,22.216040376268676,22.120973305892306,22.630253666276037,23.31280892556708,23.3525709505399,24.469297844441716,25.716391134838496,27.139754328291183,28.45974606351926,24.9278741371983,24.322867943562905,24.29918525383104,24.513368291607744,25.341961348719636,26.248461764453932,26.12510771269661,26.752472726834057,27.98914879020082,28.91494686144175,30.240390242190987,27.40959029245056,26.67447986371993,26.619003681580573,26.69981964358561,27.056128418530246,27.470236347727337,28.136133707387728,29.56978926201538,29.674530021552155,30.897824162875935,31.872828569174715,28.917096759529645,28.99418295106796,28.834875567617768,29.285480856560987,29.618928626808906,30.103354049009223,30.97987212691492,31.86965377910466,32.72049648156336,33.96362009562585,31.08002574001508,31.198433117706408,31.418054443265582,31.82502763549468,32.42920728294172,32.907610441963115,33.901943366125785,34.77964304014635,35.84526233688352,33.62581676331446,34.062670197739926,34.49722983081395,35.2786955682888,36.22488205639875,36.790371199540786,37.99715922276296,36.29079063619309,36.7288063514185,37.24313312545012,36.79227823878266,38.977971073415304,40.913777263899746,38.88578003589487,39.52470206086315,40.62781672696676,41.00034693755652,41.39786528312782,41.52422668756156,42.497242098752714,42.41626265950361,44.03381324618616
D06,8.167681739637018,6.321342341623336,5.049224098809638,4.289156677017057,4.688212025922035,6.005204825815685,7.7980266734604085,9.608740292046612,13.373071823631248,15.936106739100364,11.358893608094057,9.321147139703353,7.29634737385769,5.137545133621699,3.1466307377892306,1.9911798010224993,2.7629015545256044,4.598314908746463,6.682089792871688,8.833964568640742,11.125691214481913,13.462679710963936,15.505053144055973,9.218156269016056,6.9832435157310675,4.740064345554815,2.318179026736287,0.0,2.0289645142288713,4.44958571105221,6.3502645614178945,8.585151483812037,10.951041092060608,13.163890002579025,15.591446533275864,11.598864082314266,9.476643393100746,7.348522572599202,5.245128215782718,3.5634087612846215,2.342469850392957,3.1226155703192155,5.012416283590181,6.89644966631382,8.941224189114152,11.30321087125247,13.465991088664806,15.365483949423785,12.317474578824994,10.337772729171405,8.430945973021059,6.626467007387873,5.163938225811769,4.755346464769944,4.934138729302207,6.1538089830608165,7.8408000229568415,9.089174660000765,11.851831672783748,14.303754052695398,16.129110700841508,13.335905855996435,11.516044459796081,9.856370579478025,8.324172991955416,7.264876736738209,6.978086915480489,7.119187102471742,8.113919213302534,9.58770467838888,10.90217891065818,12.796654093941902,14.850498207130965,17.28281655286545,14.73544800811974,12.96056252637207,11.504409285139328,10.417576301616418,9.48594971523674,9.379036037887904,9.267668099365665,10.210946332245607,11.381710591998024,12.752176010391324,14.11446350379638,16.510667400199182,18.833479338667086,16.06129624283171,14.664824615384937,13.222525817709716,12.319198553477413,11.671856621806148,11.578205905925149,11.523053458176786,12.003984671766288,12.837538276476531,13.657254189623917,15.149943894285549,17.67184817725639,19.0445653402749,17.594378789829438,16.31776773949182,15.188255791893946,14.463410420782505,14.093889810836469,13.648000036635406,13.703167298110317,14.10237302726034,15.290884604887973,16.19736676129796,17.599946931738174,18.93107226228879,20.392591620488062,18.44297031391636,17.321099849605396,16.566379990812717,16.003356210495348,15.76241393315123,15.816700066701651,16.698356925158834,17.365959576136298,17.325794238648914,18.93371986694638,20.690087795850456,22.269546582721436,21.471027572056258,20.36202003731457,19.28464363165677,18.601017176487957,18.435083536561475,18.023641197050054,18.30469688358701,18.249372728946057,19.195649012211074,19.915710431716967,20.932520345147164,22.481931945453443,23.52631093053052,22.32767343455202,21.606516355025864,20.897009762164537,20.378296150561752,20.30839493903937,20.119001590536246,20.359141484846553,20.912541906712345,21.96495485995817,23.135120163941227,24.239649873708984,25.467905763921774,24.340144946158393,23.526812491283216,23.061854305324193,22.681310896859554,22.35661839366589,22.629681504608058,23.03334769415857,22.93805091981444,23.8233347161979,24.90619330608353,26.16829411711814,27.358067548714036,25.77320455434287,24.950290839988217,24.75513785055539,24.740126131448882,25.384324946706776,26.147265115112898,25.72432251780404,26.19849852567891,27.271444992885876,28.042771795954835,29.230981167247876,28.19744332381927,27.290907533462494,27.044748048373457,26.94799868264803,27.1001379516784,27.340948282749814,27.81992181872552,29.033699471476243,29.017704285487508,30.105982461962604,30.90147422049634,29.527603102859537,29.418896053387183,29.070000429996558,29.345235132811595,29.507375433948713,29.851755409020758,30.55298900271461,31.28368408611748,31.99177125449605,33.112252052676816,31.487849624894995,31.454544043746683,31.516817494791567,31.76284776275578,32.208941382789966,32.53426693503329,33.38545878073267,34.12584691989343,35.06448747664793,33.732775589921445,34.02076731938891,34.29984402296897,34.93597522611899,35.754339848471545,36.18394927312385,37.263007031102575,36.268083227543194,36.56948413636704,36.93629132709455,36.379874711164135,38.422661971810335,40.229646779458555,38.757780651115716,39.260698223541574,40.24245979062413,40.49534285569145,40.79970519501336,41.31061316417369,42.145972096986924,41.90954168205613,43.468393126500544
D07,10.052089931949475,8.099992716046108,6.472165402707196,5.002535357196389,4.453036379819954,5.037924175689825,6.377468541670747,7.973614550503429,11.544225786080242,14.075030266397299,13.384266322813515,11.343401826612686,9.307185718572505,7.106604885597623,4.949115880639693,3.3424054212497922,2.252812020564521,2.960368389238069,4.89301921108021,6.945662027481613,9.20157519123764,11.51270402642229,13.546279932143733,11.233306636961354,8.997150271058054,6.747303535487343,4.312113750818733,2.0289645142288713,0.0,2.4270348163963367,4.328324502622233,6.574964714734216,8.937215785690753,11.144371539032607,13.57545380456948,13.534530098972775,11.390269575387581,9.207630368341247,7.012995151859155,5.147295309189089,3.1283020953865694,1.9973094402220204,3.254282409379985,4.925560374211242,6.948632455382858,9.294484439709391,11.442003539590432,13.336566424683678,14.128108188996855,12.06737892004722,10.056948891189613,8.038801154401071,6.250100559191028,5.075222655214252,3.8221841923172675,4.771647095081529,6.176380331553425,7.2051884777568445,9.965577002863407,12.33115002747108,14.138237124903515,14.998499191585802,13.069297188448964,11.234606624176923,9.440627150777644,8.007757801032696,7.145207064879226,6.665900389294758,7.039942329309239,8.094909264469862,9.247706959025033,10.995654823611007,13.008458786497345,15.35978596856089,16.21708460235686,14.311607387012822,12.66876387024401,11.286922565518026,9.99300380266114,9.375087412925811,8.859037701691985,9.384468551814749,10.144611426762486,11.263729844061425,12.475622990456229,14.711137719428773,16.973447646250303,17.355466977295656,15.844866992183935,14.192450528361901,13.017448290659733,12.059456870025285,11.566372508267232,11.127167204639283,11.260212475792809,11.717611531365938,12.319810428736313,13.606102785147554,16.040732308719576,17.2829555342829,18.772846987071514,17.34696967772758,16.012568095093304,15.022599841572031,14.359308513991891,13.56944309837364,13.286524639649,13.38503111688576,14.341236801615125,15.052292217466414,16.205864154681784,17.357316900949872,18.714957066474934,19.31274390137248,18.023618310428127,17.055284840775894,16.181682390901138,15.711688706183049,15.447256390699287,16.071548680821024,16.50811233908953,16.21901972993436,17.639386185465753,19.265861724823004,20.73921782517364,22.42640060286091,21.156088603520264,19.892127211537737,18.99925222212706,18.611071973424853,17.954518233581204,17.995147484808232,17.655575549950218,18.378288168379555,18.96845352157102,19.75971550908565,21.156491793300702,22.064422516802924,23.028606992173884,22.133585159209975,21.215845493404217,20.48174565314197,20.23510019742922,19.77172228208762,19.81285161202193,20.189518072504853,21.036460467483593,22.0335288594451,22.999470102591495,24.10871247080607,24.973735023019685,23.981438760007705,23.334374322016867,22.767403123764467,22.243675528113602,22.308020172126433,22.4666073317713,22.25582739419049,22.937308342523544,23.875336563072782,24.997400864889933,26.076192072463343,26.174911843213533,25.162574788761187,24.816857516615595,24.600368818373433,25.079047868689116,25.712446985847144,25.034646392549664,25.37578944584779,26.30542318610366,26.94511356442945,28.016604094714978,28.533617243525224,27.478636738382782,27.06480581862726,26.812404368127822,26.78538172212597,26.87469240754208,27.190490709069596,28.211646708407503,28.094441247335745,29.066157107536593,29.712134760060575,29.69809977086076,29.424953016105224,28.911025613077097,29.031826019043308,29.044907884171366,29.267396536077477,29.816370805314317,30.410280843819905,30.997129173521863,32.013323866790216,31.46917738041463,31.30247635571346,31.227055736972705,31.332610567905125,31.64111199057328,31.834939924554593,32.562489846447555,33.186078662595854,34.01744771437152,33.441025133808324,33.59901950950354,33.74362329389066,34.253996321597285,34.9621287252364,35.27724799357229,36.2482167561385,35.8550382791596,36.038171277133365,36.27835167148585,35.63455650067782,37.55228632187393,39.24875520319084,38.24672372896795,38.63245418039087,39.509339465498535,39.66165992491994,39.8881892920699,40.7198794325327,41.43697741148599,41.071228920011635,42.57825567117563
D08,12.28455363454448,10.252224148934708,8.370307580967381,6.440425607054242,5.074291773242843,4.579629024276967,4.989554789758301,6.12172924915828,9.330279149093021,11.804931045965496,15.784189209458939,13.737566341969018,11.68512302031947,9.444696977669533,7.189928094216242,5.43768333024276,3.414675387207399,1.9247454377137772,2.949068497000366,4.700883427612303,6.8750272726731785,9.144122921308528,11.164274539798813,13.660337331120342,11.4241849162205,9.17414175822458,6.738536116991583,4.44958571105221,2.4270348163963367,0.0,1.9014207845713689,4.152350298325033,6.511452065399853,8.717348966285565,11.148689609097564,15.930691792888343,13.777332288944764,11.571060668754615,9.34285101026448,7.420963886180824,5.187282911120232,2.990752580873249,2.266296538407982,2.839017611780526,4.710726164828518,6.980104082318544,9.06668434434551,10.929130340516577,16.44508634820748,14.336625265382366,12.269802973153237,10.137186690596163,8.189634729339277,6.539349891235366,3.9592547278496744,4.200901093813088,4.822690535375456,5.268710753115984,7.952744746312432,10.098629857559887,11.854680299358563,17.20446325811997,15.202690189568424,13.251173834796674,11.284737170178134,9.595837066144881,8.263348594849427,7.159485037347309,6.657145484364902,6.930132610563812,7.725836783158185,9.142243980555321,11.04614403310042,13.21999247352282,18.270944830522584,16.270328453967977,14.488122721733136,12.87310968647436,11.282226420348069,10.171368147894363,9.223070258867162,9.178247763053687,9.298539293889123,9.9694992853202,10.894177756948894,12.811804127444347,14.946735061544377,19.238900696245615,17.638769231440158,15.814631516415425,14.403782350480029,13.161064470626986,12.258022556676913,11.389079857477512,11.073778984610447,10.986820923269843,11.239614094798807,12.16443755378768,14.419397525555636,15.42976377006466,20.539952142105882,18.985979695554295,17.470000715512292,16.231268219088737,15.27420259784451,14.122754688799207,13.44692027937996,13.160110789807204,13.777166508393517,14.19582773211904,14.958888227405138,15.815000727157745,16.992474805042377,20.777693928826654,19.334090953546276,18.15817207210021,16.96496970230127,16.24623377894089,15.61008007666841,15.898815207429767,16.02322118052422,15.39527826965138,16.5220265403491,17.93604332064349,19.235124382233664,23.952085378939348,22.528522299520667,21.08387291272645,19.97935326781125,19.35278589764275,18.427252453906416,18.18233827097054,17.495634484064876,17.916109454901193,18.323404841895513,18.7918231419945,19.955227610829198,20.654449714286752,24.290120007937386,23.218780545067393,22.08414041795605,21.117597140773377,20.670596556461547,19.886606749267205,19.680487925862003,19.82605240586234,20.391283554499456,21.14187371071921,21.905220496493524,22.835902544020456,26.150508465419943,24.973096824382836,24.130991048856657,23.35881437487785,22.609460696796816,22.423483984430252,22.27688454429838,21.921189315363343,22.329430355474813,23.064501078497234,23.985545814093957,24.901758994095175,27.092618108997883,25.87644403700014,25.361844826431692,24.911854366947473,25.187991821500976,25.65755670363022,24.664486088301132,24.830456137574274,25.563614083302074,26.021276236956556,26.925857033713896,29.363715040845907,28.14806751803754,27.544384545674642,27.111116723587763,26.869250826921096,26.77191218422771,26.880685203320244,27.64724311753344,27.39782080750219,28.208306737555162,28.64740703798513,30.334253443920453,29.872855939799262,29.167609226674713,29.101882894410803,28.93200691276013,29.000858780387865,29.352861564079234,29.766027027468745,30.189764109711092,31.061363540578835,31.87664394192086,31.553245918605587,31.31284068876537,31.246132256648984,31.38184166042522,31.408258181567472,31.973165952091765,32.441273973134905,33.12688039945808,33.51304492283565,33.511499668024406,33.488509686159524,33.837956114399105,34.40199443346272,34.56722522853114,35.3922477387351,35.768214940083325,35.804195131297114,35.88436509122044,35.131914621893294,36.881231676829884,38.42772797082856,38.02946933629235,38.267224226483954,39.008260112442855,39.031124119092446,39.156039751231226,40.394831661983694,40.96057500817097,40.43043988135672,41.86623338682381
D09,14.087630922195542,12.022016345022992,10.0315918976003,7.9288183861152985,6.235393812743506,5.101219952129099,4.586791471170234,5.052266224180987,7.702927365618866,10.091416649806904,17.6729928421872,15.62402880181677,13.564627270957356,11.308264676775124,9.020463236441907,7.2343531155176555,5.01815553764528,2.8435203533648212,2.262319164043836,3.158730441174112,5.131416276234076,7.3247135780179145,9.32220451395484,15.561594294930066,13.325413689638308,11.075005462752602,8.639117200269943,6.3502645614178945,4.328324502622233,1.9014207845713689,0.0,2.26560587922966,4.613886973041277,6.816105926406953,9.24845419516148,17.809651428368834,15.651511428612894,13.433095399050808,11.190793448187666,9.249670804953006,6.9587361639884,4.5757416885134585,2.9930227195930206,1.8671887960246547,3.138426675899885,5.2251457395942555,7.221475195553883,9.045614683370058,18.27264534762277,16.137713251882996,14.043053015637303,11.857444286185787,9.847997258326183,8.002715789030622,4.951844605800953,4.649233592754832,4.422569954223449,4.104532616510679,6.5519256711290605,8.40985184173895,10.099787324493521,18.959723758536146,16.917392825137092,14.902953163718928,12.84970738966456,11.03700620639492,9.466042943067604,8.02720480615762,6.931314810337213,6.4930320344196675,6.877005816487289,7.885956124656033,9.635942766538209,11.605701357522518,19.924786975021842,17.870074230399826,16.00952157311392,14.26265851796221,12.508800821821412,11.105508047811231,9.89559194793318,9.429978844090796,9.014833331792662,9.249964162092738,9.870987995129969,11.441761490260141,13.432645160205789,20.776628431966532,19.124260953040775,17.198817779138192,15.646363059829591,14.231649693552747,13.065960967337995,11.912044199044932,11.266611380534965,10.73781826070827,10.676978036879161,11.246548448301818,13.296203443088558,14.078030153398593,21.99399074747464,20.360443315409416,18.73126055555258,17.33404295021793,16.18495381519515,14.79471544167038,13.842547525654373,13.264856765152047,13.594235395931616,13.75919394441404,14.169028759939758,14.748049803279077,15.749476848454364,22.022640214106936,20.480488275429373,19.16866844619104,17.76077053508659,16.87082289042239,15.96697707770635,15.991497991120157,15.86407879455974,14.965309552428241,15.82417846208769,17.03679139392157,18.171066919694066,25.22471345724268,23.699276782214262,22.134804178036,20.887049480479522,20.093327872704414,18.97904576104921,18.521847532036322,17.57496870551979,17.748704882328738,18.00177530134181,18.195630794231892,19.149191627846854,19.662617577525126,25.373130059178745,24.18029058965173,22.895118104084982,21.764825062471786,21.172152110732625,20.151843712176806,19.75557566865618,19.71627249253773,20.047646096237834,20.58777416332324,21.175083518135175,21.947943593876854,27.16383455994385,25.856964129611196,24.8760643189392,23.956229169049124,23.042332737811073,22.666226615826464,22.282538320397883,21.81479296257473,21.999396923552247,22.56256264257232,23.310621892176105,24.085265205099986,27.91170702411445,26.550106911272504,25.911740389252127,25.287322772488196,25.405881307287885,25.744931093323984,24.50903802681778,24.533183262675067,25.10212429257731,25.40761826696867,26.16916689541339,30.107875414914282,28.777086058181776,28.03289683568218,27.463903600908594,27.057606121015215,26.815093604162566,26.75969599976801,27.318219213557825,26.96303488111084,27.63791743239711,27.904604584190047,30.92872588711019,30.32632659917782,29.477650262529405,29.267872573865017,28.955792253019084,28.903084766162937,29.09650152509748,29.362364516503092,29.65190314296875,30.401875994747428,32.290996051531145,31.848413225779396,31.481169689196747,31.28015207763543,31.279112791126284,31.172346799687702,31.604674242902743,31.945509856629304,32.51027237658891,33.66209905813955,33.53581513844564,33.380862780940824,33.601291478156014,34.04820879282786,34.09231369385187,34.79665675032589,35.785340699789344,35.70534517407723,35.65843789343555,34.821753660607044,36.43070519493138,37.85213996592531,37.93712146433886,38.05710909935225,38.6880486196965,38.60732367051619,38.65029930026416,40.21097785431237,40.65514619331728,39.99496418300684,41.370349587597154
D10,16.140737312774778,14.040314134662372,11.938947776081443,9.695335837401403,7.767208636312018,6.1533903662940155,4.7330288399712925,4.17225358769095,5.729523889469351,7.971851729679874,19.86164832031823,17.808962743517657,15.737706599120472,13.458311929807541,11.13326515448186,9.322055835490366,6.983334518695205,4.599612374972482,2.9281820298608485,1.8504766953409602,3.0534028558315067,5.1017942922073996,7.073409715264626,17.803089984606604,15.567669703587624,13.320442635288064,10.886564380005291,8.585151483812037,6.574964714734216,4.152350298325033,2.26560587922966,0.0,2.36738611130504,4.590018082753051,7.00803802786486,20.074720869790443,17.91702519951345,15.69829500296131,13.454204695930562,11.50957253767489,9.205127103956794,6.778062407502604,4.954773960535435,2.9833082308068675,2.5220126883106673,3.6448432065042247,5.263964475564021,6.931389831772557,20.528900457647506,18.384337491462674,16.27868127337101,14.070219223594208,12.034743869314378,10.095488992614474,6.86386195956766,6.232850792374225,5.2872837071600385,4.020845930895637,5.668871139830222,6.826799689459183,8.326405346846862,21.1823531506771,19.11909291781386,17.070214322028882,14.968448483393328,13.08501448222355,11.36758026142767,9.715481099770614,8.176761278158976,7.040051491288967,6.8583471040769,7.160123043635494,8.556983171655768,10.097929391711947,22.08468107082373,19.996909186171745,18.08663078077285,16.25169781899725,14.388016402548338,12.770051722683036,11.365247467609317,10.525214344610754,9.559772486832518,9.242601635903172,9.406538683277713,10.374695561798427,12.07693644928216,22.853075963642183,21.16544799903843,19.168854556284785,17.512199319331653,15.967182625623094,14.588380650366922,13.193807221571793,12.239000367677091,11.24636158942082,10.808321331270642,10.880701172259075,12.573050862857432,12.98417979696831,24.003522345689184,22.310848168547963,20.595034741412793,19.071028420093135,17.761321797659093,16.16625055478233,14.959886229513913,14.092183116891434,14.09365992210682,13.952574099426958,13.898377243405074,14.07752396552746,14.799355154870769,23.858957982275754,22.237442883569145,20.811672205759923,19.215997189841595,18.170587359796603,17.009671631163254,16.75303823191483,16.34451865305308,15.14016182212066,15.642427497035108,16.56455351043305,17.45224653160733,27.075013665739856,25.464517627475296,23.798267205828243,22.424418877643184,21.47620248088567,20.184571731894632,19.513685915274948,18.298241035684278,18.189734055230165,18.25673892019054,18.107709131748276,18.77476950590872,19.028549603162087,27.052873359404913,25.7513068600411,24.328226014241153,23.04342335678447,22.307299096932375,21.047626968378168,20.447499602640907,20.19897346401544,20.250047802412716,20.523928693113312,20.87868539922952,21.43404138280973,28.77236107795118,27.346456662609874,26.233812418327613,25.170273617900936,24.09195201721936,23.51544736976101,22.87154196813149,22.279585678373824,22.197865325296483,22.54460221427737,23.066432775789153,23.649494074926846,29.329509593581683,27.827952583688223,27.065834108706127,26.26135139325469,26.208334647588735,26.399989867422295,24.893908993968786,24.749479125832124,25.11371629209823,25.225844921429292,25.797539456312492,31.442635830985925,29.999450261629793,29.112149439709874,28.401258651686547,27.817399249390657,27.41342490459738,27.16929826108875,27.47698522400156,26.99487136476112,27.49642074889021,27.540478227510867,32.10688170782083,31.35826323315754,30.358673241760748,29.990952318991138,29.51987244213633,29.327195859815852,29.332329348348726,29.41838153264044,29.539997461069625,30.132045433392005,33.27328303609369,32.702873344707804,32.19660592360629,31.844558530461683,31.68550446181976,31.422021784092763,31.69244402061791,31.874984078427396,32.28537532691853,34.34706137357314,34.07955458922549,33.77233142677597,33.83933871989818,34.14331471899001,34.038542110378344,34.58911986448918,36.31245622372576,36.09820632663069,35.901347063863774,34.966692866211986,36.39834876749219,37.659173357895156,38.33006554912214,38.310672520852464,38.807474950065995,38.6006825457789,38.54220276528056,40.48923859496496,40.786614299301675,39.969781210309364,41.266623620063704
D11,18.456404471077242,16.343703986550906,14.196180648329324,11.89781736286114,9.87974721336533,8.06792426836048,6.208223014679804,4.844626817413287,4.387227484414274,6.147455164537599,22.224639592128373,20.171440826078836,18.09784882244296,15.813229050386893,13.479015171740107,11.663152918486492,9.294883323635643,6.883748760668129,4.991579008690536,3.021545465486164,2.016003968250063,3.0869700354878726,4.885228551460004,20.168333595019693,17.93260251608784,15.684205207787866,13.249329228304353,10.951041092060608,8.937215785690753,6.511452065399853,4.613886973041277,2.36738611130504,0.0,2.227954442981274,4.640834407733161,22.414622124854123,20.253061719157426,18.024932870887483,15.772162090214518,13.818030286549527,11.490903532794974,9.022325254611475,7.058517974759291,4.873057048711825,3.393912933473692,2.6701170386333257,3.290335697159182,4.666543260273069,22.820688355086926,20.655926607150793,18.532254503972258,16.2923396109951,14.228752756302992,12.19756766736713,8.862761759180938,8.011367049386765,6.612863222538328,4.7970433602376366,5.214705073156103,5.299433648985521,6.4619660320989,23.408147043283883,21.31503706306888,19.222637696216406,17.067673450122015,15.11537445781612,13.266422652697297,11.447003538044354,9.577996554603683,7.90634188484156,7.2011772648644055,6.700334991625418,7.558877297588578,8.504313317370192,24.216627201160776,22.089628788189266,20.124043033148183,18.19724773145653,16.230682086714655,14.418679897965694,12.856000972308614,11.69167259206312,10.247675687686453,9.397479874945196,9.063325493437826,9.295117696941766,10.60563553022637,24.875511251027586,23.149629197894292,21.078095407317996,19.316078742850472,17.646866747386063,16.069705815602227,14.463965293099953,13.233337183038902,11.820849800247018,11.0214926847501,10.566715904196535,11.801945305753625,11.787346860086878,25.941587345418938,24.184908207392475,22.378800794501924,20.726554272237344,19.259543322727048,17.474336153342133,16.033223786874554,14.895308925967262,14.56727308043616,14.11690890386419,13.577670823819526,13.320948014311895,13.719971136995879,25.597528884640408,23.895469884478103,22.35518098786051,20.575027509094614,19.380478838253712,17.973564810576672,17.435815467020753,16.747886583088626,15.254755881363687,15.372121031269563,15.966437861965328,16.57463731126567,28.818167776595377,27.117161300549142,25.34632425027345,23.8447422506514,22.740221678778774,21.275660295276385,20.39186683459854,18.91701609662581,18.519781910162983,18.393031424971795,17.88846513818332,18.242904072542835,18.2177516999217,28.604226156286767,27.18913360149602,25.62542538183513,24.18577079606933,23.305373672181272,21.809256200063313,21.005103689341787,20.543116852123486,20.302222661570827,20.29425633030193,20.400389138445373,20.720334480890987,30.23832212607042,28.68820644446076,27.439403510280613,26.229538024906198,24.985876510540912,24.20462918534386,23.2956581576911,22.58054926258438,22.22220412110374,22.339000022382383,22.618508704156426,22.995211523271536,30.584592526303176,28.9394358618132,28.049709820245912,27.060025868428138,26.827030025703554,26.862714829294525,25.086211232467925,24.766977369069487,24.914106947671232,24.823189017529554,25.191903322297822,32.59885557807206,31.040705935915827,30.004977187126805,29.147630744196,28.38019591193831,27.80938204994854,27.369280534935516,27.41235611909345,26.801186559553667,27.118086676607554,26.92978741096929,33.09127939503095,32.1894156827986,31.03444080372643,30.501828732061295,29.866160114751946,29.52775565463789,29.335652881775108,29.23320695715747,29.178868124037983,29.602950005024834,34.042834268021814,33.338840291767795,32.687696645680006,32.178096976048785,31.853751584389553,31.42741672489166,31.527046246040875,31.543490374402133,31.79116639885992,34.79587383584439,34.38037536153438,33.91433491902797,33.82010162610396,33.97315312125149,33.71364430019395,34.10190328999248,36.586115180488896,36.23131724075182,35.8779010813063,34.84481081882925,36.08537346349626,37.17446000952805,38.45450353339645,38.28879420927225,38.643409955644444,38.30593136839254,38.1422157851376,40.485571368081246,40.62827322198176,39.650907038805556,40.86192313144353
D12,20.67455985021205,18.557700531046404,16.391698630709385,14.071533853848344,12.018145114783728,10.128040531119531,8.103407925064614,6.4148803574189905,4.298456699793544,5.076981189644098,24.451077358676855,22.3981093844994,20.32526223693067,18.041180948042175,15.706294438854762,13.889832144414129,11.515260526796604,9.099609881747678,7.157603230132277,5.047863904663041,3.1960921451047057,2.273707325053073,3.244286208089539,22.377676487964518,20.14150763969768,17.891020373360487,15.455001585247413,13.163890002579025,11.144371539032607,8.717348966285565,6.816105926406953,4.590018082753051,2.227954442981274,0.0,2.4393779944895786,24.58413569764046,22.41879858511602,20.18115120601399,17.92110961966362,15.960041415986364,13.616973415557512,11.125099909663733,9.085887793716143,6.848437632044261,5.048196707736338,3.2302099003005984,2.062143544955103,2.58386087086747,24.934638156588516,22.7509020700279,20.61225970144952,18.347167220036994,16.264787056706275,14.16711826731181,10.790038229774721,9.80512952489665,8.163958904845124,6.157724904540637,5.526568012790578,4.359057237522811,4.920932025541503,25.453412836002954,23.33426150534874,21.205398392862136,19.009252904835584,17.006679687699183,15.062916616644998,13.133941716027218,11.055221616955492,9.05043208913254,7.977963712627427,6.802078799896396,7.013245824865973,7.200293605124724,26.16905019292829,24.0095868560873,21.998999818173555,19.998519345191532,17.95532127253645,15.99800228153503,14.3283743669685,12.925410051522544,11.133767376768747,9.862956605399823,9.084958998256402,8.54388073418631,9.361894252767438,26.722982561832428,24.966266060426417,22.833977949538273,20.987057273472143,19.221148690960174,17.489497762943337,15.727215932897979,14.287391924350644,12.553513810881796,11.463665731344403,10.537286178139036,11.268486056254407,10.808572014840813,27.707669786541054,25.89726672836344,24.016377620282373,22.258429436957137,20.66329813945489,18.729518546935477,17.10375613717642,15.750211585880363,15.137332393787222,14.41679194550577,13.435096278032399,12.755477921269748,12.813896870195265,27.181023417082734,25.412841242175187,23.77771195889125,21.845679893287826,20.529830320779567,18.921410121869883,18.140873297611666,17.21165395887333,15.482228069628738,15.23419272557624,15.498022228658726,15.817860316743223,30.395266490030977,28.61639005884565,26.757411683494354,25.14806235080548,23.9099942492674,22.301846605158058,21.235434725948043,19.54374183722247,18.88845099525104,18.584232079911185,17.752629326384305,17.80061527026524,17.502261168203383,30.004968271937898,28.4914883605613,26.80735229372718,25.235942502708316,24.231170524760042,22.533375801242034,21.551400928941952,20.89846714474533,20.388835229114978,20.114657963783525,19.98118079593896,20.069020504249828,31.55448519624429,29.896040306368334,28.52827096057523,27.19128875209853,25.804636521369563,24.841821289913508,23.69651084020599,22.87405036280195,22.260950496328768,22.159279433230676,22.204583693462933,22.378858326554553,31.704822235741993,29.934597592083982,28.93209377145042,27.777824266849986,27.380346838562872,27.271336472567675,25.256171701190187,24.775635713337408,24.7164696508219,24.43300738754851,24.604240691393017,33.61987819728084,31.96155368563925,30.793405738891565,29.805079986472105,28.871987063588122,28.14967305316351,27.529547217489792,27.323676637670854,26.59475515961747,26.734043091160004,26.324938537440122,33.951024505896726,32.910626931129705,31.61671274816533,30.93346448427657,30.147777447102133,29.674993192922557,29.29876476918438,29.019011871530015,28.798146954274678,29.059896008072705,34.69904600994097,33.87351444713111,33.09014513416343,32.435723793373256,31.95809607908456,31.380854752539804,31.31886552862348,31.178012572965585,31.26997476813821,35.14966726727295,34.597333553324596,33.98430137578232,33.738807996134064,33.74883609844938,33.344171679620416,33.57692441245922,36.768728302730295,36.28329050678838,35.78395641904344,34.66230580904853,35.717395103786615,36.640010917028945,38.49016239248673,38.1873385430302,38.40673860144857,37.94710203691449,37.684536138846134,40.39400599098831,40.390566274812244,39.26486373336854,40.39116043146075
D13,23.01493363014545,20.888357427045335,18.685032967592004,16.33225501882701,14.23535082110729,12.263680116506626,10.104947748504195,8.202797144876863,4.95775806186627,4.38125335948516,26.85528471269668,24.8014486875263,22.724315875290944,20.43238422211172,18.08692947959935,16.267409873732205,13.871751151170496,11.450411215323228,9.444960825752535,7.250769407449115,5.098387195966976,3.069406457281277,2.1864020673243063,24.80801580134937,22.572077108675664,20.32275347978221,17.887221053031126,15.591446533275864,13.57545380456948,11.148689609097564,9.24845419516148,7.00803802786486,4.640834407733161,2.4393779944895786,0.0,27.023479365174275,24.85803139832276,22.61975201013486,20.359038705204135,18.39724569059184,16.05202840764992,13.556638558285753,11.500654068356287,9.256863237619966,7.3829948530389755,5.288189576783344,3.2524164862452656,1.7454495123033493,27.364323799429066,25.175279462202596,23.03231940122401,20.759293099718015,18.67139365446511,16.549281102211058,13.163527262857778,12.125068329704373,10.385399366418222,8.337760430715193,7.1249879298143375,4.994684874944564,4.568698392321384,27.85813669289459,25.728584978579757,23.584271538463934,21.370357905285534,19.34552602024561,17.356353591696614,15.375185787495383,13.192017662207704,11.017466224137019,9.736444217474878,8.116304146592832,7.691173252501857,6.906925292776808,28.528505481360217,26.353390749579077,24.320155015953333,22.280453518723537,20.196615582814857,18.156453673556406,16.42864111848573,14.87867547868425,12.867688875629533,11.304884077247321,10.174708890184526,8.861699893361317,8.991089867196301,29.021923092724233,27.248604000939206,25.081996930069185,23.1848061022731,21.360628876510166,19.53108427609691,17.670119976955448,16.09096233915175,14.135282169097298,12.831510784003573,11.509763377237604,11.687235130688524,10.717235184505377,29.954100654167533,28.111133043689293,26.183628873782947,24.35705343427238,22.6758820115117,20.642407805292482,18.887611839510047,17.37669301104212,16.532285171748036,15.582908489752482,14.19593156506469,13.08323415673663,12.736299305528275,29.303005664948433,27.491297986817575,25.791253498036887,23.75192044867109,22.348577046425124,20.589404071026436,19.611169393995862,18.479220573389995,16.559004106527663,15.955184016488182,15.859842685222322,15.841109872733034,32.50627056430805,30.67337485507586,28.752559694747177,27.06517742413672,25.72613865312865,24.00928572448585,22.796061611603,20.929676777246225,20.04549630216224,19.575560400662862,18.42778774025792,18.146186734407866,17.54106031572778,31.98344037154227,30.39650259487101,28.62087255832708,26.94718636518477,25.84222919950986,23.979465381863708,22.84493180116763,22.01986562175165,21.253611575447593,20.709318675417595,20.31888788787418,20.142627559481905,33.46221076079703,31.720189989973264,30.25796980962206,28.818084200723682,27.313435686489534,26.19310187816632,24.835487371903938,23.916813604658962,23.056645115887957,22.72943734455387,22.520695726375774,22.46448096440245,33.450377157813925,31.579005747489898,30.48187863305016,29.18547213940525,28.63825197179465,28.392457167353445,26.157276196117976,25.51717664632982,25.242578414258716,24.752797195468638,24.7004374252765,35.274629877576324,33.53367264407524,32.25138111771339,31.14743279951014,30.063490150014186,29.199232626903058,28.404627175866963,27.944377681387003,27.09605080080859,27.041205317071206,26.38669410896333,35.461976538258554,34.298969809602156,32.88071927437111,32.056807389382996,31.128369054609976,30.523711733666993,29.960578398956187,29.494947448673305,29.094173317006277,29.172370369923662,36.02056686116975,35.08314512696944,34.17537417498161,33.3810358886599,32.75092087254952,32.020571044252165,31.78748742823188,31.47619864278404,31.393702378024802,36.17880401561113,35.49232009886082,34.73220386039446,34.33014107165888,34.18752212430728,33.626404684414304,33.68412563805093,37.620388727390896,37.0028817931793,36.35281813009825,35.14170549361542,35.99021714299596,36.72259638151965,39.184525032211376,38.73874961843761,38.81233655682173,38.220882381232386,37.84942822553599,40.94817975197433,40.78799677601243,39.503625314646754,40.53145003574385
E01,7.937742311262062,9.155013107582096,11.13444134207011,13.08494191809807,14.95485539883285,16.925310661846062,19.082417561724196,21.05832153805236,24.949938076075462,27.525228900047317,4.502433119991901,4.891636127105122,6.140328085697051,7.982821180510058,10.063955335751444,11.64472743347821,13.962145716185603,16.156866156529244,18.265894010422812,20.432828340687443,22.720653797811366,25.045694260690798,27.080801631414086,3.1559526295557734,4.9250009137054995,6.953848574710266,9.288827374862771,11.598864082314266,13.534530098972775,15.930691792888343,17.809651428368834,20.074720869790443,22.414622124854123,24.58413569764046,27.023479365174275,0.0,2.1698022951411953,4.428146339045267,6.695081328856282,8.659990877593348,11.020311293243944,13.52877496301864,15.669006254386398,17.888522856848745,19.921011068718375,22.30496984978908,24.582255144717703,26.59221647399855,2.202817287021327,3.2042660626109063,4.900513646547676,7.037649110320861,8.988287156071507,11.25794901391901,14.389531368324683,15.71110782217473,17.739451654433967,19.56839186034458,22.131641827934953,24.9447406079919,26.851620211823345,4.36146408904166,4.86650593341876,6.235128306618878,7.967783129578766,9.76335977007915,11.850245271723283,13.834039793205744,16.21192243381395,18.623417328728905,20.30772170874911,22.612686439253523,24.721814354937624,27.495732396137406,6.830516525124582,7.021413319268422,7.9276201346936395,9.484608584438263,11.08741493766694,13.235028258375575,14.714229575482367,16.78777129341474,19.146947746311945,21.253368133074815,23.087472273941124,26.062639659098235,28.602782102445907,9.18680210954824,9.173053199453278,9.881794826852055,11.128408556482817,12.49558662088339,14.344806028664172,15.968988227185841,17.706738604271536,19.842639668148994,21.403720050495895,23.591590705164414,26.294053814503386,28.250057504366254,11.116361859889233,11.266483035978885,11.897695995443824,13.062892214207388,14.455001971635978,15.899766570613545,17.50725706671379,19.132490402454145,21.088597867093963,22.71663870382236,25.088066087285405,27.170167923662156,29.069735482112666,13.836014238211812,14.079255235984608,14.833817377870067,16.178025404850864,17.204615107580874,18.821884735594363,20.734994670845712,22.371879670693744,23.503809435919106,25.80200961165622,28.03510622416116,30.046958065667813,15.67542921262445,15.805473608848297,16.118735682428696,16.83984798031146,17.972940799991523,18.981893741141846,20.448795954774454,21.827892912509903,23.716093544258086,24.974581838341155,26.99229475239184,29.174764437780812,30.85767356752612,17.99216143213483,18.453383131556123,19.10205185313871,19.90444699055967,20.817513804486836,22.116311469139696,23.343519057759906,24.715536186779357,26.67994936277054,28.616243376795634,30.347863351478303,32.12163482763603,20.11213563995629,20.489191736132494,21.161380011710012,21.90341580667271,22.73412083191255,24.097010208737515,25.747611500875184,26.26931693059414,28.1185276463758,29.857888890542814,31.762465663106195,33.47160115680157,22.740897629601168,23.125929105659733,23.815678407301355,24.930172582635684,26.40694758960225,27.792135884094982,28.788895515458734,29.92976653767951,31.681291135305706,33.108083152003836,34.859579171298094,25.27481517242015,25.325184500808675,26.064160776821492,26.85457579259073,27.98620469088297,29.03587334660351,30.361350859275017,32.52552390046931,33.06367435721565,34.71753361055477,36.29528406005386,27.433719416076265,28.27614084347438,28.89337247536189,30.008012146758407,30.98423994549487,31.974156017008486,33.462415110090305,34.89919428869383,36.237001476391505,37.879714729654445,30.30505822465946,31.031659527005644,31.865412613051163,32.88031401918175,34.06291674240479,35.09984531304946,36.588589068178074,37.94258341230865,39.43948582322036,33.92972014326084,34.93187462762341,35.950085451915136,37.25564146542104,38.650385276216845,39.706518469893574,41.35106069981761,36.990335670280146,37.94454197905148,39.00896852007241,38.97723545866228,41.63154286115277,43.99727646116291,39.901382845711,41.04750770753323,42.58381864041786,43.40311510709801,44.14356333600631,42.7891340412493,44.268032935742696,44.78650444051198,46.58693629119649
E02,6.9455730505121025,7.73337578292947,9.476104790471663,11.250463501562946,13.023014167234866,14.938998795100026,17.049627385957734,18.99437906329133,22.845040161925738,25.4124055531939,4.879233751317926,4.311097540070278,4.827460719674475,6.2677970611691,8.158268995320025,9.64512877052453,11.907944616935367,14.05504756306431,16.15540931081599,18.30642925313399,20.585888297569284,22.9029159933839,24.934591013289147,2.287735343084947,3.1357965495229436,4.918006100036884,7.179814203724216,9.476643393100746,11.390269575387581,13.777332288944764,15.651511428612894,17.91702519951345,20.253061719157426,22.41879858511602,24.85803139832276,2.1698022951411953,0.0,2.2609966828812467,4.5260746790127095,6.490399371379237,8.850696074320934,11.359034906188114,13.50019736892761,15.718787230572211,17.752040671427046,20.136770197824674,22.41306266443745,24.422420621224262,3.1749900787246563,2.39908336662151,3.1774568447108766,5.053597233654459,6.907222017569727,9.157908604042737,12.240272260043891,13.570087582620829,15.5982071085109,17.41121230701642,19.989358869158362,22.790461206390713,24.695802274880645,4.973437945727282,4.4515985892710495,5.024552616900334,6.314494595769324,7.907296124466315,9.902934161146382,11.819922715483381,14.155309427914318,16.534931418061582,18.208171270064437,20.498440379697183,22.611422799107537,25.36949589566178,7.248056981012222,6.737,7.039236109124342,8.171687341057536,9.486578729974257,11.474258363833368,12.842610092967861,14.865900880874996,17.160266955965458,19.227637114320625,21.036737056872674,23.98015387773815,26.51115240799615,9.428704311834155,8.983117777253062,9.165532444981034,10.034137182638077,11.128160719543908,12.78252471149577,14.252751488747709,15.89536391530562,17.93644493761236,19.44615524981738,21.58969054896341,24.29270919432413,26.204496656108468,11.350696057951689,11.105108103931272,11.328534591905521,12.148769361544403,13.281392999230164,14.480394504294418,15.921769876493002,17.431788921393007,19.333187476461298,20.90166816309167,23.19181446114124,25.211064257583413,27.07684665909234,13.69151985719628,13.618991519198474,14.079959232895527,15.113856556154026,15.960871561415436,17.385475115739577,19.197456341921967,20.735047094231543,21.738091268554378,23.98049628343834,26.17721270494626,28.153119844876873,15.899055978264872,15.72311069731432,15.724360527538154,16.17160950555015,17.08876663191349,17.874168400236137,19.184293836365207,20.376349648550892,22.164526094640507,23.36793230048393,25.27895539772164,27.40160685069399,29.019281383245865,17.9220080627144,18.12886882847355,18.51013616913717,19.077305050766473,19.834685402092973,20.911380274864687,22.0072657093061,23.279646410544984,25.140479311262144,26.992829140347624,28.656668333914883,30.3730013334211,20.067389316998863,20.189791182674476,20.640824644378917,21.179732812290148,21.81554913358818,23.015708570452485,24.490631841583834,24.92476796281161,26.65419233441524,28.317775636514956,30.149604989120505,31.800783166456768,22.48551171310095,22.629563164144376,23.159495676719732,24.084199156293323,25.43724633288753,26.73569241669271,27.515779345677274,28.566914936688562,30.23406373612386,31.57797719930775,33.26252897781526,25.037774421861062,24.893822044836746,25.452105394249802,26.08883908877511,27.0614612502725,27.98620304721596,29.187635738442403,31.222800466966444,31.681327371181908,33.263738966027255,34.73927605751162,27.05757130638299,27.725000721370595,28.169285844692617,29.14637481746229,29.992529153107444,30.88441343137344,32.25859254524289,33.59609054637161,34.8474123286077,36.42260366860118,29.785195852973672,30.376818743904042,31.078931529253058,31.968481540417272,33.036267237688946,33.96427247859138,35.36170968717435,36.62871695814638,38.049200832606196,33.18958910562166,34.07362559223776,34.97273924072862,36.17589447408315,37.48586192152983,38.44867796166729,40.01423652901552,36.18109192658508,37.02845549033878,37.98173351757394,37.863160591794234,40.43382229025597,42.72266342352733,39.03801476765948,40.08065764181022,41.53240354229454,42.26285845751563,42.936624483068066,41.88455622302808,43.26173489355229,43.657823789098785,45.426942853333195
E03,6.704074059853456,6.843378186246907,8.144906138194596,9.601870703149466,11.198475789142021,13.014848942650083,15.043806566158713,16.934815086088186,20.71555092195233,23.268224556248377,6.236481059058867,4.9381915718205995,4.436305332142953,5.023397455905714,6.4666755755952385,7.750262253627293,9.892448079216793,11.946160052502226,14.02617510228644,16.146323730187007,18.409008800041352,20.710466363652944,22.735128084090487,3.323012639157426,2.3523949498330423,3.114447944660498,5.103961794527855,7.348522572599202,9.207630368341247,11.571060668754615,13.433095399050808,15.69829500296131,18.024932870887483,20.18115120601399,22.61975201013486,4.428146339045267,2.2609966828812467,0.0,2.268049823085904,4.23429451030511,6.594218452553721,9.103279848494168,11.241021528313164,13.462679153868297,15.49310485345013,17.876827459031986,20.15454340837321,22.166960662210776,4.983342251942966,3.212714895536173,2.212204782564218,3.139105764385775,4.757267493004782,6.96461973118418,9.988178462562631,11.324405723922116,13.351513210119668,15.152870355150538,17.74074231817823,20.53340156915069,22.43782279990641,6.270379334617643,4.9409472775976875,4.43270402801721,4.889083349667911,6.08412573834565,7.908629274406533,9.721991205509292,11.997768000757475,14.338457413543482,15.998840489235462,18.2736821686271,20.38929760928512,23.132723575057042,8.155769736818224,7.015642878596372,6.604712332872644,7.106563163724079,7.975206705785124,9.705054198715224,10.915605342810816,12.863497230535716,15.073806951132152,17.093789778747134,18.874175796574534,21.783594974200195,24.304757888117297,10.035660267266923,9.182024232161446,8.777100489341569,9.152828469932123,9.869399019190581,11.243157029944925,12.503783787318142,14.018187614666884,15.938733356198666,17.38619682391753,19.477541117913216,22.177568171465506,24.042672334830005,11.867634852825562,11.229612638020956,11.005001135847284,11.405200612001527,12.203518590963837,13.087329788768985,14.31261157161753,15.674354755459634,17.501602212369015,18.996229362691956,21.190332229580545,23.138895760169714,24.967464128341106,13.749438170339907,13.342059960890598,13.467172903026084,14.126717169958491,14.7524448482277,15.936120261845415,17.616006017256012,19.031036755783955,19.884691247288707,22.058549816341056,24.211033951485838,26.145484983071167,16.285768541889574,15.798971738692364,15.470021848724068,15.61071734418377,16.272928224508338,16.79595671582896,17.914147481808897,18.884367000246527,20.548992700373418,21.6852567888877,23.471714551774866,25.523983388178266,27.0688970222283,17.97170289649815,17.907388782287605,17.995509912197544,18.297661544579952,18.87398826427525,19.69284156743257,20.633677568480127,21.787298157412724,23.524754663970462,25.278604095163164,26.864484994133054,28.51564567040347,20.11378233948056,19.96700202834667,20.176504057938285,20.48980956475682,20.906460484740116,21.917823728646052,23.189528886978277,23.524837682755646,25.11492952408985,26.690057793118395,28.438158467101907,30.023611574892183,22.284119569774347,22.170610027692067,22.5240012875155,23.235726478851483,24.444878584276097,25.641332434177443,26.181730137636052,27.13092738923607,28.700990087451686,29.951909221283376,31.56102716959637,24.833138706172445,24.484686030251645,24.845844823631978,25.313035870870962,26.108038551373408,26.89264042447301,27.954250803768645,29.842450318296585,30.213808267082126,31.715238293287346,33.078463159584665,26.69129283118373,27.168600497633292,27.425477005879042,28.249744228930638,28.952023159012565,29.734658649461572,30.98116177615036,32.208038530776754,33.36362096655578,34.86343327901026,29.250173777261562,29.695196598103202,30.25352265439514,31.005219076794152,31.946058802299852,32.754406314265566,34.050198971518505,35.221327686502676,36.55758813160409,32.40450606011454,33.15940628238087,33.92851620687235,35.01889314355895,36.23514639131461,37.096608807275096,38.57531548801643,35.3116168562132,36.042911674835594,36.87550212539485,36.665064407416494,39.14109177066986,41.34435932506393,38.10253378713809,39.032951528164,40.39190347086901,41.02704016864975,41.629206766403804,40.89826177235409,42.16511472769878,42.43147873925678,44.16447261091204
E04,7.050370557637379,6.475904956065986,7.128139869559239,8.107498072771897,9.439882308588388,11.109859090015497,13.028579738405872,14.852030837565614,18.552229946828493,21.08802399467527,7.925736432660375,6.24760578141739,4.986113215722242,4.463076069259855,5.074532983437984,5.983492709112295,7.908588053502345,9.827280905723617,11.875813487925784,13.958409651532657,16.20167969687094,18.486962027331586,20.504493580676407,5.134493645920696,3.274237010358291,2.168215856412825,3.164121995119657,5.245128215782718,7.012995151859155,9.34285101026448,11.190793448187666,13.454204695930562,15.772162090214518,17.92110961966362,20.359038705204135,6.695081328856282,4.5260746790127095,2.268049823085904,0.0,1.9664434901618708,4.326169784000624,6.835249958853004,8.974123076936264,11.194631927848276,13.226005443821652,15.610860386282365,17.8871744554583,19.898912156195873,7.115142303566388,5.092657950422352,3.2671088136148754,2.260079865845453,2.89507789187096,4.901284933565891,7.762685424516441,9.112706787777164,11.1346693260285,12.905419094318479,15.516344028153023,18.28841299839874,20.189975581956507,8.10230294422518,6.382117673625268,5.07569867111908,4.42524959748035,4.805712018005241,6.215531272546217,7.8020423608180955,9.951406583996054,12.214888006035913,13.849234816407728,16.09405884169683,18.212201981089493,20.92848761855476,9.646533574294965,8.094578247197317,7.07936614394255,6.831480220274373,7.040802227019305,8.313293510997912,9.25396185425464,11.058164630715172,13.123430725233398,15.062603261056834,16.794366019591212,19.646649078150705,22.150080315881475,11.218316674082615,10.05639264348802,9.121531724441898,8.94404701463493,9.168813500120939,10.12626969816625,11.070607616567395,12.382153366842134,14.11364917376084,15.463395810752566,17.47149936324871,20.160777762774927,21.955509581879443,12.915159503467233,11.949383666114333,11.30265986394353,11.245002845708845,11.634663381464888,12.110643129082781,13.035005945529905,14.182585554122351,15.893556493120098,17.279354733322652,19.33392919196716,21.180216736379258,22.95368390912448,14.331244886610513,13.6079818489003,13.381841577301683,13.610678307858135,13.964633937200073,14.835421564620265,16.32932901254672,17.57636759970615,18.231478382182836,20.30485838414048,22.391806648861543,24.266792639325043,17.121068453808597,16.352921268079292,15.707271246145844,15.52934158295193,15.903859563011741,16.123144110253435,17.001817843983627,17.694875331575524,19.193244358367348,20.238500043234428,21.859499216587743,23.81483575421002,25.262456016785066,18.46363087261008,18.133526987323783,17.9200022600445,17.934866378091584,18.303665998919453,18.819452834766476,19.569389361960173,20.57203084287013,22.149226713364058,23.774120824964275,25.257867051673227,26.823121108476546,20.573611301859476,20.162833630221723,20.123054887367378,20.194900792031635,20.368979159496433,21.159752479648716,22.18876292180346,22.40663852522283,23.82253901245625,25.284388958406726,26.924901875401517,28.42571121361786,22.475146473382548,22.100155587687613,22.265065910524495,22.74163312077653,23.783120085472387,24.857748832104647,25.123369937172043,25.94963400512616,27.39921301789524,28.535763175355935,30.05013826923264,24.997589083749656,24.444047128084172,24.59703528883105,24.880332493759,25.477034540935097,26.10191450832678,27.000807839766573,28.71295082362661,28.982447101651026,30.38445829696491,31.61182476542599,26.677479809757145,26.954819031112045,27.012152172679613,27.667002457801605,28.20819669883206,28.865926712995027,29.963797039093695,31.06052240384891,32.10257787156664,33.511020426122506,29.04550891273899,29.334190443917144,29.736410492862113,30.335472371466377,31.13313548295449,31.805640521769092,32.98294262190686,34.04201442335633,35.27858982442467,31.919940805082955,32.533058340709374,33.15792963983125,34.120476916362115,35.22888774855091,35.97446351233052,37.35135211742675,34.72474485147443,35.32835603307915,36.02673925017361,35.71586406626613,38.07991077983245,40.1824110028256,37.43512961110193,38.241443814270404,39.49549898406146,40.024280443250944,40.54573834572507,40.16795591015306,41.31211553527609,41.43589702178535,43.12536595786754
E05,7.851783045907471,6.747279822269119,6.720053720023375,7.114210637871218,8.091998146317138,9.561310631916525,11.337526096993118,13.078190088846391,16.686013544283128,19.20246338363909,9.566884654891581,7.72746025547851,6.110578123222057,4.826628222682994,4.450600970655536,4.77179473573623,6.319183254187205,8.038269092285976,10.0381712477921,12.073287042061082,14.293070523858756,16.56042212626236,18.570193671580274,6.912490795653908,4.833549420456979,2.9203540881201375,2.0680986436821627,3.5634087612846215,5.147295309189089,7.420963886180824,9.249670804953006,11.50957253767489,13.818030286549527,15.960041415986364,18.39724569059184,8.659990877593348,6.490399371379237,4.23429451030511,1.9664434901618708,0.0,2.360322223765221,4.869100327575927,7.011499482992208,9.228718871002627,11.26253719194747,13.649210453355902,15.92301133579952,17.93283371361035,9.025732657241736,6.9258025527732165,4.917245163707012,3.0809824731731275,2.1246458528423036,3.363014421616416,5.871147843480012,7.235802996212653,9.243863532095226,10.970685757964267,13.608933830392445,16.35396863149737,18.25143660099117,9.854799084709946,7.970602110254909,6.302927970395981,4.949914140669512,4.437218948846225,5.155931826546973,6.354978284778006,8.293403704149462,10.440515552404488,12.03624281077779,14.239802316043576,16.3576663677922,19.040310974351232,11.17566866008473,9.406518006148715,8.036045358259248,7.224476866874168,6.800941405423223,7.499184822365695,8.088921436137205,9.68107705784847,11.551000389576654,13.384097765632168,15.053656897910221,17.835359261870785,20.315940588611692,12.516190035310267,11.167467080766347,9.876378739193836,9.259039529022434,9.028732413799846,9.533334883449758,10.113921148595137,11.175805026932064,12.67499179486914,13.90515192293849,15.810889728285376,18.47980573490966,20.194906214191736,14.087857928017304,12.900070154847995,11.944566128579137,11.51041202564009,11.524499294980238,11.59850287752691,12.19878026689554,13.10416136194911,14.672350663748464,15.931655281231766,17.826999579289836,19.55840251656561,21.26934613475459,15.129654325198576,14.168081098017474,13.65412318678867,13.4980463771614,13.592322281346922,14.144974407894841,15.432991997665262,16.497399613272393,16.943548624771612,18.900725964893518,20.911431921319974,22.719639191677317,18.078447416744613,17.098872068063436,16.206104343734186,15.763109401383979,15.880000031486146,15.820258025708682,16.461864110725735,16.879121570745323,18.199321553288737,19.146195653445098,20.59192390234579,22.44127024034067,23.786100983557603,19.134395339283653,18.589870279267686,18.12375096385955,17.88726977489857,18.0649450871017,18.29468876477542,18.85604677550414,19.70469530340421,21.11490108904136,22.604483028815324,23.98122173701749,25.456244852687917,21.197583494351427,20.57190414132829,20.320752003801434,20.18162634675412,20.137528050880526,20.719609093802905,21.51405354646121,21.619115476818195,22.859324683813387,24.204373675019976,25.733765153976204,27.14718420020758,22.859829767520143,22.264937749744554,22.26440324823461,22.5283763507271,23.41062376358221,24.366794885663563,24.375644094054213,25.081547659584324,26.410038583841562,27.432841048640952,28.85130184237793,25.34178178423924,24.61667767997948,24.58763561223405,24.706484270328712,25.121305559226016,25.597011251316044,26.341086462027338,27.88127889821412,28.053864261452468,29.356828473116778,30.451151784456364,26.859113928050565,26.961362001946416,26.84252143521543,27.342374019093512,27.73505783300262,28.275505742603436,29.23160702048384,30.203153875050862,31.135434636439555,32.45384122103268,29.04895027363295,29.198851090411072,29.4604633534505,29.91975253908361,30.584234647935855,31.129837471467788,32.19383127246584,33.145684032766624,34.28593005884484,31.66367882922008,32.14760807587401,32.64001547181006,33.48300316578547,34.489265692386084,35.12597194384804,36.40511481921187,34.36695134864307,34.85393487111606,35.42873648607864,35.02717176707249,37.28239510814723,39.28751590518291,36.996892369495036,37.68925264581404,38.84515604293539,39.27584149321311,39.72229049287063,39.666120985042134,40.69699706366552,40.69100355115366,42.33745038379141
E06,9.340692158507313,7.814047094815848,7.045883975769116,6.611263873118362,6.952680418371033,8.014090216612239,9.50233366073829,11.07973939224204,14.512574306441982,16.99137419398443,11.701604206261637,9.76985368365361,7.9512728540781445,6.185443314751175,4.856295913553868,4.242793419434889,4.864832987883551,6.0877980419852955,7.954664354955525,9.883613964537465,12.052236307009583,14.283199921586199,16.277099557353576,9.169920392238964,7.008324264758302,4.86527748437846,2.814999289520337,2.342469850392957,3.1283020953865694,5.187282911120232,6.9587361639884,9.205127103956794,11.490903532794974,13.616973415557512,16.05202840764992,11.020311293243944,8.850696074320934,6.594218452553721,4.326169784000624,2.360322223765221,0.0,2.5091562326806196,4.653639006197193,6.8684919014293095,8.903246879650144,11.291328929758444,13.563124013294281,15.572742404599135,11.330076125075243,9.179814812946937,7.088778808793515,4.960570330113263,3.1225689744183396,2.4240249586173817,3.6678345109887385,5.0374328779647275,6.9997605673337135,8.649590105895191,11.323114986610353,14.027883838982985,15.919205162318878,12.01841603540167,10.021565396683295,8.124034958073482,6.318028569102866,5.011502868401853,4.647237674145793,5.027242783077022,6.475686372887433,8.380026849598991,9.899285327739573,12.029701284736873,14.14109875504729,16.7729604125211,13.125418431425338,11.1900672026579,9.544917181411266,8.243606552959692,7.170088493177752,7.062672157193763,7.0929486816133105,8.277238669991341,9.794356793582722,11.441200111876377,13.005918844895197,15.67544796808053,18.11922628039067,14.227480029857713,12.721621437536962,11.116820138870647,10.070410617248932,9.340798359883378,9.25437220993407,9.31336952987478,9.977863749320292,11.099514674074719,12.134989946431764,13.874143036598692,16.499009939993368,18.098176980016525,15.651365755102653,14.256796870265074,13.002381204994723,12.17282958066858,11.753770501417831,11.330241656734422,11.485448924617618,12.0348495628321,13.372666338468182,14.437271383471325,16.0921839723513,17.654196781502126,19.2729101071945,16.28560459424212,15.083715225368053,14.260974896548973,13.660932508434406,13.436152425452757,13.570435217781336,14.560714439889274,15.363371537523918,15.519641265183935,17.298885542138258,19.192593206755568,20.90227379975681,19.366265773246013,18.168264556638313,17.015336170643238,16.279492774653637,16.09283822077386,15.697318528971755,16.031226060410976,16.0875676843953,17.155350477329222,17.961223037421476,19.160750950836974,20.856641460215975,22.058397153918506,20.095093381221197,19.315575321486026,18.565410687620137,18.03624830722842,17.9805884775777,17.853059121618347,18.1676883779968,18.80791498279381,19.986870015087405,21.287720591928107,22.51566914395395,23.865266078550224,22.083983087296552,21.219628955285717,20.72614872570396,20.33943954488422,20.033039934068917,20.351713687058396,20.84383537163926,20.804642871243907,21.80869267058436,22.993310548940098,24.370016495685842,25.663682685850056,23.45653418559528,22.6104688142462,22.4138101401792,22.41917982442712,23.09840626536818,23.90005606687984,23.587776029121525,24.136107391209546,25.30201124416792,26.17395470692192,27.463194005796193,25.870940937662088,24.950145029638605,24.705088058940408,24.625120385492533,24.815033507936274,25.10329544103722,25.649496622740962,26.964419889921608,27.01371283255969,28.184767393044066,29.10546962342302,27.1863357589801,27.079695751614345,26.749842990193418,27.0578598562414,27.265761093356627,27.657849844122012,28.43207291071124,29.24199687093889,30.03208845551704,31.231875271907704,29.150028147499274,29.132263901042773,29.22199021285169,29.507989104647574,30.005104399085166,30.390905909498652,31.309098693510805,32.123191886859566,33.138705783418885,31.437160495184674,31.761352647518024,32.08907990267094,32.78100440804095,33.65680919219764,34.155947359134984,35.3091272052992,34.0044074790313,34.34688231848707,34.76768260899768,34.25574499262861,36.368516521848946,38.247085601389294,36.52593065207237,37.076415819223946,38.108044360738326,38.41660154152109,38.76914599265761,39.10856020106084,39.99767714505431,39.832174595419716,41.42139072991152
E07,11.217930869817303,9.433015901608561,8.110935827634195,6.911047749798868,6.444087212321075,6.835239937266285,7.813580229318696,9.103294458601239,12.247884143802144,14.665773283396959,14.029610115751613,12.045779343819975,10.11945932350143,8.113438358673836,6.265605238123449,4.961797355797595,4.249542681277599,4.4165928044138285,5.926977307194621,7.635325926245716,9.706627478171807,11.877570669122537,13.846462544635724,11.601526149606352,9.403176165530452,7.191430038594549,4.874723581906978,3.1226155703192155,1.9973094402220204,2.990752580873249,4.5757416885134585,6.778062407502604,9.022325254611475,11.125099909663733,13.556638558285753,13.52877496301864,11.359034906188114,9.103279848494168,6.835249958853004,4.869100327575927,2.5091562326806196,0.0,2.1622657098515896,4.359752515911884,6.400002656249448,8.79122335059234,11.057186803161102,13.063733501568379,13.809778130006288,11.634455939149024,9.511187202447442,7.292290518074551,5.272318844683049,3.552576529787923,1.881784525390726,3.0319856530003566,4.773449591228549,6.2334555424740135,8.958320936425531,11.585158263916812,13.463760693060465,14.404731063091736,12.3457059741434,10.329757644785282,8.311344054964877,6.6070727254965185,5.393970430026476,4.690951822391699,5.1188687226769165,6.465221187244873,7.80871596358838,9.787989579070873,11.874251344821701,14.417879594448,15.352488918738876,13.31584593632714,11.504408763600154,9.888828444259714,8.364112026987684,7.4984062973407895,6.878067170361161,7.404899796756199,8.317701605611974,9.630001298026912,11.008064316672574,13.485507257793458,15.864226422993337,16.261069368279568,14.65031102058929,12.829057058100569,11.464023072202881,10.329024397299097,9.666847469573522,9.141230387644763,9.272378335680658,9.834229252971479,10.562242564910163,12.027792149850278,14.559848419540637,15.985367840622247,17.549507827856598,16.00041449463107,14.515917952372147,13.359697788498062,12.549157501601453,11.639231460882629,11.295262458216719,11.39659321902822,12.400324189310535,13.186656968314601,14.493988408992191,15.809956514804208,17.291477120246263,17.825219044937427,16.428029340124763,15.338723871300376,14.32576315593693,13.78193168608813,13.458321329200013,14.077114050827323,14.546325996621965,14.337612423273269,15.858891890671302,17.579317421333513,19.147079072276274,20.98749067897351,19.60471626930622,18.227884572818645,17.22710817287684,16.745581058894313,16.014619883094323,16.010609482465057,15.659903479906893,16.409673518994822,17.032211893937912,17.912659657348485,19.398600568082223,20.409970357646284,21.408377916133674,20.415527056630207,19.40004136593528,18.586240986277993,18.290309046049497,17.782004751995768,17.81595403002601,18.206452839584102,19.096442653017863,20.155353159892783,21.190353890390785,22.375265808477,23.306562337676485,22.220860694401555,21.49417083769458,20.86217246597295,20.28755426363661,20.319568523962314,20.470689534063087,20.268608339005418,20.987164482130503,21.970328104058893,23.152856519228894,24.292982772809108,24.384340815367555,23.295957267302843,22.901417816371108,22.6368110165721,23.09115547130546,23.71591290673838,23.049199313642113,23.41228483083187,24.379691384428966,25.068079024927297,26.195734690975932,26.71031025652828,25.59996707029132,25.13537413686138,24.848105380491283,24.79603067025043,24.877471756591344,25.199370031808336,26.249100194101892,26.15674631906652,27.1670203739755,27.878882491950787,27.811019488684696,27.489922244342562,26.94140220923922,27.04202531246504,27.047672007032325,27.273299488694065,27.838725635344733,28.4602317980722,29.082656618679113,30.13884038910588,29.52671553017707,29.33295731766574,29.238993228221798,29.335827958317456,29.646324375881743,29.85238993782575,30.60146274281672,31.25493170685228,32.12275420943852,31.452316051445244,31.602342777079045,31.748419362229672,32.26966230068112,32.99541255993021,33.3372715890188,34.34231036200098,33.85849826852928,34.04205002640117,34.29150572663732,33.659580805470526,35.60339395338596,37.3320050358938,36.250056068922156,36.642853013923464,37.533049249961024,37.70454748435525,37.95058682023244,38.72732761242376,39.45730862590605,39.11541184750583,40.63538562632328
E08,13.179836190180817,11.296167491676105,9.726272513147057,8.135624008027904,7.114432443983146,6.8373434899820555,7.14334886450326,7.98019680208452,10.62641581155189,12.926346158137651,16.16408478695902,14.166414401675535,12.209062208048577,10.130758362531406,8.121110392058466,6.59154761797258,5.149428317784412,4.182416167719325,4.928476133654296,6.147474684779109,7.9885730891067155,10.023897246081486,11.933804841709117,13.761866297853645,11.559062461981942,9.338016545284122,6.984592829936474,5.012416283590181,3.254282409379985,2.266296538407982,2.9930227195930206,4.954773960535435,7.058517974759291,9.085887793716143,11.500654068356287,15.669006254386398,13.50019736892761,11.241021528313164,8.974123076936264,7.011499482992208,4.653639006197193,2.1622657098515896,0.0,2.2465121855890295,4.252144047418902,6.6378355659055,8.91389056473098,10.935851590068328,15.880452921752578,13.679205971108118,11.53225411617347,9.261285979819434,7.1814862667835,5.151496966901951,1.9592758866479218,1.9346136565216323,2.9264018862760457,4.107208419352492,6.858331065208212,9.431210155648106,11.304792479298326,16.369460589768984,14.261599244124062,12.164724246771893,10.02722917859166,8.130529933528319,6.47921121742454,5.074054985906243,4.391511129440525,4.91270699309454,5.9940992651106475,7.78800520030643,9.838290196980369,12.309332110232464,17.16434866227088,15.05519498379214,13.132178798660943,11.314401486601048,9.52042588333106,8.143022657465716,7.044261849193285,6.912017650440427,7.144605307502998,8.057116605833627,9.221844772061608,11.504155118912472,13.82265159077664,17.898340928700627,16.21364289726402,14.242190912917858,12.657433310114653,11.244941707274432,10.154919448228036,9.16599672703411,8.807563397444266,8.803131374687078,9.20152840565088,10.369632057117553,12.786733945773644,14.054795693997121,19.061144404258627,17.396391148741166,15.743011941810881,14.345185952088595,13.238920990775645,11.957414603500206,11.199214481382166,10.896105726359304,11.559229602356725,12.066856467199733,13.029325730827363,14.109605380732658,15.463045624973109,19.03171839325078,17.488780889473112,16.196768350507455,14.863141020659127,14.06546479857669,13.35846533101763,13.634127658196546,13.793636540086156,13.257230668582332,14.519265029608075,16.0663850943515,17.499191124163428,22.235852715828102,20.70673757500201,19.155869935870832,17.946705909441988,17.225455175408282,16.223922737735162,15.930105617980063,15.231072516405401,15.685073477672969,16.13436559025486,16.71924355346258,18.00566813534005,18.845238788617138,22.389642471464345,21.224418060337957,19.99538331715599,18.9508402188399,18.45438554924005,17.626354472777404,17.415562724184365,17.58123778350091,18.205196867927576,19.040274892973578,19.898322567492972,20.933580606289027,24.195054474003566,22.928539966600574,22.00963918377582,21.174926139186415,20.377313390140515,20.162043200033075,20.01570395964129,19.674084197237747,20.135620179175014,20.934280259899076,21.93993445751377,22.94171713276929,25.01128209428697,23.72378991645306,23.163107239746573,22.669079293169364,22.925249835061773,23.391540094658154,22.424117596908914,22.623599801976695,23.4120980050913,23.93823830193024,24.92191712128102,27.244669001476236,25.978588972459608,25.328562928046274,24.86513241468865,24.604942349048496,24.507288915749125,24.63308021746367,25.44693003094872,25.23350401747645,26.1003446912105,26.631474048576433,28.152919138163988,27.6488398671626,26.915552975928247,26.836761205480812,26.668126068398582,26.748935118991188,27.13137139917553,27.587958405797263,28.064291635457323,28.994124663455526,29.644139673803995,29.299682250836785,29.047994009914007,28.981464024441554,29.1298574318516,29.18073312992667,29.781567067567146,30.295507010116204,31.03500644433637,31.2475847386642,31.247104985902293,31.236635302157627,31.60946038767508,32.204222595802555,32.411331968927165,33.287844327922464,33.50400722301737,33.55060299011033,33.65269192798698,32.92113997114923,34.71446571675848,36.31145082477427,35.77463025664976,36.03147027252704,36.79848954780617,36.853544876985715,37.00917206585416,38.15347492693162,38.74608606040099,38.25622099737506,39.713850606557905
E09,14.972517256627222,12.989594489436534,11.185815750315218,9.277069849904118,7.805116911360137,6.8953013712237405,6.439218120237891,6.68962450366237,8.707712673256967,10.877648459111004,18.214889349101192,16.19265864520092,14.188229241170301,12.023250142952197,9.865253012467546,8.1795988287935,6.253657569774668,4.44011193552595,4.120717655942954,4.537658426986324,6.022560003852183,7.901830231028758,9.758245590268777,15.899155858095108,13.679146318392826,11.437625627725364,9.035153789504637,6.89644966631382,4.925560374211242,2.839017611780526,1.8671887960246547,2.9833082308068675,4.873057048711825,6.848437632044261,9.256863237619966,17.888522856848745,15.718787230572211,13.462679153868297,11.194631927848276,9.228718871002627,6.8684919014293095,4.359752515911884,2.2465121855890295,0.0,2.063213997626034,4.4547199687522445,6.701407165663045,8.704380334061696,18.126259239015642,15.925684946023516,13.777928146132858,11.502539067527655,9.41690586126887,7.334705583729997,3.9900417291050982,3.2505736416823416,2.5826623859885363,2.4373366611939353,5.119705069630476,7.409247870060766,9.235168542046214,18.605354847462596,16.487162581839243,14.369572888572577,12.198531796900806,10.243362924352528,8.434322320139302,6.7337862306432035,5.27917503024857,4.628383411084264,5.064245353455933,6.310196351937077,8.209369342403837,10.447413555516983,19.352239818687657,17.217890259843102,15.252571619238507,13.349189113949954,11.435784188240001,9.786851025738564,8.40660228629855,7.717848469618978,7.1570118066131485,7.412313876246741,8.14500742786647,9.972808832019194,12.125091092441325,20.00730149220529,18.290447916877266,16.24852144042651,14.550763450760925,12.984984597603496,11.62341645128488,10.303803423978934,9.513310780164812,8.880061317355867,8.817201483464014,9.476081574152895,11.634100566868073,12.59191125286388,21.100720864463376,19.376214542577713,17.630233123813195,16.088275637867472,14.789074075140743,13.247047104921158,12.15520053310516,11.471723889634024,11.739753404565192,11.892949339839971,12.359709138972487,13.055116429967217,14.172346347729441,20.88612793219461,19.255240793093186,17.831953005770288,16.273026639196534,15.282556755988182,14.252186674331767,14.186600508930955,14.009948251153535,13.099162874016034,13.99311437815042,15.268410559059511,16.480239955777343,24.103877302210115,22.482415039314617,20.817363185571796,19.462426621570085,18.559079745504622,17.34252230789974,16.791366412534746,15.763285476067482,15.892034262485089,16.134895971155192,16.347176698133534,17.350282130270966,17.93646085491784,24.071202981986588,22.78370972866359,21.395918419175185,20.16990629626226,19.50415137861681,18.390246137558897,17.939381037259896,17.865345476648358,18.180457309979857,18.734486515514643,19.3561421776138,20.17941411438895,25.799012578003833,24.398706277177894,23.329556232384704,22.328782188019122,21.33920804528603,20.892800697848052,20.44862068698033,19.962987802430778,20.13221937591581,20.703860726927235,21.479792014821747,22.292976337851346,26.404857981060985,24.958175754650018,24.256434362865452,23.55699694358345,23.621247659681313,23.92545625479272,22.650418649552595,22.666271087234442,23.24033859477955,23.565532881732167,24.35993698678221,28.550202311016992,27.156931343581512,26.345634116490725,25.722103743667624,25.262769701677605,24.98534772621746,24.904008030837126,25.451049585429676,25.099595056494437,25.789391035850382,26.09227558109871,29.287685142393894,28.621004192725316,27.71849911160415,27.46519275373832,27.121086353610544,27.049480457117838,27.230362190026042,27.497379729712428,27.799233550585527,28.570337379877053,30.567699357328156,30.082238164737674,29.67766434542988,29.44633933106117,29.424282778004972,29.306841880352785,29.738392693620817,30.088186153372558,30.670749126814624,31.852473828574134,31.699332248487504,31.52501156225006,31.735575321711124,32.18160922017419,32.233147984644624,32.953848045410425,33.94685218101967,33.85004632197717,33.79304462459694,32.95456742243782,34.56958838343321,36.006510883449955,36.08218969242304,36.192318370063006,36.82095164441028,36.74433808085267,36.795014254651406,38.347554315757876,38.78796578837308,38.132939697851775,39.51421001361409
E10,16.96865006416244,14.956128275726977,13.069112058590669,11.039293682115717,9.372486649763765,8.116265212522322,7.08783817535361,6.694107856914168,7.670920674860352,9.540318652959135,20.273948061490145,18.24879530270423,16.237075629558422,14.055093453976035,11.862315330490924,10.139249922947949,8.07256743545695,5.981833331011488,4.969901608684019,4.372132202941718,5.040452856638974,6.471595243832852,8.148828688836206,17.961117030964417,15.742042815340074,13.500839233173618,11.09708430174341,8.941224189114152,6.948632455382858,4.710726164828518,3.138426675899885,2.5220126883106673,3.393912933473692,5.048196707736338,7.3829948530389755,19.921011068718375,17.752040671427046,15.49310485345013,13.226005443821652,11.26253719194747,8.903246879650144,6.400002656249448,4.252144047418902,2.063213997626034,0.0,2.393977861217601,4.661888244048757,6.6936663346778795,20.1042803900065,17.888491971096947,15.73035854645405,13.434415841412681,11.335981651361298,9.177445505150112,5.788585751286751,4.757161443550134,3.2200448754636946,1.533978487463237,3.4353014423773645,5.394839200569374,7.190038247464335,20.50742102264446,18.36314771492077,16.206119368929752,13.987390678750629,11.967256995652765,10.015817739955136,8.114457776093237,6.184111658112262,4.647772907533242,4.3366836407559175,4.836089535978424,6.502960325882359,8.516877479452196,21.145595900801663,18.97393224927295,16.953377864012822,14.952424886953954,12.926607753003106,11.045706179325974,9.463113335472633,8.336866617620796,7.116590335265899,6.721650764507183,6.977882916759208,8.314345193699863,10.301464458998051,21.674791463818057,19.919383248484376,17.798116670030005,15.983605632021831,14.275375056368922,12.675795280770355,11.090819131155282,9.946446300061144,8.777592209712182,8.286890490407123,8.426793577630818,10.279297446810263,10.95113039827396,22.670564726093613,20.877612363486396,19.032760913750792,17.346348693601197,15.865630400333925,14.097793905430736,12.721748621946592,11.711548872800728,11.609417987134412,11.431332380785713,11.427959835421193,11.760242897151402,12.656332841704188,22.233070143369766,20.513587935804892,18.96185982439486,17.192382499234945,16.02914610950939,14.712789300469167,14.332699745686435,13.850676012382934,12.6182410818624,13.155315351598379,14.164418131360003,15.168251876864387,25.452814873801287,23.73290850275204,21.952837857552723,20.455794533578988,19.3779003248546,17.965976399850916,17.178039061545995,15.85976535135372,15.686407268715165,15.736073207760567,15.6069936246543,16.34388038380115,16.703462156092073,25.21060921516971,23.79934068414501,22.25725843404798,20.86052434623828,20.036635970142292,18.663555529426862,17.994225851644742,17.699615956285605,17.728036552308886,18.021687185166655,18.42688264465805,19.058343107416235,26.846749710160445,25.31234544644174,24.09615840751384,22.937341825067698,21.769439588560843,21.107050125491245,20.388837436205137,19.775486087578226,19.675898175178688,20.03734725456441,20.60283458653202,21.245906005628473,27.229040324624002,25.628803503090037,24.791774845702356,23.89794855212472,23.77882345701738,23.928273840793448,22.37904423785788,22.227479501733885,22.604103388544303,22.74904217763904,23.373587871783826,29.274224157097656,27.759364329897757,26.79326835233059,26.018362765554638,25.37233148530107,24.928205009587032,24.655872241719617,24.956485429643333,24.4836958811369,25.012439185333367,25.115398324533896,29.83634061006812,29.01249008616806,27.95103835280543,27.53315610314226,27.02663702719967,26.81446544311484,26.81032004657908,26.905432313939873,27.051227144068715,27.680226913809793,30.90260830415452,30.283123567426134,29.734941079477526,29.35011604747075,29.17045294471788,28.90001455016935,29.177111097570986,29.37974217041395,29.822785651243244,31.876274829408782,31.580665176655163,31.25563248440191,31.317370659108658,31.627814088235688,31.541235311889736,32.123195062135395,33.81022917698134,33.58122570723112,33.37937526377628,32.4478048872339,33.89832711211572,35.19082928832454,35.81277583488887,35.788670064700646,36.29071644374081,36.09740490672425,36.055825188171745,37.96728457501274,38.26920456450591,37.46948232895672,38.780084231471186
E11,19.26451766850133,17.2227252489262,15.256737528056252,13.126108067511863,11.309338619035156,9.789659697864884,8.308236154563735,7.309374391834091,6.8991398014535115,8.221496822355403,22.650686523812034,20.620604258847507,18.598376192560465,16.395976884589707,14.168312708293813,12.414290998683734,10.243274915767905,7.9974378397084145,6.5579902409198505,5.165946379899815,4.686089734522803,5.206047348997125,6.474466232825684,20.35387346428193,18.13337745705416,15.890358649193542,13.481489902826022,11.30321087125247,9.294484439709391,6.980104082318544,5.2251457395942555,3.6448432065042247,2.6701170386333257,3.2302099003005984,5.288189576783344,22.30496984978908,20.136770197824674,17.876827459031986,15.610860386282365,13.649210453355902,11.291328929758444,8.79122335059234,6.6378355659055,4.4547199687522445,2.393977861217601,0.0,2.3003660578264493,4.367328817481002,22.45271769741917,20.227670379952308,18.06444358401332,15.757878822988836,13.655900190027753,11.458149588829778,8.079407218354573,6.9355545560539,5.112164414413918,3.057220960284029,2.5580996853132993,3.2154956072120515,4.879551208871569,22.79826732451394,20.63659661862876,18.4534448003618,16.205437112278087,14.147229057310128,12.109441977234129,10.098704124787497,7.9076932793324755,5.823612023478212,4.787384358916673,4.031049987286191,5.019087666100284,6.470976742347325,23.346807661862467,21.14897456142969,19.089247051678075,17.01776130987857,14.915988267627458,12.870627218593505,11.158113460616898,9.700273862113377,7.930553070246741,6.829629052884204,6.394533915775254,6.811949647494467,8.432093452992559,23.76637803705058,21.982752716618542,19.801454012268895,17.896626860947848,16.079789208817385,14.292241951492425,12.50219088800039,11.062204481928546,9.402631812423584,8.452972021721118,7.897386909604974,9.196817819224211,9.388121271053118,24.671837163048885,22.82344496345808,20.89800301464233,19.091338795380484,17.457190896590436,15.501913720570116,13.879062288209532,12.566677086644663,12.06746369375106,11.510338048901954,10.907620272085016,10.716254989500763,11.254046072413246,24.02960028797816,22.23582595722498,20.573134957998015,18.61813207601665,17.30061169438815,15.718499196806292,15.014767264263538,14.205268036893917,12.631066542457926,12.70205101548565,13.327968074691656,14.019922146716791,27.237556590120196,25.430013212737425,23.548044674664606,21.92236045684862,20.680459786958316,19.086382213505,18.063032082128405,16.454801518097995,15.94412860585363,15.76558815902534,15.218779188883714,15.595339816752952,15.641209735822866,26.79182951946358,25.26488197083058,23.577680992837273,22.018102415966734,21.038007914248915,19.40545492896263,18.50576845202598,17.965715822087358,17.65569058405816,17.62416820732258,17.74664931754724,18.116554197749636,28.328565088969825,26.665927960601707,25.30620990982253,23.99118921604346,22.644404386072953,21.75434368120537,20.73769307324226,19.985443202491158,19.569490054674393,19.66901464232512,19.96221433108061,20.377854352212847,28.4799428545775,26.728427806363772,25.75369383214765,24.657141460436975,24.33688034650292,24.310844349795833,22.46016404659592,22.11144891227167,22.24405178918625,22.162761966866857,22.564772278930715,30.409797269958904,28.77377156370016,27.647056642615684,26.712099748990155,25.86329609697882,25.233677595626048,24.742453435340643,24.747461950672843,24.131116551042556,24.45606550530972,24.30494198717619,30.781868965350363,29.791635017232604,28.56115790719977,27.96137838161774,27.272962527015654,26.89914550687438,26.676226588481363,26.563135997091912,26.515861290933017,26.962772928614,31.609353204391894,30.844131321857645,30.137184622986933,29.579008942153557,29.21714607897219,28.767473941936576,28.857108136471332,28.878593109775966,29.145801515827284,32.228705543350635,31.770953164801337,31.271954016338665,31.157176845792687,31.303094703239807,31.048638891262208,31.456163990544045,33.968687772712094,33.5864555140908,33.21419276453968,32.17566962784147,33.41986644198328,34.529189275162544,35.8074664979247,35.62478599233966,35.97332536755533,35.639493164185154,35.4852267852412,37.82271201275763,37.958202539108726,36.98628940567031,38.20599922786996
E12,21.307348521108864,19.232290165240332,17.180426653607878,14.957974094107797,13.019263266406437,11.29934267999692,9.49797999576752,8.060504822900363,6.359217090177061,6.962210712122982,24.82488469258216,22.78539049478854,20.74458977661405,18.511372558511162,16.240139685359853,14.455491862956446,12.190740789632105,9.846213485396301,8.13842638352157,6.3036568751796755,4.938036553125138,4.328518568748436,4.914871819284812,22.581775771626113,20.354567890279565,18.105684024637124,15.68394752605351,13.465991088664806,11.442003539590432,9.06668434434551,7.221475195553883,5.263964475564021,3.290335697159182,2.062143544955103,3.2524164862452656,24.582255144717703,22.41306266443745,20.15454340837321,17.8871744554583,15.92301133579952,13.563124013294281,11.057186803161102,8.91389056473098,6.701407165663045,4.661888244048757,2.3003660578264493,0.0,2.0759106435489945,24.750409289545093,22.52684516304935,20.364096100735726,18.058121635430414,15.956193092338786,13.756985861735847,10.379630099382155,9.224724657137468,7.357671982359638,5.305612499985275,3.8756503970301552,2.2996695414776447,3.1718789384212,25.096649358031843,22.932645115642458,20.74489549262661,18.490926748002654,16.4240874936783,14.362834713245155,12.321455961046162,10.052048995105427,7.79934336979723,6.48436373131551,4.9537258704938445,4.960528701660742,5.290520579300302,25.62426428212135,23.418938255181423,21.346955403523005,19.250899303668906,17.122136840943654,15.011475643653425,13.250268676521243,11.644913438922593,9.616613333185441,8.112076491256724,7.147916339745451,6.484782957046442,7.43307876993107,26.002685649755488,24.208593040488743,22.003367219587098,20.05985007421541,18.194915361166153,16.317990562566216,14.430383813329428,12.838545867815405,10.90901760013247,9.67282895537805,8.566687341090486,9.207430151785026,8.791216582475943,26.8662612397036,24.992988216697896,23.029798305673456,21.163450025929137,19.449305848795735,17.39568432111827,15.635924341080703,14.144706041484213,13.371870325425686,12.532411180614847,11.418895568311324,10.693346763291649,10.784898006008216,26.1172305193334,24.285339939972015,22.562813698650267,20.503333631387846,19.09623033480692,17.351766970542222,16.426636417721067,15.380583734045988,13.563804849672527,13.213593303867045,13.437262556041688,13.768751758964935,29.312464464797223,27.45674707608314,25.51772568235657,23.81700577318652,22.474016218735805,20.7667014713459,19.585382814742225,17.779737034050868,17.008824092217548,16.640852922852243,15.727176097443559,15.74009262996886,15.449806536005555,28.74379106868125,27.146583744552462,25.369014269379882,23.704973866258534,22.619846263845385,20.808343542915665,19.739389301596947,19.006647389794974,18.40943741671646,18.078482707351302,17.92100225991839,18.01216488931855,30.212180391358714,28.468126914147337,27.01386977091583,25.593161977372002,24.122026324502674,23.063475735456702,21.815000573000223,20.954089624700952,20.265795937983786,20.121116395468718,20.144111422448,20.32035688662972,30.204737260899986,28.35091894454217,27.278792971830697,26.03341101354181,25.555616858139032,25.38546089792344,23.291843658242254,22.770119652737886,22.673927670344195,22.373125709207464,22.544621176679815,32.045208721429795,30.325030090669326,29.08084120172592,28.025161640925464,27.017271901507744,26.2366482806017,25.559401597064042,25.29637145916386,24.550042973485812,24.67404287910678,24.266594837347903,32.27348362045846,31.157705066323484,29.797518369824022,29.050865064572516,28.211788263064786,27.69888851560654,27.27974891746623,26.972299457035543,26.73800007479991,26.99896664689225,32.91042099396481,32.0297392590074,31.193524728699703,30.489496191311527,29.968734324292043,29.35870407562296,29.27204772474929,29.118255579618776,29.208548235062967,33.23306950915007,32.636745625138545,31.985190698196565,31.709290010973124,31.699503623873984,31.28400270106113,31.515744081331796,34.796711410706614,34.27876103361964,33.751535150271316,32.617572319226944,33.65708134999231,34.57933862872452,36.48101584386049,36.15292526200335,36.355157460806026,35.887000501574384,35.62239660662937,38.36050348991786,38.33855761501729,37.20369035458714,38.32912309197798
E13,23.0714588182022,20.971421744841237,18.850924566185075,16.563320560805433,14.542500094550455,12.68946161190458,10.686963694146247,8.97449391330787,6.3017896664360356,6.088837738025213,26.713292889496046,24.666448406692034,22.60996616538822,20.351405971087107,18.04666240610712,16.24263063669183,13.914519107752161,11.520751928585218,9.657722143445628,7.607329689187922,5.756472009833801,4.245593715842344,3.889612834203425,24.53093871012685,22.298427859380578,20.04608722419415,17.615323357804137,15.365483949423785,13.336566424683678,10.929130340516577,9.045614683370058,6.931389831772557,4.666543260273069,2.58386087086747,1.7454495123033493,26.59221647399855,24.422420621224262,22.166960662210776,19.898912156195873,17.93283371361035,15.572742404599135,13.063733501568379,10.935851590068328,8.704380334061696,6.6936663346778795,4.367328817481002,2.0759106435489945,0.0,26.797378696432233,24.578893913274452,22.4184054963773,20.116386554249747,18.01526755282863,15.824795132955117,12.44345579009304,11.299101734208786,9.431246895294386,7.380722254630641,5.741022992463973,3.321542563328069,2.8585473583622854,27.165055678205412,25.003898755994033,22.818892742637626,20.56640233487617,18.499978297284567,16.435741175864262,14.38716872772402,12.094158920735248,9.787191629880352,8.377838384690886,6.566169735850575,5.975249283502739,5.218599141532142,27.700131858891936,25.49417866886478,23.420089880271597,21.317541626557222,19.18007322718034,17.044407528570773,15.264335065766867,13.594384796672484,11.451766894239508,9.759714032695834,8.5213684933818,7.116306977639455,7.338928872798809,28.069396466614666,26.271900311930235,24.057964834956426,22.0986404106678,20.212656035266615,18.293642310923214,16.359774631699544,14.692906894144535,12.628624311460056,11.244608708176555,9.820000458248462,9.941785805377222,9.013148839334676,28.916470669844895,27.032495352815655,25.052017982589746,23.15647404075154,21.40116653362615,19.296541503595922,17.463547320060723,15.873869408559464,14.936072074009283,13.920716396795102,12.465756655734943,11.340119664271626,11.036093964804756,28.114654274950635,26.263205002436393,24.508700189932554,22.391451069548843,20.93387135720481,19.095361373904396,18.032641431581787,16.836100171951937,14.873319905118695,14.219127153239752,14.116901926414307,14.130695665819147,31.301036660149133,29.419080560071894,27.44836995160186,25.704643802239318,24.301396585381674,22.526508140410932,21.24620448456618,19.3175122621936,18.370486112239927,17.86833268662748,16.6868788273901,16.405067052590795,15.830638174122987,30.66041747921903,29.021369574849498,27.189018077157552,25.46050441369927,24.308585232382406,22.382216199474083,21.20049822527763,20.33396301757235,19.52691867653471,18.964605400587697,18.579155551316102,18.429840395402238,32.08456265869928,30.2901057277785,28.775824870887714,27.286925019136913,25.734416663293537,24.560996233866412,23.15006403878832,22.213595589188166,21.321933542716057,20.984133529883955,20.78327389994175,20.751851604134025,31.972719652854057,30.05245577319764,28.915153760614867,27.567816489522706,26.977157930367685,26.700283481641165,24.431732234943965,23.777530948355423,23.497246498260175,23.01590782480674,22.98776876950001,33.74904782360534,31.972964595107538,30.647878393128618,29.50748379648797,28.385117544234337,27.493313368890263,26.675176869141843,26.199451482807802,25.351174035929777,25.30600784398835,24.680144651115803,33.87514466389775,32.670534369673234,31.21788144637621,30.362748261644562,29.410772482204543,28.79092982173379,28.216476108826914,27.75090357087495,27.360489487580445,27.459643570155823,34.37113464813171,33.4057870734997,32.47312775203522,31.657899124862976,31.013005078515047,30.275758553667984,30.043900495774512,29.742936388325884,29.680263223226305,34.46644051827807,33.7627916499806,32.99115252609403,32.58470248444813,32.44538168984918,31.895078146949256,31.97385134762467,35.88623705545066,35.260209315884666,34.60742585053099,33.39803852024846,34.26029217622057,35.01698275123087,37.44073183045438,36.993571333408724,37.072430362737215,36.491288823498685,36.13229576154828,39.203017090525066,39.04879338724822,37.77792324890292,38.81826709166704
F01,9.886282668424972,10.866620679861795,12.651045332303573,14.396731052568843,16.114614733216552,17.978237650003408,20.026274740949702,21.915137462493817,25.664429586491885,28.203110218555686,6.70522691636905,6.949082529370334,7.901836811779905,9.442746316617852,11.284600347376065,12.69447064670284,14.874485705394992,16.91525347134946,18.98196976080196,21.073543840559896,23.312542225162833,25.5861455674746,27.59455629286327,5.039597702198064,6.3107002780990955,7.980253755363923,10.087285958076135,12.317474578824994,14.128108188996855,16.44508634820748,18.27264534762277,20.528900457647506,22.820688355086926,24.934638156588516,27.364323799429066,2.202817287021327,3.1749900787246563,4.983342251942966,7.115142303566388,9.025732657241736,11.330076125075243,13.809778130006288,15.880452921752578,18.126259239015642,20.1042803900065,22.45271769741917,24.750409289545093,26.797378696432233,0.0,2.2532299039379002,4.4152293258674575,6.736046392358057,8.827522075871576,11.090121910962026,14.39855010061777,15.652077338168247,17.66100283109654,19.588134469622165,22.02764449504304,24.91001806502757,26.822001864141313,2.158650735992277,3.073180111871089,4.95722069309003,7.05644131272981,9.07016747364678,11.264131080558322,13.35791095194155,15.816176940082581,18.304850969073744,20.015843349706753,22.364867091042594,24.446423889804414,27.279515831480587,4.628062229486548,5.00030169089826,6.243134228894971,8.103424708109529,9.974206033564776,12.29000687550662,13.924778633788042,16.06422251464415,18.53779285675617,20.72412596468184,22.615752474768552,25.675824621616343,28.237879311308063,6.989123621742571,7.067586080126651,8.01412634040667,9.499987210517707,11.084339448068162,13.11305334390126,14.913681403328958,16.774923308319472,19.057513295285933,20.711017840753264,22.986610450433968,25.67364037295841,27.738319722001908,8.916071163915193,9.132667737304365,9.915390562151346,11.265800859237661,12.833604404063575,14.487354382357049,16.26199034558808,18.02062687588864,20.039372944281464,21.749001126488544,24.249050455636404,26.448342500050924,28.417174472491105,11.685098630306891,12.028619205877291,12.918634370551711,14.451396956695916,15.612249069240471,17.39728062083267,19.405149213546387,21.15059876221002,22.454073884264297,24.827832446671618,27.112657652838095,29.181957182478353,13.473116380407319,13.635774418785315,14.032314848235126,14.86538058712255,16.110853763845043,17.265400835196385,18.849367628650036,20.397180515943862,22.38371526355712,23.70102432385571,25.848757726436297,28.109604977658435,29.891097571016022,15.816442868104065,16.336339277818638,17.081303258241157,17.99820329921851,19.00221168706422,20.457271690037263,21.79170599104164,23.25321210069697,25.31966259648813,27.34767597072921,29.160986574531393,31.009881586358887,17.929875961645692,18.36024536873078,19.104392374529997,19.934141265677837,20.869668948021193,22.334838369686043,24.11541104770972,24.71217756491726,26.67134914097898,28.486509526440756,30.470372183483416,32.24805060774992,20.59675093309622,21.054996010448445,21.80872233763363,23.015985683867633,24.56202395976358,26.00037224733523,27.159905320158977,28.377035521703107,30.20530158763524,31.715941890475207,33.54,23.12329842388408,23.227580373340654,24.03288881928263,24.892817136676193,26.10945439874223,27.236186608995027,28.64775792274153,30.911824355738048,31.520715252037032,33.24052971900418,34.924515243593575,25.316109278481164,26.216583091623512,26.907059018034655,28.09046964719529,29.14203357694861,30.19528646991116,31.764966755845975,33.28052526628749,34.693823311938395,36.39944285287894,28.231118610497884,29.010425867263653,29.904743252534374,30.986030303993445,32.237331542793676,33.34760004857921,34.90332353802428,36.32746641317008,37.8910391781487,31.943334218581505,33.00432373189913,34.09014238749965,35.46036837090106,36.91362840469628,38.041160931285994,39.75065666124272,35.03429327102233,36.04536266983591,37.17626502218855,37.203340925244866,39.91571501301211,42.33983660809285,37.97055713312619,39.17459923215552,40.7625775681568,41.64227209219016,42.4317106419244,40.87812485914685,42.41602810259348,43.01581746288219,44.837026763602424
F02,9.252902787774223,9.81391114693831,11.308006941985843,12.814451607462567,14.382178729246831,16.150557947018427,18.114452931292185,19.94406992065561,23.61043398584617,26.127838352990477,7.1380166012695705,6.710006035764796,7.056476457836447,8.133122954929428,9.679341403215407,10.922299025388382,12.979926039850922,14.915673132648088,16.950067403995774,18.999053792228707,21.21161285711202,23.461031520374377,25.456853104812463,4.686649122774181,5.130885790972159,6.327162476181562,8.19361708892965,10.337772729171405,12.06737892004722,14.336625265382366,16.137713251882996,18.384337491462674,20.655926607150793,22.7509020700279,25.175279462202596,3.2042660626109063,2.39908336662151,3.212714895536173,5.092657950422352,6.9258025527732165,9.179814812946937,11.634455939149024,13.679205971108118,15.925684946023516,17.888491971096947,20.227670379952308,22.52684516304935,24.578893913274452,2.2532299039379002,0.0,2.167995618076753,4.488422662807058,6.58525451292507,8.841418268581121,12.162865205205557,13.406761353884093,15.412531524704175,17.3474363812063,19.776106618846892,22.661622735364737,24.57344568838485,3.0626139162486674,2.0541063750448756,3.032158307212867,4.9085012987672725,6.8613920599248654,9.039239901673149,11.119298988695286,13.571027742953,16.05506306434204,17.76512454220347,20.11275548004301,22.195901288300956,25.02700263715174,5.032556904795016,4.338046103950487,4.803973771785188,6.281272880555342,7.950586707910303,10.184398754958487,11.761281435285868,13.883783346048007,16.330404924557136,18.5020825854821,20.385088300029512,23.435026968194425,25.9954630849308,7.098776514301602,6.584330793634233,6.863139951946194,7.951199280611698,9.292818409933554,11.176900509533043,12.870097590927584,14.673393097712607,16.90135101108784,18.52759566160704,20.782319047690514,23.47488762486415,25.517163047643052,9.003379920896373,8.706048299888991,8.985707373379126,9.954324688295033,11.266973906067236,12.698876170748338,14.34012402317358,16.014108904338073,18.000025138871333,19.670343794656972,22.11775045071266,24.27820883014231,26.22825163826213,11.292499147664346,11.254912038750014,11.811295652890921,13.020232601608928,14.007863220348776,15.62113542608219,17.54976082458106,19.216677262211594,20.41738878995059,22.754948934242854,25.01770880796241,27.064152859455994,13.532747319003633,13.324234199382717,13.350690057071958,13.873238446736218,14.888758242378712,15.814862282043432,17.251122543185414,18.627520339540634,20.531981151364814,21.805519324244493,23.868073173174242,26.085220968970148,27.817832140553296,15.523044095795129,15.746499611024667,16.189330869433732,16.851228827595925,17.69449750628709,18.928845712298465,20.140345602794408,21.513119392593907,23.491413601569406,25.450322748444666,27.209068653667657,29.013052665998455,17.66859499224542,17.80547873549038,18.301507615494415,18.90999050766552,19.640072021252877,20.94209277985369,22.552882143974415,23.06607693128591,24.917885062741583,26.668232974833558,28.59123054364747,30.321385011242477,20.097063367566918,20.28563284691902,20.865657550146842,21.8726327633415,23.29398660598911,24.64756539701234,25.592712595580796,26.726033001551126,28.478748445112544,29.91553718387821,31.682236111108068,22.648344862263116,22.53592591840859,23.144716373289175,23.841306046439655,24.893491679553513,25.894267357853554,27.184125091678048,29.326426649014024,29.859539530943877,31.515166079207006,33.107145482508756,24.689514616533067,25.39984649559914,25.905470078730474,26.946151116625174,27.86504634842727,28.820638056781462,30.27937202122924,31.700374776964388,33.032812126732416,34.67733630197106,27.45214164687338,28.08745271469095,28.843692412726913,29.796054789183078,30.931713984194282,31.933863562055873,33.40160057542153,34.74295607745547,36.2353341505222,30.935104008229874,31.87408731242355,32.83872148851109,34.10707624526031,35.47765641921687,36.51455956190626,38.14960791410575,33.95858430500306,34.860344590953204,35.879179394183474,35.818438896747026,38.4515034036382,40.80321968913728,36.842869187944636,37.942097069086735,39.446230555022616,40.237755827083596,40.96189474377376,39.71170433260199,41.147532088814266,41.62466087549543,43.416817133456476
F03,8.914123905353796,8.996651877226329,10.11525274029275,11.323128763729573,12.706746947980038,14.360252400288791,16.228653979920825,17.994506383893945,21.57763925919608,24.073988369192172,7.951154507365581,6.959693815104225,6.6453686880413185,7.10500724841291,8.230822862873433,9.248253078284568,11.142183134377213,12.95481570690992,14.949949364462743,16.954338677754436,19.140324579275035,21.367320959820862,23.351785734714166,5.111867075736614,4.562007014461946,4.979305172411107,6.430352089893678,8.430945973021059,10.056948891189613,12.269802973153237,14.043053015637303,16.27868127337101,18.532254503972258,20.61225970144952,23.03231940122401,4.900513646547676,3.1774568447108766,2.212204782564218,3.2671088136148754,4.917245163707012,7.088778808793515,9.511187202447442,11.53225411617347,13.777928146132858,15.73035854645405,18.06444358401332,20.364096100735726,22.4184054963773,4.4152293258674575,2.167995618076753,0.0,2.321086168154901,4.417424136303871,6.675003670410976,9.996197527059978,11.2390046267452,13.246046240293742,15.179519162345033,17.612985323334602,20.495137228132922,22.40706750112562,4.942448077623072,3.115141409310338,2.221008104442665,3.139884392776269,4.864753642272135,6.9826634603136934,9.021431427439882,11.45216018923941,13.920342273090846,15.626443773296598,17.967652322994233,20.056929500798468,22.87918953984166,6.380329928773276,4.940886256533336,4.393065558354439,5.080815092089064,6.310500455589873,8.354065417507814,9.814214690947004,11.896508941702182,14.28848746368908,16.42983435704694,18.294424560504766,21.32156701558307,23.877596570844396,8.035022650870376,7.04018131868775,6.567007004716836,7.053340839630537,7.984363531302918,9.605549333588371,11.112779715264763,12.813030945096479,14.945509459366047,16.523486617539287,18.739798558148912,21.43909886165927,23.441511064775668,9.804192215577986,9.054787131677916,8.79434591086796,9.267379834667402,10.2108115250454,11.314015953674451,12.74788531482771,14.287848438445867,16.216176429725966,17.82385199669252,20.188473394489243,22.28721384561112,24.20608198366683,11.555249023712124,11.131048917330297,11.300262120853656,12.092536706580633,12.84439025411483,14.213657270386113,16.020543873414535,17.572601913205684,18.62795329605483,20.90836660286977,23.1356608939533,25.14683727628586,14.152774462980748,13.603525792969998,13.259083301646461,13.436523731977703,14.171698169238576,14.8136591023285,16.052190193241543,17.20154914535316,18.988919637514925,20.19988722740798,22.14380423504507,24.297533249282733,25.961254284028726,15.770626652102319,15.69606450674818,15.815416561064712,16.187073608283864,16.83616550762079,17.79795170799157,18.850766562662645,20.10555179546187,21.964380346369893,23.82916072798201,25.513591828670457,27.255925337438097,17.91071863438204,17.756189343437402,17.98973312753694,18.35388727218297,18.848529703931817,19.952723247717337,21.353744402329067,21.76438857399858,23.47748208390329,25.14204695326138,26.98430397471834,28.651257180095957,20.073,19.984421858037322,20.37520159409472,21.15578495352985,22.42782559678936,23.677362965499345,24.37148819830254,25.4013508499056,27.05797542315389,28.401818603744374,30.09465284730827,22.622537877081783,22.292273100785394,22.691490585679908,23.208540346174292,24.07424036184735,24.929081431131795,26.07487879166459,28.06870615115702,28.511770201094144,30.087073403706114,31.565621568408883,24.49420357962267,25.004106642709715,25.31185581896357,26.192875080830664,26.961788534887667,27.80449469060713,29.13255177632059,30.440954847047752,31.67627291838483,33.245653700897506,27.08212967991993,27.563892486367013,28.169895083226702,28.978923444462183,29.98343684436459,30.86207136599875,32.22641810688864,33.47021221922562,34.877518547052624,30.307485230549894,31.112577601349585,31.942638870325037,33.095229036826446,34.37031236401555,35.30316168560544,36.850404407550265,33.24732628347729,34.02919599402842,34.92359175399918,34.76673965156929,37.305433987557365,39.571560924482114,36.06686802315943,37.05073042464885,38.460353092502935,39.15374343533451,39.80434220031779,38.886555028698545,40.20954973634994,40.55242633924633,42.30932791950258
F04,9.203839416243635,8.73410842616463,9.317206287294491,10.074834589212868,11.16601294106361,12.631425097747284,14.34694312388531,16.012415589160806,19.467229515264876,21.930085658747437,9.37375661087912,7.973261127042059,7.043259614695457,6.722464205929251,7.17334677817823,7.79944215953936,9.388636216192424,10.986918630808184,12.908359965541711,14.83766292244166,16.97898188938312,19.169705735873986,21.135623388014842,6.4615442426714065,5.104312392477561,4.426704982263897,4.984487235413488,6.626467007387873,8.038801154401071,10.137186690596163,11.857444286185787,14.070219223594208,16.2923396109951,18.347167220036994,20.759293099718015,7.037649110320861,5.053597233654459,3.139105764385775,2.260079865845453,3.0809824731731275,4.960570330113263,7.292290518074551,9.261285979819434,11.502539067527655,13.434415841412681,15.757878822988836,18.058121635430414,20.116386554249747,6.736046392358057,4.488422662807058,2.321086168154901,0.0,2.102288514928434,4.354083715318298,7.683137380003042,8.918396492643732,10.925010297477984,12.861011041127366,15.293707235330485,18.17408322309546,20.086030493853183,7.116193504957549,5.065927851835239,3.2306361602631766,2.1651810547850263,2.9451066194621887,4.849548020176726,6.796409640391021,9.187881148556505,11.632278538618305,13.332515441581158,15.665612563829097,17.760819913506246,20.573306613182044,8.178337789551126,6.334386315974106,4.997358702354675,4.571420457582085,4.947634687403669,6.566237583274002,7.812501071999926,9.813682387361027,12.118742055180478,14.215730230980046,16.05502516348075,19.053128063391586,21.603052862963608,9.43735482007538,8.098124350737027,6.945634024335,6.6840074805463825,6.992174482948777,8.16136783878781,9.364946235830722,10.89758326419211,12.885936830514108,14.395068356906126,16.55806537612411,19.26108639199773,21.214713101995983,11.012381577115825,9.881726822777484,9.094924133823216,8.985040567521105,9.4297733270742,10.06863694846527,11.194541750335295,12.535316908638567,14.371096861409015,15.889221535367929,18.141792221277367,20.161141683942404,22.040438153539508,12.188807365776194,11.383309931649935,11.121852768311582,11.398202709199376,11.839314253790208,12.87295218665866,14.500192998715569,15.893094255053041,16.760274132602966,18.96015255740312,21.137779069713073,23.102628768172682,15.06585437338354,14.191593462328322,13.472301844896439,13.269265880221106,13.666775040220719,13.960410058447424,14.93864481805495,15.795544941533358,17.422361034027507,18.548409123156627,20.338590831225254,22.408667988079973,23.986713176256558,16.277317715151966,15.893099508906372,15.660025031908473,15.69911784145848,16.113396290043884,16.740774474318684,17.5919417063609,18.69366919574646,20.39645461838895,22.13962623894089,23.729756277720174,25.394679304925273,18.374422031726603,17.916453248341313,17.863021944788628,17.951253243158263,18.17248428256302,19.035344178658814,20.17812521023695,20.465000097727827,22.003313795880835,23.558593251720275,25.29914532153211,26.88746892141393,20.226608465088752,19.840512745390427,20.018254794062344,20.53662021852671,21.626790839142085,22.747135775741086,23.147698719311173,24.051597077948898,25.58881788985181,26.819875409852298,28.422157148956867,22.7452717943752,22.184101176292902,22.350149395473846,22.66319447915496,23.31215875889661,23.99521435620028,24.969289236980693,26.78268250194517,27.12055959968378,28.59775909053015,29.941884042257595,24.417407110502133,24.705038352530444,24.792314333276753,25.489045686333572,26.084528939584093,26.79482472418881,27.968003504004358,29.14286027485978,30.263251923744082,31.74245196893271,26.79542783759946,27.10561406793803,27.541714725121963,28.1864695377055,29.038928423755586,29.77462308745486,31.0169251377373,32.14631389444208,33.45343559337367,29.718194460633036,30.370987800860213,31.047462778784357,32.06596432356276,33.22950016175387,34.0426730149088,35.48708376296931,32.55158248073356,33.19754859925654,33.95033437243292,33.686842787652274,36.112290483988964,38.27715591576783,35.28855995928426,36.141539756905765,37.44214306099479,38.024706494593744,38.59190916500504,38.044770534200886,39.2394855343441,39.432907843576544,41.14665969431784
F05,9.737854640525295,8.80662869661257,8.84100955773717,9.09962795942779,9.84602752382909,11.084988452858218,12.62484510796073,14.180975706911003,17.50697095445126,19.937753133189307,10.788223672134352,9.142636928151527,7.803186592668408,6.8387440367365695,6.565077684231924,6.70654941083714,7.878687263751494,9.20800228062526,11.035551368191804,12.88299483815778,14.978920555233612,17.136487884044385,19.086444430537604,7.942624566224945,6.169307902836428,4.717660861062397,4.164632036566976,5.163938225811769,6.250100559191028,8.189634729339277,9.847997258326183,12.034743869314378,14.228752756302992,16.264787056706275,18.67139365446511,8.988287156071507,6.907222017569727,4.757267493004782,2.89507789187096,2.1246458528423036,3.1225689744183396,5.272318844683049,7.1814862667835,9.41690586126887,11.335981651361298,13.655900190027753,15.956193092338786,18.01526755282863,8.827522075871576,6.58525451292507,4.417424136303871,2.102288514928434,0.0,2.280217972036884,5.580965239096191,6.82514183002815,8.838763318473914,10.762206558136674,13.217409731108438,16.086018338917807,17.998122402072944,9.188636732399425,7.088043594674062,5.063258338264008,3.201013901875467,2.3140008643040737,3.3243112068517293,4.97289302116987,7.250652729237555,9.63566007079951,11.320124425111237,13.633444832469891,15.738461074704857,18.52977458038818,10.08566913992324,8.091673807068597,6.424449937543292,5.266312751821714,4.676944729200891,5.514271030698437,6.360104558888949,8.18062644300545,10.322664869112044,12.338308676637979,14.1317289105049,17.077722096345287,19.614957812852925,11.109343139898055,9.60117977125728,8.061433433329336,7.231334662425741,6.906005864463192,7.46807994065409,8.224989544066302,9.487987457833194,11.245913257712777,12.644721032905393,14.720314195016355,17.420322959118757,19.3002209572844,12.532065153038426,11.173908626796623,10.033380487153869,9.448739863071689,9.400955057865133,9.516896605511695,10.244371332590399,11.308353770553873,12.999792998351936,14.3887266983566,16.482101140327952,18.388889498825097,20.210219617807226,13.279580716272633,12.199258092195606,11.584990289162958,11.37369878271796,11.485718305791762,12.127385249920941,13.518123908294376,14.705557384880043,15.336535462743859,17.421400230750685,19.526939263489297,21.42726303100795,16.31330797232738,15.206576011712826,14.201795449871822,13.678704397712528,13.758400670136046,13.706312852113072,14.396482973282051,14.922699655223246,16.348441057177286,17.366455021103185,18.964636827527173,20.925018757458737,22.394343928769157,17.1945384642915,16.56240710162626,16.02905290402399,15.763766681856213,15.945825441161709,16.22716219799383,16.854777957600035,17.778601885412698,19.293872602461125,20.888579104381417,22.36296017972576,23.93185646789651,19.229771969526833,18.524678890604285,18.222389799364954,18.059077772688173,18.018624253810277,18.633029732171845,19.49972071594873,19.653844662050222,20.992091487033875,22.417944174254696,24.037036776607884,25.53088032168104,20.801835039245937,20.15951291574278,20.14201946181167,20.40873109725345,21.31200424643351,22.29488104924536,22.394030566202236,23.15990995232926,24.561333229285417,25.66482931951818,27.161816470921085,23.270139664385344,22.510994735906277,22.46443600449386,22.58461549373821,23.020496193609727,23.529494788456464,24.324336866603375,25.94193109620022,26.16818870307993,27.534968349355335,28.729664268835442,24.753652437569695,24.838548045326643,24.720744183782173,25.237284580556604,25.660274297053025,26.235117171455514,27.24586524594145,28.278291603277594,29.274518783406158,30.65353646808146,26.925761641966602,27.07562972490206,27.349097407409992,27.83242023252739,28.53166950951171,29.121620301762057,30.235295202792383,31.243291279889192,32.44225516205678,29.550386951781192,30.054720577639713,30.579104793960205,31.461150916646393,32.50885811590435,33.19818761619375,34.53288689061486,32.26939189076857,32.78197846378403,33.39363168330153,33.025505204311415,35.32957397139116,37.386051329339395,34.91663937150882,35.63998879068286,36.82970219809006,37.300755716204996,37.78291426028437,37.602660889889165,38.66921506832018,38.71469604685022,40.38129424622247
F06,11.170027976688331,9.886512681426145,9.378396451419615,9.03445255674078,9.268178030227947,10.111736992228387,11.31960723700253,12.655828775706473,15.705505085797146,18.059153745400142,12.807593060368525,11.04,9.473337796151892,8.074682037083566,7.130267947279401,6.664728126487981,7.109447587541525,7.887869420825879,9.479529313209596,11.128262847363017,13.106099686787065,15.175203359428169,17.07935493512562,10.035365514020901,8.095569776118294,6.283366772678481,4.8492855143825055,4.755346464769944,5.075222655214252,6.539349891235366,8.002715789030622,10.095488992614474,12.19756766736713,14.16711826731181,16.549281102211058,11.25794901391901,9.157908604042737,6.96461973118418,4.901284933565891,3.363014421616416,2.4240249586173817,3.552576529787923,5.151496966901951,7.334705583729997,9.177445505150112,11.458149588829778,13.756985861735847,15.824795132955117,11.090121910962026,8.841418268581121,6.675003670410976,4.354083715318298,2.280217972036884,0.0,3.388950427492264,4.570322636313546,6.57113422477429,8.521260000727592,10.94193227908124,13.820243268481203,15.73212217089608,11.34026829488615,9.186261481146724,7.038292193423061,4.87575307003954,3.0571048395499947,2.2237565064547873,2.9920596584961334,5.052720554315269,7.377924708208942,9.051757674617676,11.356644750981692,13.46408871777069,16.25017772210507,12.019183499722434,9.90399399232451,8.007096664834265,6.336323224078772,4.9181104094967205,4.640977590982314,4.831870859201434,6.319931407855626,8.237337433904235,10.163131653186433,11.914887829937804,14.823817389593007,17.35329133046524,12.774759214951958,11.127603021315956,9.276533889336038,7.9599086050029495,7.015624348552309,6.8303794916534475,6.983416713901584,7.859651391760324,9.31504079432828,10.585551284652112,12.570217818319618,15.260280534773926,17.08208186960828,14.013210089055256,12.44791580948393,10.987801326926146,9.9483010107254,9.38221349149549,8.907019984259607,9.136772843843717,9.843490488642736,11.337644552551469,12.56963141862163,14.487133739977692,16.283768759104877,18.053154765857407,14.29614556445198,12.956061901673671,11.992535094799598,11.26721127875039,11.012255400234777,11.1910369939519,12.280050325629778,13.219034155338278,13.588473718560154,15.539190326397318,17.564382625073957,19.398975978128327,17.44581775096828,16.10572879443833,14.81708095408809,13.965901617869145,13.70153002405206,13.273464129608367,13.628935101467025,13.778698958900291,14.962708077082837,15.853232414873629,17.238212900414013,19.07844626797476,20.4388409162555,17.957164726091925,17.067604430616502,16.22051062698089,15.631245695721118,15.557008870602344,15.454766416869587,15.82787496791657,16.546411242320794,17.846191134244865,19.274835537560364,20.624521182320816,22.09337221883522,19.898560550954432,18.93395494871581,18.36640465632836,17.932946216391773,17.609023879817986,17.944749009111273,18.502216353723682,18.512223961480153,19.62621310900297,20.907716972448235,22.394964724241028,23.789356023230223,21.147103371383984,20.233616211641458,20.004469750533254,19.995199348843713,20.686373993525304,21.511694610141713,21.288497293139315,21.903188649144216,23.154845885904745,24.122802034589597,25.508738659526074,23.535836207791725,22.567920107976278,22.29089771633256,22.20109810347227,22.40313980226879,22.72112869115441,23.319182018244124,24.720869179703207,24.83036499933096,26.077938952302194,27.118598654797783,24.800748476608522,24.664562128689816,24.325887136957615,24.64451835601581,24.880012560286218,25.307230290966256,26.141207106788315,27.020550882615254,27.885424221266565,29.158506477527272,26.732728442865685,26.70823904715547,26.805020518552116,27.11285130708314,27.645674182410527,28.07947693601147,29.05439288644662,29.93383376716053,31.019288612087802,29.019714006171736,29.36292582492419,29.723677094195462,30.45858724563567,31.38179806830705,31.94150824554157,33.16087298308052,31.60307556235627,31.972276772228778,32.43341247849199,31.957851554821392,34.12908667104937,36.0697795945581,34.144433997358924,34.72914149529182,35.79968795953395,36.154550986010044,36.54865469480375,36.74746793998194,37.6773957167955,37.57048485180888,39.18485183077767
F07,12.876727068630444,11.180858374919165,9.964922929957863,8.786854954988161,8.204884947395668,8.336791948945349,8.946045215624611,9.91013546829709,12.565670893350662,14.828614668943287,15.361946133221533,13.437604287967407,11.604380638362395,9.734219280455934,8.043128744462567,6.827769914108119,6.046821479091309,5.748083593685812,6.80989640156148,8.106666700932017,9.912303970318908,11.883673253670347,13.747698280075832,12.778563690806568,10.652152129968854,8.53260013126128,6.3934989637912665,4.934138729302207,3.8221841923172675,3.9592547278496744,4.951844605800953,6.86386195956766,8.862761759180938,10.790038229774721,13.163527262857778,14.389531368324683,12.240272260043891,9.988178462562631,7.762685424516441,5.871147843480012,3.6678345109887385,1.881784525390726,1.9592758866479218,3.9900417291050982,5.788585751286751,8.079407218354573,10.379630099382155,12.44345579009304,14.39855010061777,12.162865205205557,9.996197527059978,7.683137380003042,5.580965239096191,3.388950427492264,0.0,1.3719256539623421,3.3741561908127493,5.1960601420691805,7.754453494605536,10.557894913286454,12.467125450559964,14.724846009381558,12.5750930414053,10.420757458073766,8.220984186823376,6.253511733418272,4.523455758598729,3.2003062353468614,3.2375052123510164,4.748437216600847,6.232383171789103,8.377545046133742,10.493459486746971,13.171279854289029,15.380026430406419,13.232846481388652,11.262904509938812,9.38801581805229,7.562766491172394,6.232364880203982,5.29063483903397,5.569715432587198,6.4531047566268445,7.871262795765366,9.36117113399814,12.00903713875513,14.463027656752926,16.01984525518271,14.311991685296634,12.306400936098255,10.699233056626069,9.297700360841922,8.299425100571725,7.502731902447268,7.455610840165948,7.953393238109128,8.723762777609211,10.292545117705338,12.8798623051646,14.4335610297667,17.140415980949818,15.453794647270295,13.7850240841284,12.394235192217387,11.336989238770583,10.17206222945967,9.614622665502791,9.579704066410402,10.526858838229,11.307413718441543,12.67028164643549,14.08001569601398,15.640779328409439,17.072616348995837,15.533445367979379,14.264901717151787,13.007564145527018,12.301612008188194,11.78427876452352,12.283138401890618,12.686215235443548,12.45634460827092,14.00264307193467,15.763907129896447,17.381568398737784,20.277448557449233,18.74984333267881,17.215585525912267,16.045530374531097,15.393531758501686,14.498070112949515,14.351714636237721,13.87341918922657,14.556195107238704,15.157403372609702,16.035718661787502,17.548764885313155,18.607815051746403,20.443983369196914,19.30647984486038,18.130281630465646,17.16429110100385,16.753830009881323,16.095143677519626,16.04177474595626,16.373945279009575,17.223280668908583,18.27400257195998,19.321966799474634,20.533767043579704,22.263910280990626,21.035186260168935,20.172073492826662,19.412436451924318,18.715928536944137,18.635924447153137,18.683716466484928,18.44509324996759,19.11911404851177,20.08916573678459,21.275628357348225,22.4318025356858,23.141480894705072,21.918857132615287,21.424649938797135,21.040032937236578,21.407457065237807,21.973617317137386,21.221074525103578,21.553851859934458,22.50207805959263,23.18666222206206,24.32323097370084,25.405183427796775,24.194402431140965,23.622993925410896,23.246371071631806,23.103949489210713,23.120847043307045,23.38654880481513,24.38987925349365,24.28300963636921,25.285532721301326,26.003386010287198,26.385026245960038,25.961266533048807,25.321557021636725,25.346247256743947,25.2896320653346,25.47257851101847,25.996259192429974,26.592391487040047,27.202865529204825,28.257482920458433,27.978033329739244,27.711486174508938,27.550372955733284,27.587548151294634,27.849027631140014,28.01789321130338,28.741052051029726,29.379082575873603,30.24110244352874,29.759628929138213,29.855024434758043,29.953397219681108,30.43849306388212,31.13997516055528,31.464660335048904,32.46147528994947,32.11251260801621,32.253665915675384,32.465714407663974,31.813314021019565,33.73506762999001,35.45277203548405,34.46709932674926,34.82411865359983,35.6884690761596,35.84131035551016,36.0771252873618,36.91838437689277,37.617620724867756,37.25130828575018,38.76416226361663
F08,14.194524296361607,12.453393513416334,11.12612030314251,9.771667206776948,8.944917719017878,8.768570236931446,9.02394841518944,9.701464064768782,11.958140365458169,14.096788322167571,16.733773423827635,14.807098061402849,12.963874806553788,11.062251714727884,9.293099590556425,7.9690858948815455,6.882500272430071,6.11503270637206,6.760026701130699,7.697325834340131,9.271992773940239,11.084189190012951,12.866283534882946,14.146140463037966,12.023713777365128,9.902694835245606,7.739689464054743,6.1538089830608165,4.771647095081529,4.200901093813088,4.649233592754832,6.232850792374225,8.011367049386765,9.80512952489665,12.125068329704373,15.71110782217473,13.570087582620829,11.324405723922116,9.112706787777164,7.235802996212653,5.0374328779647275,3.0319856530003566,1.9346136565216323,3.2505736416823416,4.757161443550134,6.9355545560539,9.224724657137468,11.299101734208786,15.652077338168247,13.406761353884093,11.2390046267452,8.918396492643732,6.82514183002815,4.570322636313546,1.3719256539623421,0.0,2.028385071922982,3.9543516535583936,6.420534012058499,9.262733127970384,11.174686080601996,15.88731500285684,13.713717986016777,11.520222306882797,9.270242121972867,7.222748299643287,5.265626648367695,3.483242742043684,2.4580292919328683,3.4385816843576653,4.868669222693199,7.007108176701713,9.123804908041382,11.815785585393803,16.41700231467365,14.230446303612547,12.197923183886672,10.202978829733992,8.220995134410432,6.541448157709423,5.246780441375454,4.977630962616654,5.375675678461267,6.59837570921814,8.021444071986041,10.638140110000432,13.0914335731424,16.91806945251142,15.167024032419807,13.068907988045519,11.319676320460758,9.734493104419974,8.43083109782185,7.29157993853184,6.872984577314283,6.977798220069136,7.560436826004169,9.001166868800956,11.556749759339777,13.071679922641925,17.936144513244756,16.17412084164082,14.393730753352306,12.838184996330282,11.574049291410505,10.147009510195604,9.289006674558912,8.963899709389882,9.681488160401788,10.292454760648695,11.474819955014546,12.786138822959806,14.306173842086501,17.64100181395603,16.00476694613202,14.597249364178172,13.116019556252574,12.231229946330009,11.442150934155693,11.701017092543706,11.899549277178526,11.467803146200234,12.874388101964303,14.554472164939545,16.115933109814026,20.859923777425458,19.231913295353635,17.57890283834574,16.26466738055224,15.444096088797169,14.360871874646051,14.012197008321,13.298038501974643,13.787954308018286,14.282280245114924,14.99056506606739,16.401215717135116,17.38029024498728,20.830240037023096,19.573206584512413,18.249509472859813,17.12438486486449,16.575256981416608,15.699001560608878,15.482120171346041,15.668552198591929,16.353846305991752,17.275731706645598,18.229024466492987,19.366799967986452,22.576400000885883,21.222830748983508,20.22690814237312,19.328181316409466,18.48007080614141,18.233163740832254,18.085855937721053,17.758504019201617,18.27455088367427,19.13742406908516,20.227029094753387,21.31209921617296,23.26551856288615,21.90720707895007,21.299619832288087,20.759934537469043,20.994813311863478,21.457085589613513,20.51476521922686,20.747785664981215,21.59119424672938,22.184938246477046,23.245231016275145,25.459032287186407,24.143336658382577,23.446600819735043,22.95225696963155,22.672742092653902,22.574035438972803,22.71620630739209,23.576374827356304,23.398550916670033,24.320138589243278,24.940538887522056,26.304654226961432,25.757902166131466,24.99616390568761,24.9036296551326,24.735523968576047,24.827659172785502,25.239540566341535,25.738247356803456,26.26543624233186,27.25085916076776,27.744266308554636,27.37856888151753,27.115149160570738,27.04813355852858,27.208352394071934,27.282635943031604,27.91790015384395,28.475715636310177,29.26645426080857,29.314047588144494,29.314000068226786,29.315105543047256,29.71004005382692,30.33393771009626,30.58088700479435,31.50595197736453,31.57105145540769,31.627352481673203,31.749993007873247,31.03832890153721,32.87287574886018,34.51686122752183,33.850141565435145,34.12469633564525,34.91593397003723,35.00116826621649,35.18557762777244,36.24132802478408,36.85884161229162,36.40664962613287,37.88428624113169
F09,15.985633862940812,14.158729462773133,12.64773390770062,11.041438402672,9.883233529569155,9.276389922809413,9.008962037882057,9.233173506438618,10.832000046159527,12.760038283641629,18.699148456547427,16.750377100232697,14.866336334147698,12.886887327822805,10.980542518473301,9.50460982891986,8.029117012474037,6.6834482866256995,6.684888705131896,7.011942740781616,8.161027876438114,9.691408979090708,11.332702502051308,16.146685851901623,14.00579326564547,11.85516499252541,9.621265665181477,7.8408000229568415,6.176380331553425,4.822690535375456,4.422569954223449,5.2872837071600385,6.612863222538328,8.163958904845124,10.385399366418222,17.739451654433967,15.5982071085109,13.351513210119668,11.1346693260285,9.243863532095226,6.9997605673337135,4.773449591228549,2.9264018862760457,2.5826623859885363,3.2200448754636946,5.112164414413918,7.357671982359638,9.431246895294386,17.66100283109654,15.412531524704175,13.246046240293742,10.925010297477984,8.838763318473914,6.57113422477429,3.3741561908127493,2.028385071922982,0.0,2.056230774986115,4.392215955528599,7.249110359209604,9.161021831651752,17.843758012257396,15.657503792111948,13.442657475365502,11.167838152480542,9.082449724606242,7.005274155948502,4.989809014381211,2.9673641502181693,2.1214980556201315,3.074680145966406,5.036466717848932,7.1428337513902695,9.797167192612362,18.277996307035405,16.065235136779044,13.989284613589074,11.905694645840704,9.811706732266307,7.844298948918253,6.243214957055379,5.2379415804302365,4.599598786850871,5.168283660945866,6.301751581901654,8.71673843820038,11.126020537460821,18.655007799515925,16.870667680918853,14.696814688904531,12.823838192990427,11.072721165097585,9.45840287786474,7.9305881244709715,6.975158851237727,6.320953883710907,6.420214404519525,7.447394779384265,9.86714695340046,11.213495529940698,19.569459318029203,17.73911624066994,15.853941623457557,14.133874344991185,12.64827438823178,10.923969974327099,9.67380406045109,8.899699994943651,9.173242883517258,9.419445896654432,10.157139607192569,11.183236740765171,12.56119038944956,19.03380006724879,17.299217467850966,15.742319047713396,14.003506168099474,12.898070863505131,11.73699314134587,11.60802209680874,11.442639774108072,10.624254750334256,11.700654896201325,13.168636755564336,14.574090228895937,22.25184167658938,20.51651493309719,18.733500393679765,17.252905175650852,16.22318865081708,14.89759540999822,14.258420284168931,13.182394698991532,13.328770160821291,13.61663985717475,13.975092021163938,15.148606569582563,15.931164709461765,21.991484761152442,20.594053559219468,19.09057971880372,17.761832140857543,17.023291397376713,15.83285697529034,15.357417523789604,15.293765331009888,15.67309034619529,16.335017600235393,17.084355211713437,18.05204744620399,23.637213562516205,22.13166457815589,20.966427759635163,19.88304134180684,18.824334383982876,18.327122469171204,17.86703996189632,17.392380199386167,17.621391205009893,18.274169365527946,19.163160073432564,20.09303672917561,24.078791082610437,22.54426126534201,21.781347639666375,21.018782076990092,21.04914373555371,21.34295799555441,20.090415276942384,20.14550053982278,20.790132298761353,21.205075736719262,22.106113113797278,26.166538727925023,24.712178475399533,23.840245132967905,23.174686060441037,22.686143259708114,22.403081975478287,22.33856004759483,22.943435924028467,22.636992136765876,23.401212041259743,23.826101023877158,26.821241209161073,26.09948141247255,25.15928814573258,24.885790724829302,24.539832925266627,24.481000020424002,24.698913538858346,25.021379358460635,25.391924641507583,26.240781943379663,28.031714057474257,27.518507663025623,27.09792169152461,26.864889819241768,26.857447272590893,26.770257563198754,27.24821067519847,27.657988303562497,28.312027709085058,29.27121131760693,29.11866360257627,28.959669973948255,29.200148253048305,29.686357152739372,29.792576860687966,30.581721730471617,31.36692130254418,31.28383085557138,31.255258021651333,30.443215286825406,32.11743940602987,33.62224895809321,33.515416064849916,33.650921919020284,34.314336610227514,34.280104929827736,34.371280060538915,35.800009567037826,36.27657708494559,35.67436616115274,37.08564619903501
F10,17.2405934062607,15.305047696756779,13.575144934769572,11.70913545057875,10.23041445885747,9.205129928469233,8.42167608021111,8.185105619355197,9.144642693949283,10.898536140234613,20.26177978362217,18.270452649017756,16.31610177095007,14.222766889744063,12.149450399092133,10.520775684330506,8.680063421427288,6.847853094218655,6.19833171103322,5.867595930191513,6.546695120440542,7.820142517882906,9.362968172540159,17.813894155967134,15.62924879832681,13.424698804814952,11.089521630800853,9.089174660000765,7.2051884777568445,5.268710753115984,4.104532616510679,4.020845930895637,4.7970433602376366,6.157724904540637,8.337760430715193,19.56839186034458,17.41121230701642,15.152870355150538,12.905419094318479,10.970685757964267,8.649590105895191,6.2334555424740135,4.107208419352492,2.4373366611939353,1.533978487463237,3.057220960284029,5.305612499985275,7.380722254630641,19.588134469622165,17.3474363812063,15.179519162345033,12.861011041127366,10.762206558136674,8.521260000727592,5.1960601420691805,3.9543516535583936,2.056230774986115,0.0,2.763880243425898,5.383557559829746,7.285071036029779,19.84038137234262,17.663382462031443,15.460831963384118,13.196299178178705,11.121574079238965,9.0598082209283,7.041582563600317,4.897811041679741,3.1323277287027294,2.8759953059766983,3.873964894007172,5.812963185845924,8.202951907697619,20.320924880526476,18.113459774432933,16.042961478480212,13.961575842289438,11.8601309436279,9.844337712614292,8.174845319637553,6.897307663139292,5.5829913129074455,5.279042810964882,5.7664776076908515,7.552709315206034,9.768393931450554,20.711186952948882,18.925856308236096,16.745684847147935,14.85322567659968,13.064697508936057,11.354189535145165,9.678543123838423,8.451575474430788,7.2449779157703444,6.809885167901145,7.151886464423216,9.21511899000767,10.16335579422466,21.616966692854945,19.775777102303717,17.868140641935856,16.1016221853576,14.537630962436761,12.69036756756872,11.24237030167571,10.186143185720491,10.081176518641067,9.94986241110901,10.104791932543689,10.65270956142145,11.73551076860313,21.023696392404453,19.258304079020043,17.64698280160096,15.79763026532777,14.58373563254628,13.208998334468816,12.799895155820614,12.326949338745576,11.143857590619147,11.795532205034243,12.937109143854357,14.077634637963865,24.237573909118872,22.465743967204823,20.632955386953174,19.079924737797054,17.945528607427537,16.486685112538545,15.66099256113737,14.325817009860206,14.169172770490167,14.249330159695226,14.214553105884125,15.067308452407815,15.559291821930714,23.886462044430104,22.425807477101017,20.83286204533597,19.392013665424226,18.53747439647591,17.135183132957756,16.46065205269828,16.179448847225913,16.255037680669954,16.62310335045776,17.11574368819538,17.847145878263,25.481432455809855,23.90048020438083,22.642556834421327,21.44916968089907,20.254161300829022,19.574886181022865,18.860756983748026,18.258973136515642,18.205725500512195,18.625528636793103,19.2707472870151,19.995749248277747,25.787949220517714,24.151052006072117,23.28938526453629,22.372624454900233,22.245002247695997,22.397388530808676,20.875392906482023,20.755368293528303,21.18495409482872,21.39380419654251,22.094161853304144,27.80584345061304,26.26668326987631,25.27767871067278,24.489277919122078,23.838473629827895,23.40118084627355,23.149805225962485,23.499323671118706,23.059670119062847,23.643504393384664,23.832528716021724,28.33353202479352,27.490156365506543,26.418613911407235,26.000201941523454,25.503143825810966,25.30733034122722,25.336712592599696,25.47574520990505,25.67279844504685,26.358948461575626,29.37518221220083,28.749672293784496,28.20249061696502,27.827296850394937,27.666909567206815,27.424466029441668,27.739790374117828,27.988483703123325,28.484675634452994,30.345395713353287,30.060477125288614,29.755156662333338,29.84521015171446,30.18944348609295,30.145287475822816,30.77900116962862,32.292371994017415,32.08128105297543,31.90690052324105,30.997177226321753,32.496395692445645,33.841766975144786,34.313450380280905,34.31471050438864,34.847496007604335,34.68833136661376,34.6780599226658,36.48892632018651,36.82347973779773,36.06615260878266,37.40131544478082
F11,20.00441223830383,18.06420031443407,16.303899472212162,14.374972869539615,12.783406510003505,11.5474645268994,10.392449663096762,9.667562671118299,9.441716793041401,10.602558181872901,22.984081839394847,21.004069558064216,19.063967504168698,16.983554987104437,14.911895285308303,13.271975173273946,11.36496937963319,9.38600671212204,8.374200021494591,7.412592798744579,7.227823808035168,7.669474101918592,8.694451621580281,20.491959911145642,18.325838589270614,16.139264543342737,13.828291579222649,11.851831672783748,9.965577002863407,7.952744746312432,6.5519256711290605,5.668871139830222,5.214705073156103,5.526568012790578,7.1249879298143375,22.131641827934953,19.989358869158362,17.74074231817823,15.516344028153023,13.608933830392445,11.323114986610353,8.958320936425531,6.858331065208212,5.119705069630476,3.4353014423773645,2.5580996853132993,3.8756503970301552,5.741022992463973,22.02764449504304,19.776106618846892,17.612985323334602,15.293707235330485,13.217409731108438,10.94193227908124,7.754453494605536,6.420534012058499,4.392215955528599,2.763880243425898,0.0,2.9448874341814832,4.832515080162709,22.13314629690049,19.933324509474076,17.696275568604825,15.401531417362367,13.2901109099962,11.124966381971676,8.998686626391654,6.572604126219683,4.124859391542941,2.636830104500478,1.515924140582239,3.0978904112314885,5.459729846796451,22.420651061019615,20.179382770540826,18.055567257773987,15.873671093984528,13.676994552897943,11.436215151876079,9.612151164021506,7.8627492011382385,5.743121973282475,4.339390394974852,3.860442720725176,4.891304938357453,7.013205971593876,22.600655233864348,20.778618938707165,18.514318269922875,16.491854019484894,14.552274220890698,12.574822543479492,10.619525648540051,8.972589035501404,7.055308143518609,5.949498298176074,5.364545274298652,6.905939762262627,7.526675295241585,23.340174656587298,21.41788640365804,19.392977801255796,17.45080299012054,15.665367790128645,13.55794943935107,11.76356442580224,10.280438949772524,9.61158478087771,8.968207847725207,8.387824628591133,8.408677957919426,9.222726765984126,22.410673528477453,20.54053441369041,18.770267978907494,16.65720120548467,15.227132527170044,13.481144795602486,12.619596903229516,11.705513316382158,10.079049558366107,10.174061627491746,10.922259335870029,11.790011747237575,25.5857490216722,23.68574343355091,21.707433058747412,19.97110838186003,18.60302762993164,16.892495967144704,15.741130645541318,14.017236710564605,13.417611001963055,13.211253990443149,12.684408145435876,13.15974353853448,13.359772453152038,24.92008990754247,23.293728791243364,21.496901753508574,19.830827012507573,18.761639507249892,17.01099435659186,16.032754598009664,15.436444312081719,15.097592920727463,15.094844186012653,15.290745567172323,15.772793855243275,26.358435348100613,24.596710674397094,23.138849971422523,21.731790032116542,20.296502260241787,19.315687225672296,18.21915135235448,17.444739780231746,17.012108187993633,17.136969306152125,17.496710119333866,18.0017813007491,26.32926442193173,24.486321263105246,23.43860755249765,22.25290922553723,21.86378020837202,21.79421962356074,19.905464701935497,19.554938123144243,19.712878075004674,19.68335438892467,20.16530708915686,28.179112406177737,26.478099403091605,25.275737081240578,24.278780220595927,23.369499716510838,22.702030856291252,22.18735793193953,22.198036962758668,21.600044907360726,21.9704207060311,21.908077802491025,28.44677972987452,27.385075442656717,26.097157105707893,25.450481901134996,24.731352995742064,24.34344636652748,24.12165825560092,24.031811583815315,24.02617010678148,24.53138287989489,29.17317480151929,28.363093713486194,27.61908428967188,27.034190204258014,26.65971307047396,26.213252697824434,26.323323878264308,26.38162561329381,26.701529544204018,29.700117861719,29.22142113245008,28.713911785056386,28.605396571276547,28.771065743208055,28.550761758664166,29.009929145035844,31.41603445694571,31.028356836932247,30.663238005794497,29.63614931127187,30.919673817813795,32.08276362784229,33.24944367955651,33.07416842492037,33.44167848658317,33.13534742537039,33.010498602717284,35.27086868791297,35.426078219300535,34.488694524438,35.733397333586964
F12,22.362953405129655,20.349216815396115,18.431105989603555,16.329769288021186,14.524830050640869,12.98012515347984,11.386021254151952,10.143995761040124,8.657460713165264,9.107769540343014,25.58719187406074,23.57776214995817,21.588981564677848,19.43247019809885,17.25599910176168,15.53264706996203,13.419971125155225,11.205944850836987,9.75306803011237,8.189032299362362,7.131137707266632,6.615054421544844,6.969903657870746,23.183495098884464,20.988239039995708,18.769060978109692,16.40082491827774,14.303754052695398,12.33115002747108,10.098629857559887,8.40985184173895,6.826799689459183,5.299433648985521,4.359057237522811,4.994684874944564,24.9447406079919,22.790461206390713,20.53340156915069,18.28841299839874,16.35396863149737,14.027883838982985,11.585158263916812,9.431210155648106,7.409247870060766,5.394839200569374,3.2154956072120515,2.2996695414776447,3.321542563328069,24.91001806502757,22.661622735364737,20.495137228132922,18.17408322309546,16.086018338917807,13.820243268481203,10.557894913286454,9.262733127970384,7.249110359209604,5.383557559829746,2.9448874341814832,0.0,1.9121045996492974,25.05870533367596,22.862040941263317,20.629169081666863,18.33688097796351,16.22779276426711,14.068116753851596,11.94346201902949,9.513768601348257,7.040902569983482,5.445409534644755,3.3507312634707067,2.7330314670709517,3.2730817282799403,25.36535668978459,23.124268572216504,20.99981868969349,18.81360071862906,16.610752722257953,14.345017567085794,12.504019353791804,10.666083864286836,8.352676457280026,6.5084266147817935,5.1998326896160805,4.185251485872743,5.317005548238595,25.53409307181283,23.708775442860812,21.4347213884389,19.392575306028853,17.42594046242555,15.387762930328762,13.363321181502748,11.587871763184127,9.402831116211756,7.948817522122394,6.515079431595597,6.925313711305792,6.531526697488115,26.246565965855417,24.309572188749026,22.260122416554676,20.274003280062868,18.4234731253366,16.233597783609152,14.310828417670306,12.639791651763884,11.629382958695617,10.600813648017779,9.247676897469981,8.401906985916947,8.50788252152085,25.229431424429684,23.329549502722937,21.508016040537072,19.298305469651993,17.780547263793654,15.86228334761424,14.733505217700232,13.514610908198577,11.565062645744725,11.027454103282407,11.154517694638347,11.47245069721374,28.3836601762352,26.441287109367426,24.411396109194573,22.60273302058846,21.12938780466675,19.298414079918587,17.9633521370595,16.00185342390062,15.055758001508924,14.584708224712621,13.52621587880365,13.457701586823807,13.151522877598625,27.593598623593845,25.89625534705742,24.004969089753065,22.225174060060812,21.0352244818067,19.07145681378326,17.878956625038274,17.026170826113546,16.28734705223659,15.853440036786969,15.639453251312847,15.71252099441716,28.952314795193836,27.10415337176205,25.541486409369366,24.013494289669715,22.431298714073602,21.24012017385966,19.84202031044218,18.923612762894933,18.11345922235728,17.890554071911804,17.861131011220987,18.02078821805528,28.739988326372018,26.780968559781403,25.61774326516682,24.249391270710284,23.657826633061628,23.397884028262045,21.18642482817712,20.597044569549293,20.43326709070285,20.09192798115701,20.245438992523724,30.476691585537957,28.678154926703357,27.33327797758622,26.18596198347504,25.07269967514468,24.20677180046939,23.44185048156395,23.08325767737301,22.304298464645775,22.392201678262904,21.96700582692143,30.5666159232585,29.34985603031129,27.899142011897066,27.062143023049746,26.144443023327156,25.569766228888366,25.08022115133756,24.72179851871623,24.45549050826828,24.70088986251305,31.049988373588807,30.09295513903545,29.181509368091294,28.404266475302613,27.816783512836274,27.15278713134252,27.020808167040453,26.83683394143206,26.911285550861372,31.189649901850455,30.527930899423893,29.816435870170665,29.489686756559486,29.44270507273406,29.001121099019606,29.218024659446094,32.66905148607777,32.100230061480865,31.52624463839612,30.36980302866648,31.373599809393884,32.280955438152695,34.294208680183885,33.92356297619695,34.09308624926761,33.60411708407171,33.32860615147295,36.13232419870053,36.0753949389331,34.91693846831363,36.033971596259
F13,24.138434021286468,22.101632903475707,20.129133612751446,17.969522559044243,16.090757098409014,14.43233013064765,12.668586977244148,11.207830209277798,9.045272024654649,8.941331556317548,27.442446319524795,25.425379839837202,23.423143021379516,21.24483923215236,19.037746321453074,17.291324211869952,15.11684547119537,12.838095808958586,11.240444831055399,9.470875038770176,8.038785293811497,6.960473618942895,6.741323089720593,25.065219827482064,22.86362337863358,20.637541181061273,18.25653006460976,16.129110700841508,14.138237124903515,11.854680299358563,10.099787324493521,8.326405346846862,6.4619660320989,4.920932025541503,4.568698392321384,26.851620211823345,24.695802274880645,22.43782279990641,20.189975581956507,18.25143660099117,15.919205162318878,13.463760693060465,11.304792479298326,9.235168542046214,7.190038247464335,4.879551208871569,3.1718789384212,2.8585473583622854,26.822001864141313,24.57344568838485,22.40706750112562,20.086030493853183,17.998122402072944,15.73212217089608,12.467125450559964,11.174686080601996,9.161021831651752,7.285071036029779,4.832515080162709,1.9121045996492974,0.0,26.962304222747726,24.763916410778002,22.528265468073656,20.233956508799753,18.122603841611724,15.95447664450326,13.823319608545553,11.377300602515518,8.879841271103892,7.236425429727028,4.988849165889865,3.651896630519544,2.3652500924849362,27.24369211395548,24.998796871049613,22.867760384436426,20.667780238816164,18.45380811648371,16.157184934263764,14.30228191583427,12.400096814138188,9.991125862484166,7.982937867727645,6.3985551494067785,4.399751129325384,4.50828792336958,27.37254692205312,25.542124911604358,23.254481396066435,21.189482697791373,19.19700937646278,17.109507999939684,15.039914394703182,13.189928430435096,10.877647953487003,9.280167455385705,7.494463289655904,7.212744969843312,6.155224203877548,28.045350291982448,26.092168403565083,24.01851456689193,21.993723672902686,20.09249536518548,17.847430767480233,15.846467177260678,14.071089119183346,12.871401011544936,11.643363517472087,9.891156858527722,8.55731786250809,8.177739602115,26.938337773515276,25.01444526668541,23.15334848353473,20.875000790419147,19.30012240893824,17.276756205954864,15.987715283929722,14.597912316492382,12.495462616486035,11.594378292948699,11.328587952609098,11.275425889960875,30.070220700886118,28.092986455697442,26.023685288598152,24.162477439203126,22.615805380308704,20.708038873828684,19.25767016022447,17.160431492244008,16.00953968732393,15.381945585653332,14.014610233609782,13.60316036809094,12.975474789000979,29.175886293307354,27.426015113391884,25.468733557049905,23.613509734895406,22.345357750548548,20.25131741393631,18.93004115156647,17.923129330560553,16.941760534253813,16.24200606452294,15.76966740296066,15.576000128402669,30.469482765547564,28.559365294067725,26.92417872470765,25.315910017220393,23.639975676806436,22.315200043916256,20.73101989772814,19.72870801649211,18.68646175711175,18.244109981032235,17.964697854403227,17.898002793608008,30.119927506552866,28.082755509386892,26.842660859162233,25.355399917966192,24.631473057858315,24.247283084914894,21.842259887658145,21.10410436384354,20.73440860019885,20.195291183837877,20.134002483361325,31.770321528118032,29.907262027808564,28.4677131677274,27.222504017815847,25.9779622949915,24.985859701038905,24.062253801337896,23.466171417596012,22.57654309233369,22.480479888116268,21.823764501112084,31.73376487276604,30.41318781384155,28.85707949533355,27.896117597257152,26.85148452134444,26.157304926157817,25.49581355830796,24.964982876020564,24.531234783434773,24.606002032024627,32.04714417853797,30.99332284541301,29.972812897691135,29.070962453967706,28.34574333123053,27.54268165956249,27.253302515475077,26.912632721456294,26.82705235392066,31.923851976226178,31.14265622903737,30.29929015670169,29.830536585854436,29.644509137443986,29.06090654126261,29.119064631268635,33.23945699014952,32.55266959866733,31.84340856441094,30.6074899330213,31.423651045032944,32.16046871548983,34.72014200719807,34.22179873998443,34.260547952418975,33.654070853315794,33.28151949656145,36.43049080097604,36.234130760927606,34.935270887743236,35.96501607117673
G01,11.880234425296498,12.68887827981654,14.307829360178992,15.870738672160158,17.4428610325256,19.19552994840205,21.129002366415694,22.924676857046425,26.518649381143074,29.00935512899244,8.86384346657814,9.03070434683807,9.800253466109945,11.11013613777977,12.73542311821637,13.981359733588146,16.009205476849875,17.886853077050752,19.89129339686085,21.893826367266186,24.069332936332074,26.279205543547164,28.250535605542066,7.065168929332121,8.027902901754604,9.383207394063076,11.234987360918568,13.335905855996435,14.998499191585802,17.20446325811997,18.959723758536146,21.1823531506771,23.408147043283883,25.453412836002954,27.85813669289459,4.36146408904166,4.973437945727282,6.270379334617643,8.10230294422518,9.854799084709946,12.01841603540167,14.404731063091736,16.369460589768984,18.605354847462596,20.50742102264446,22.79826732451394,25.096649358031843,27.165055678205412,2.158650735992277,3.0626139162486674,4.942448077623072,7.116193504957549,9.188636732399425,11.34026829488615,14.724846009381558,15.88731500285684,17.843758012257396,19.84038137234262,22.13314629690049,25.05870533367596,26.962304222747726,0.0,2.209231766927137,4.46330684582631,6.761075728018434,8.876170401699149,11.085617438825858,13.229057487213517,15.715064428757524,18.24123707427761,19.95705073401378,22.3253333457756,24.361670262935586,27.233530601080723,2.470170237048451,3.2527908017577767,4.994750844636798,7.155164079180854,9.263856270473976,11.69136236714952,13.453774377474895,15.620538915159106,18.175793930389947,20.418069252502796,22.34953621442736,25.470686307989425,28.038232843743913,4.839399136256484,5.082301840701711,6.390078090289664,8.16495205129828,9.978132991697395,12.169322125738969,14.132898924141502,16.098009100506808,18.505787905409484,20.237135790422517,22.581538853674253,25.232258737576387,27.39410334360298,6.76109414222284,7.080689020144861,8.080957678394313,9.664769009138293,11.430271431597765,13.308079500814534,15.247871228469894,17.131590702558825,19.196218403633562,20.977101158167685,23.592425500571153,25.898052204750844,27.926171882304242,9.598522646741008,10.078855341753844,11.1418833686231,12.896613702829127,14.206247217333647,16.166542363783297,18.26142582056505,20.111331656556214,21.58912006080841,24.02581338893649,26.350902565187404,28.4689335592326,11.315000397702159,11.520509754346811,12.025744924951635,12.998750747668025,14.37619038549504,15.69735369417406,17.405830661017013,19.133046019910157,21.214200197037833,22.587060654277263,24.861567227349127,27.193396716850213,29.06949337363828,13.691648330277841,14.284985754280612,15.147647276062377,16.199921141783374,17.307023140910164,18.93509387354602,20.38310390985632,21.93580967277023,24.102848566092767,26.21974103609721,28.111815967667404,30.03219261059705,15.795966352205236,16.291284449054345,17.12144915011577,18.05377691786403,19.109070961195368,20.686188484106975,22.605741947567214,23.28313417476264,25.35420517389571,27.243783474400175,29.3047475334629,31.14861353254748,18.50742078194582,19.05202330462568,19.87954639824561,21.191403634492925,22.81224232731189,24.30642491194458,25.6426350050068,26.939044452244406,28.844352809518885,30.439944168805567,32.33543537668853,21.02380691026247,21.190737056553743,22.071752535763896,23.009795870454827,24.320079029476855,25.53028574066495,27.03339055686504,29.400502308634117,30.0840573227748,31.8699545810784,33.662224555130045,23.254516980578202,24.220483273460914,24.99300782218899,26.251694040575746,27.384999178382312,28.5058610464585,30.161022296997825,31.758352051074688,33.24934593341649,35.018096307480796,26.216991074492128,27.054684252454326,28.015410402134034,29.16856439730965,30.49320976873376,31.681308842912408,33.306504905198324,34.80312694284811,36.43468080002897,30.02334305169896,31.14779610181112,32.30598590044885,33.74434995669645,35.25842930421036,36.46050751155283,38.2362900396992,33.144630998096815,34.216422796663004,35.41778618152185,35.50796098060265,38.27881380084811,40.76172254701707,36.10566229831548,37.370893192429854,39.01257413962837,39.95558716875526,40.79604124176756,39.03219395575913,40.6317894880351,41.31730805606774,43.15873596388105
G02,11.278050585096699,11.73112206909467,13.07790839545835,14.405848013914348,15.82120159785596,17.4679880066366,19.306690342987324,21.03454820052002,24.532306251145652,26.995199610301086,9.10287690787918,8.762593679955724,9.058466812877333,9.961815597570556,11.293018595574878,12.361201114778451,14.24320557318471,15.99693083063123,17.954595289228884,19.90276629014168,22.042435006142128,24.22069431292175,26.174443279657353,6.738016696328379,7.074662536121423,7.981245642128803,9.545481548879554,11.516044459796081,13.069297188448964,15.202690189568424,16.917392825137092,19.11909291781386,21.31503706306888,23.33426150534874,25.728584978579757,4.86650593341876,4.4515985892710495,4.9409472775976875,6.382117673625268,7.970602110254909,10.021565396683295,12.3457059741434,14.261599244124062,16.487162581839243,18.36314771492077,20.63659661862876,22.932645115642458,25.003898755994033,3.073180111871089,2.0541063750448756,3.115141409310338,5.065927851835239,7.088043594674062,9.186261481146724,12.5750930414053,13.713717986016777,15.657503792111948,17.663382462031443,19.933324509474076,22.862040941263317,24.763916410778002,2.209231766927137,0.0,2.2542814819804557,4.552,6.667567622454233,8.87640698706408,11.020002223230266,13.506006256477152,16.032487299230894,17.74816703211912,20.116589472373292,22.152470042864294,25.024380511812875,3.270511275014963,2.287165276056805,3.1699730282764236,5.118706867950146,7.135390248612896,9.538105734368854,11.275112771054664,13.440125631853299,15.984720954711722,18.221252454208518,20.14934361213784,23.26627331568165,25.83397468451187,5.116688479866641,4.532080427353425,5.018079014921946,6.426994709815778,8.055476956704673,10.15494460841614,12.047728126082527,13.978532684083833,16.35290105761054,18.06776931444499,20.40055254153671,23.05967983298988,25.205587416285304,6.9923395941558795,6.655118331029134,7.047749286119648,8.23023991144851,9.76047181236645,11.445522486981536,13.279860315530431,15.100197515264494,17.146381542471286,18.899143525567503,21.47515075616467,23.751102900707583,25.765699078425953,9.243151518827332,9.273697213086052,9.967454740303564,11.39359161985368,12.539129036739354,14.346666267812882,16.379918559016097,18.16470533754952,19.551931720420875,21.963056708937398,24.273512086222713,26.374444468083116,11.497783829938708,11.272008694105946,11.35071063854594,11.979684136069698,13.117451924821374,14.206813646979395,15.776284226648555,17.341865095773294,19.3532092687492,20.68927901112071,22.889125627686177,25.185299204099202,27.018518723275708,13.471116397685828,13.73067358143802,14.260038183679594,15.039792086328852,15.982107026296626,17.38900069009142,18.719210934224765,20.189964660692205,22.27789366165482,24.33340964599906,26.17692529690987,28.0576241332013,15.616086577628852,15.785550418024707,16.344659923045203,17.03990164290862,17.87979893622968,19.292736793933617,21.044819837670268,21.639247768811188,23.609252698889055,25.439714640695165,27.44535314037697,29.246062640977843,18.069761066488955,18.32077784920717,18.9629346357572,20.065247195088325,21.560644169412008,22.97152674508162,24.089420935340062,25.304059694049094,27.137964846318155,28.66276473056987,30.504644433266225,20.61891738186077,20.551276602683348,21.222906799022606,21.98917845213868,23.129456997517256,24.211293996810664,25.592303725925102,27.84040762991806,28.447897953978956,30.172545467692977,31.87506933325793,22.69044347296897,23.45469089542644,24.032077833595665,25.143139521547422,26.140067425314726,27.161933602010002,28.706158659771948,30.209691987837278,31.620895180244343,33.33067374056516,25.496196932091657,26.18268719975091,26.999572311427457,28.019794610239384,29.226527830038243,30.304760104643627,31.842323564714935,33.256540589784734,34.81793931294614,29.067702299975483,30.066214011744144,31.099954019258615,32.43506332659149,33.86622780883634,34.97675515252951,36.678821532322985,32.124032701390405,33.083408198068106,34.17009817076913,34.1691821968276,36.86259634100669,39.274489430163186,35.03560772985107,36.1935983428009,37.75064028596071,38.603666781796775,39.37780095434482,37.92601481832754,39.421736389966384,39.98110198581325,41.79486390694435
G03,11.135075482456326,11.170032229138823,12.153730497258856,13.165168362007377,14.363705127856115,15.86075036055987,17.567695722547107,19.2023849820797,22.570107332487364,24.99435906359673,9.903202764762518,9.095990600258997,8.866230991802547,9.240609990687844,10.149887191491342,10.958684957603262,12.617880012109799,14.191216191715212,16.076066714218374,17.94615716525407,20.034280421317856,22.168501618287152,24.09760772358949,7.1721154480390235,6.783000294854777,7.035793700784582,8.120132080206577,9.856370579478025,11.234606624176923,13.251173834796674,14.902953163718928,17.070214322028882,19.222637696216406,21.205398392862136,23.584271538463934,6.235128306618878,5.024552616900334,4.43270402801721,5.07569867111908,6.302927970395981,8.124034958073482,10.329757644785282,12.164724246771893,14.369572888572577,16.206119368929752,18.4534448003618,20.74489549262661,22.818892742637626,4.95722069309003,3.032158307212867,2.221008104442665,3.2306361602631766,5.063258338264008,7.038292193423061,10.420757458073766,11.520222306882797,13.442657475365502,15.460831963384118,17.696275568604825,20.629169081666863,22.528265468073656,4.46330684582631,2.2542814819804557,0.0,2.3002558553343584,4.417008603115915,6.623006115050778,8.767271525394888,11.25317635159069,13.780465957288964,15.495755354289768,17.864480652960502,19.898421696204956,22.771084405447187,5.023000398168409,3.104271251034613,2.172074584354782,3.249480727747127,5.01753933716518,7.361777638587029,9.058029642256642,11.218351394032904,13.748561997532688,15.978099636690215,17.902403441996274,21.01509726363407,23.58286507191185,6.216148325128673,4.981065347894966,4.346684483603566,5.010862001691925,6.260724079529459,8.179881722861278,9.956966003758374,11.834658972695411,14.162521315076633,15.856091605436694,18.174425575516825,20.84209233738302,22.970209097872836,7.849409786729191,6.914567593132633,6.57353671930111,7.143028209380109,8.284348435453449,9.666940777722806,11.339238290114553,13.06639919794279,15.082157173295867,16.79634891873826,19.321950341515734,21.562031815207025,23.560624100392587,9.373640968161732,8.910085353126535,9.129513513873562,10.092574349490818,11.002001636066048,12.589190283731515,14.52867925862499,16.2240477378489,17.49699051265674,19.873184067984674,22.163639998881052,24.243084003484373,12.063708965322398,11.417685273294234,11.038127241520638,11.253791938720033,12.076658561042453,12.863373624364643,14.241444203450715,15.595648688015514,17.51115421667001,18.797865437330913,20.903429503313564,23.1540054634182,24.935901367305735,13.573976351828524,13.475056437729675,13.624081106628806,14.07594860036083,14.810133085154906,15.938020454247132,17.116656244722567,18.480994832529984,20.466577266362833,22.44436499435883,24.227927212206993,26.06037069958906,15.710016709093598,15.535249241643985,15.790259180900103,16.210203114088362,16.79375255861536,18.002598534656045,19.547282905815834,20.041937655825595,21.885890340582446,23.642293501265904,25.579837685176972,27.328333520359415,17.85200100829036,17.784959600741296,18.21541547700738,19.07192701328316,20.41274160910288,21.719444928450635,22.58371789586471,23.70004573835249,25.446655281195603,26.887465722897723,28.665294224898513,20.40164319362536,20.08617646542019,20.5243537291677,21.095074733216755,22.03783020172358,22.969223103971103,24.20596655785511,26.31136765734537,26.831651850007297,28.48304416666168,30.08188840481927,22.28348204388174,22.825421836189577,23.18681427018382,24.128568047026743,24.969329186023398,25.87648805382987,27.29123027640931,28.685630705982394,30.004505078404478,31.6452181063743,24.899236634885014,25.418781874826337,26.075009338445117,26.944945073241474,28.01708139689072,28.97046982704975,30.406640475396163,31.726420614371232,33.20724621223506,28.197045873637187,29.054775339004085,29.949153126591074,31.167068421653006,32.50349016644213,33.511253811219895,35.12917886885488,31.169653575232434,32.004329847694045,32.963463804642856,32.86373839051181,35.46612719201239,37.79608679479927,34.017563728168426,35.05685499299673,36.51868060322005,37.27277529243026,37.97374151963433,36.86064444634684,38.24141008121955,38.66416233413055,40.444633290462654
G04,11.303852484883196,10.897928289358488,11.442004369864573,12.05981662381315,12.979424486470885,14.279787568447928,15.81797875836227,17.336325158464234,20.548022629927193,22.92603868966464,11.014429808210682,9.827265336806573,9.10208047646251,8.887146336141877,9.257888150112855,9.71956609113802,11.062569367014158,12.393185385525385,14.175272131426613,15.945296297027534,17.968862763124438,20.050940750997196,21.951395969277215,8.123115966179482,7.090729863702326,6.59119731156639,6.977282708906096,8.324172991955416,9.440627150777644,11.284737170178134,12.84970738966456,14.968448483393328,17.067673450122015,19.009252904835584,21.370357905285534,7.967783129578766,6.314494595769324,4.889083349667911,4.42524959748035,4.949914140669512,6.318028569102866,8.311344054964877,10.02722917859166,12.198531796900806,13.987390678750629,16.205437112278087,18.490926748002654,20.56640233487617,7.05644131272981,4.9085012987672725,3.139884392776269,2.1651810547850263,3.201013901875467,4.87575307003954,8.220984186823376,9.270242121972867,11.167838152480542,13.196299178178705,15.401531417362367,18.33688097796351,20.233956508799753,6.761075728018434,4.552,2.3002558553343584,0.0,2.1167886054115086,4.324835372589343,6.468003787877678,8.954009437118101,11.48068051118922,13.196224649497296,15.564761867757566,17.60162608965433,20.47246511781129,7.159865082527743,5.02864166549974,3.228311168397495,2.406240220759349,3.172403820449093,5.280600439343996,6.868539873947009,9.009760096695139,11.505242283411507,13.717869550334703,15.632716974345822,18.73403154689348,21.30163805907893,7.954828785083938,6.404268029993747,4.928379551130371,4.519035848496889,4.981455710934305,6.469387915405908,8.001375444259569,9.767345596424855,12.00394056133235,13.656412413221856,15.94606559625289,18.62650632834832,20.722146727595575,9.333349077367673,7.993786086705097,7.008239864616508,6.820221770587816,7.352074673178993,8.225780023803214,9.608104183448472,11.168307168053715,13.12199984758421,14.769300389659627,17.210973824859536,19.39210047931889,21.363524826207872,10.180115225281098,9.265840274902217,8.95670977535836,9.302828494603133,9.863981194223761,11.105651219086614,12.883748678082787,14.436693527258935,15.538019500566989,17.85483654363713,20.110863059550677,22.155824719472754,13.155142910664255,12.151190394360547,11.33867329099838,11.10414120947676,11.533845542575989,11.926007965786372,13.028467599836906,14.082623512683991,15.850044952617642,17.060966736970094,19.02790477167678,21.208862298576978,22.91617878268539,14.201473761550243,13.751212491995023,13.495116190681724,13.566610851646038,14.038850130975828,14.803975175607395,15.774521545834599,16.987959530208446,18.826011420372613,20.692048931896522,22.390210226793315,24.153880019574494,16.280548885095982,15.766795552679689,15.698,15.807652071069883,16.087534366707658,17.036886012414357,18.311763486895522,18.677986722342425,20.350114618841832,22.00328723168427,23.846291137197834,25.522589602154405,18.074043072871106,17.676108310371944,17.870201621694143,18.439249903399,19.58638264202964,20.75872406965322,21.313479889497163,22.302649102741135,23.932806270891007,25.263512067802452,26.9555881404951,20.588207741326098,20.01922540959065,20.201620850812937,20.55015019409834,21.26002871587901,22.009594385176662,23.067850745138784,24.99107154565406,25.403684181630034,26.959403628418787,28.42586957333056,22.2522869161801,22.552749122889654,22.67526892894547,23.420132386474677,24.07714079786053,24.84602014407941,26.10158663759734,27.36053219511638,28.5640924938987,30.116510621252257,24.642608506406134,24.977788633103614,25.452562798272396,26.148691324806297,27.06181799140627,27.86676107838871,29.17875696461383,30.382829690468263,31.763703342022325,27.620227461047456,28.317252002975145,29.05062787617507,30.12984840652206,31.35231171700103,32.237605509714896,33.752488693428226,30.484518644715386,31.176904432608445,31.988732406896027,31.777018425270803,34.2663898448611,36.49559162419483,33.24961089997897,34.152960179170414,35.50302806803949,36.14285369198176,36.758386580479836,36.030026255888295,37.2785659058929,37.54632045886787,39.28462326407114
G05,11.841951232799433,11.055174399348028,11.155010085159045,11.347030316342687,11.942078629786359,13.001553945586659,14.332988592753432,15.709577206277705,18.73469530043123,21.056804125982648,12.318532786009866,10.879101525401811,9.787476334581863,9.0626461919243,8.878321068760691,8.9412402383562,9.876334795864304,10.893720117572325,12.533337065602282,14.17448651627282,16.115682827606157,18.133946647103603,19.999645121851536,9.406641536701608,7.957729324373882,6.855185774287959,6.47563124336153,7.264876736738209,8.007757801032696,9.595837066144881,11.03700620639492,13.08501448222355,15.11537445781612,17.006679687699183,19.34552602024561,9.76335977007915,7.907296124466315,6.08412573834565,4.805712018005241,4.437218948846225,5.011502868401853,6.6070727254965185,8.130529933528319,10.243362924352528,11.967256995652765,14.147229057310128,16.4240874936783,18.499978297284567,9.07016747364678,6.8613920599248654,4.864753642272135,2.9451066194621887,2.3140008643040737,3.0571048395499947,6.253511733418272,7.222748299643287,9.082449724606242,11.121574079238965,13.2901109099962,16.22779276426711,18.122603841611724,8.876170401699149,6.667567622454233,4.417008603115915,2.1167886054115086,0.0,2.2156861239805608,4.354014813938969,6.839731061964352,9.365077095251273,11.08100451222722,13.449166888696118,15.490138314424438,18.358378849996534,9.200273582888718,7.007992936640275,5.009475920692703,3.2913902837554834,2.363950084075381,3.621221479004012,4.951807952657292,7.036368168309558,9.470123230454817,11.655871696273943,13.556671641667803,16.642272200634142,19.20900439897914,9.770275584649596,8.088557411553682,6.225103452955621,5.060893695781409,4.592013175068208,5.3206918723038275,6.41988169672931,7.988539916655609,10.080794859533647,11.67287633790404,13.92138103781374,16.61350546994824,18.668930687106855,10.961159655802847,9.395642926378162,8.007658584130569,7.207652114246358,7.0873049884988015,7.315774531790876,8.278300308638242,9.590836303472184,11.441781417244432,12.99447297892454,15.324748676568891,17.431524460012096,19.36877458694793,11.30514820778569,10.072733194123629,9.32747897344186,9.061233911559729,9.225203791786933,10.0322251270593,11.583309458008967,12.948647883080303,13.839207491760503,16.07423260998795,18.28293764688815,20.28407387582682,14.426140890757999,13.163939000162527,12.0200133943353,11.3996369240428,11.444463508614112,11.427231510737847,12.20845747832215,12.912377046849274,14.490405411857875,15.60491332882051,17.40368955135663,19.497755204125426,21.117650058659464,15.0839214065839,14.346576351171732,13.737183299352164,13.450105873189251,13.653801851499091,14.031454272455154,14.76543707446549,15.800924814706258,17.461936891421868,19.194521431908637,20.79216477426052,22.47541719301335,17.080081088800487,16.283165539906545,15.92606197400977,15.74509606194894,15.726505651288209,16.401491426086835,17.383075101949025,17.61107975111123,19.087260594438376,20.620292747679407,22.35404940944705,23.94765763075796,18.54644680255493,17.85626178683545,17.828025241175762,18.114398830764436,19.057705659391427,20.084295481793728,20.320613991708026,21.171353688415863,22.671006373780585,23.88077620179043,25.477058739187303,20.99899045192411,20.207217423485105,20.150626218557083,20.284609658556413,20.76158146673803,21.32486869830621,22.196079383530776,23.92258466386941,24.223059509483935,25.6735969042127,26.998397378363034,22.449830845687902,22.52461908667936,22.420781186212043,22.970119046274007,23.4427445705489,24.069700143541464,25.158930362795633,26.275255127210468,27.356983203562486,28.81421749761739,24.611952380906313,24.771597627121267,25.070196748330478,25.59395756814487,26.34634215598059,27.00056379041001,28.183027587539275,29.266622797992937,30.542441159802536,27.267581722624396,27.8065920421759,28.380141402043787,29.318688596183833,30.423943860058642,31.184738462908424,32.592323160523556,30.01314420383176,30.565478173913785,31.23096580318963,30.910504654566868,33.280099894681804,35.403625379330855,32.68687976849427,33.45584512458174,34.69301099645288,35.219481384597366,35.74957971780927,35.39716093135154,36.51437451196447,36.63084407981885,38.323610594514705
G06,12.984515085285242,11.878308044498594,11.53752854817703,11.258149759174463,11.445319960577773,12.167872780400032,13.194507986279747,14.353641802692444,17.083194695372406,19.311174096879764,14.06220128571626,12.46003551359305,11.112227229498146,9.981853986108995,9.267704138566359,8.885096397901377,9.264135253762221,9.810559056445253,11.202019683967709,12.624230233958823,14.42046580384975,16.327070098459185,18.130439928473884,11.183499005230876,9.487986561963503,7.981829426892058,6.9192402039530325,6.978086915480489,7.145207064879226,8.263348594849427,9.466042943067604,11.36758026142767,13.266422652697297,15.062916616644998,17.356353591696614,11.850245271723283,9.902934161146382,7.908629274406533,6.215531272546217,5.155931826546973,4.647237674145793,5.393970430026476,6.47921121742454,8.434322320139302,10.015817739955136,12.109441977234129,14.362834713245155,16.435741175864262,11.264131080558322,9.039239901673149,6.9826634603136934,4.849548020176726,3.3243112068517293,2.2237565064547873,4.523455758598729,5.265626648367695,7.005274155948502,9.0598082209283,11.124966381971676,14.068116753851596,15.95447664450326,11.085617438825858,8.87640698706408,6.623006115050778,4.324835372589343,2.2156861239805608,0.0,2.1454183741172725,4.630559793372719,7.159080667236542,8.873478911903717,11.242540682603732,13.276881561571603,16.148086976481146,11.30361645669208,9.073985342725653,6.984371840044028,4.937530253071873,3.043167593150269,2.4324884377936926,3.0401995000328514,4.965314290153243,7.305826510395658,9.462851684349701,11.352278758029158,14.429124886839118,16.995370104825607,11.665875449360842,9.903565519549007,7.815171143359562,6.18077600305981,4.936355335670235,4.608833800431515,4.958476580563833,6.168174527362209,8.039478838830288,9.554546195398293,11.757422549181433,14.456435418179684,16.477933122816104,12.675166586676486,10.944600358167492,9.265237018015243,7.973994356657146,7.218083194311355,6.6885342190946435,7.053091308071944,7.99365460850042,9.678587138627208,11.101613801605604,13.295118239414045,15.321497120059776,17.224790564764493,12.559399547749088,11.071443311510926,9.945747885403089,9.072008212077412,8.789016440990425,9.04811416815681,10.277075702747354,11.392095022426735,12.026181480420126,14.154395536369611,16.303764595945317,18.255099123258685,15.758773683253402,14.271790812648565,12.837590934439374,11.857603509984637,11.506664503669167,11.05012710334139,11.446171630724397,11.729122899859137,13.060264775263938,14.05101152942378,15.646989646574193,17.636601061429044,19.16032100461785,16.03051452698883,15.023827741291498,14.072807964297672,13.421513215729439,13.333382466576138,13.276431824854146,13.730278693457027,14.548792389748368,15.992595943123181,17.564774578684464,19.045456807333345,20.63762643813479,17.91427210354917,16.845263458907375,16.200701990963232,15.721260922712274,15.38624596839658,15.752213431768883,16.39738823715533,16.469921827379753,17.715137538275,19.105780905265295,20.71275824220425,22.21273889010538,19.030431892103763,18.049474285972984,17.78995157385202,17.773158695065995,18.485541647460593,19.343252105062376,19.232404737837648,19.925773912197236,21.27451585818112,22.348755692431737,23.837508280019538,21.39107722860165,20.37765435470923,20.07223799181347,19.978384819599405,20.20215953802959,20.560156127811872,21.222597225598943,22.725689120464533,22.90455616247562,24.236116046099465,25.40688237466376,22.606699405264806,22.44508115378512,22.103948108878647,22.441077558798288,22.713451212882642,23.18420919505343,24.088830274631437,25.047361637505855,25.995304672190322,27.34715782307185,24.511671607623988,24.48559711340526,24.59599841437627,24.933519867840563,25.510568790209284,26.00119397258518,27.040705482660766,27.992820240197307,29.154123773490433,26.80981107729034,27.178854133314744,27.580425105498286,28.365819008094935,29.342843028581946,29.97013770405468,31.26114857134971,29.414882389701987,29.817155682593203,30.325796015933367,29.892403466432736,32.12787699179639,34.13520870010904,31.98043333039751,32.60546463401496,33.72015481874305,34.12672882067662,34.566453173561214,34.6070681364371,35.583544750347734,35.54219009852938,37.18324805608031
G07,14.14345148823299,12.78297062501514,12.056460716147173,11.342374530934869,11.117721933921535,11.468403376233328,12.145941914894868,13.051729578871912,15.441377173037385,17.56119770972356,15.727721545093555,14.003502597564653,12.464901523878959,11.027266070971535,9.883491285977845,9.10986245779814,8.911527927353424,8.922641144862883,9.989968818770155,11.138724567920692,12.754936691336418,14.530588769901927,16.262936512204675,12.90755786351547,11.044145824825025,9.275287866152727,7.730264225755805,7.119187102471742,6.665900389294758,7.159485037347309,8.02720480615762,9.715481099770614,11.447003538044354,13.133941716027218,15.375185787495383,13.834039793205744,11.819922715483381,9.721991205509292,7.8020423608180955,6.354978284778006,5.027242783077022,4.690951822391699,5.074054985906243,6.7337862306432035,8.114457776093237,10.098704124787497,12.321455961046162,14.38716872772402,13.35791095194155,11.119298988695286,9.021431427439882,6.796409640391021,4.97289302116987,2.9920596584961334,3.2003062353468614,3.483242742043684,4.989809014381211,7.041582563600317,8.998686626391654,11.94346201902949,13.823319608545553,13.229057487213517,11.020002223230266,8.767271525394888,6.468003787877678,4.354014813938969,2.1454183741172725,0.0,2.4860072405365194,5.013737926936349,6.728524355310011,9.097424745498035,11.136616541840704,14.004612704391365,13.421987967510626,11.181710513154952,9.066328143190054,6.9304548912751756,4.8234710530902944,3.0790810317365795,2.195328904742977,3.3304729393886388,5.351815860060957,7.4195171001892035,9.272996549120462,12.318089178115248,14.881213828179474,13.682245795190203,11.88787928942753,9.707559528532391,7.871508368794382,6.25179718161106,5.099551058671734,4.468121976848886,4.952523498177469,6.331119964113775,7.672588155244617,9.769781215564656,12.47278802032649,14.423696197577097,14.58080999121791,12.765148373599109,10.932092800557449,9.356470381506051,8.165240535342482,6.98930740488641,6.639883508014278,7.011299594226451,8.383479051086129,9.57809506112776,11.532588651295944,13.417358085703757,15.25763893923303,14.164811082397112,12.521997644146081,11.144332775002727,9.808653373424917,9.126533295835829,8.79071749062612,9.57935472774654,10.337807359396866,10.604703343328374,12.550669185346255,14.597122182128915,16.465909024405548,17.38487848677695,15.749040002489041,14.117338453122104,12.872683675131615,12.193376726731607,11.342803577599323,11.331110316292927,11.131745236035542,12.129066246005914,12.9450169949676,14.25510031532574,16.0872881804237,17.470113708845744,17.36342685071124,16.155047879842385,14.934520012374016,13.973637357538658,13.611943138288524,13.115010102931679,13.251545909817466,13.803385816530668,14.963360083884904,16.31826320415258,17.63777052237612,19.102065254835665,19.13713837019527,17.85524732396614,16.9718150178465,16.230422206461544,15.600209774230601,15.648127044474045,15.922952521438981,15.820522273300588,16.78145029489406,17.98742282818748,19.426805656103117,20.80129363765629,19.94786610141546,18.721669637080986,18.253303399658922,17.946378186141068,18.41786985511625,19.090291616421162,18.606591197744955,19.115586572219016,20.278424618298136,21.185040122690353,22.53583069247726,22.205110335235894,21.00226828225942,20.469206970471525,20.157468491851848,20.126419701476962,20.26867632579888,20.70206513853147,21.9464568894389,21.98651334341123,23.172461435937272,24.15568148490123,23.198051340576,22.817263113704062,22.250553476262112,22.373465757454746,22.4382555917344,22.74085820720054,23.439714076754434,24.21765705017725,25.00925478697836,26.233595578951814,24.84713474427182,24.642112287707803,24.565581328354515,24.711748966837614,25.102559630444063,25.41601770537627,26.294209191379004,27.095955140943087,28.12319414646921,26.780351043255575,26.975504221422813,27.197206786727197,27.81683698769506,28.651365918573585,29.130069859167865,30.286514259650286,29.22878926674863,29.47523680990536,29.81760265346629,29.26618350588269,31.347422796778687,33.2205129551005,31.671512246812593,32.144797401756946,33.12627061714011,33.40336773440666,33.74381847094368,34.2013182933056,35.027469691657714,34.81854133934964,36.39902619576518
G08,15.815929311931058,14.24407111748604,13.162142720697114,12.022061220938777,11.34434841672275,11.226558689108607,11.418866011999615,11.943108849876568,13.788733263066627,15.724013641561115,17.836062934403433,16.020856437781344,14.33761828198812,12.660964615699706,11.162664198120446,10.044652806344278,9.231479296407482,8.573003732648202,9.123858449143103,9.815977434774389,11.110203328472437,12.65236080737504,14.256610817441851,15.085857019075847,13.108524897943324,11.167042625511913,9.290676024918746,8.113919213302534,7.039942329309239,6.657145484364902,6.931314810337213,8.176761278158976,9.577996554603683,11.055221616955492,13.192017662207704,16.21192243381395,14.155309427914318,11.997768000757475,9.951406583996054,8.293403704149462,6.475686372887433,5.1188687226769165,4.391511129440525,5.27917503024857,6.184111658112262,7.9076932793324755,10.052048995105427,12.094158920735248,15.816176940082581,13.571027742953,11.45216018923941,9.187881148556505,7.250652729237555,5.052720554315269,3.2375052123510164,2.4580292919328683,2.9673641502181693,4.897811041679741,6.572604126219683,9.513768601348257,11.377300602515518,15.715064428757524,13.506006256477152,11.25317635159069,8.954009437118101,6.839731061964352,4.630559793372719,2.4860072405365194,0.0,2.529766787670358,4.2429546309146415,6.612109270119483,8.652790763678501,11.518678266190092,15.872341383677457,13.623950161388581,11.490459781923438,9.301107084643203,7.112291684119824,4.964909264024873,3.283964829287914,2.5294556726695174,3.3192205410306803,5.1112074894294794,6.881461254704556,9.869546139514217,12.426058144077711,16.03317666590124,14.216356846956256,11.972964879260275,10.007803555226293,8.173105162666145,6.491767170809501,5.025976720996627,4.417854343456788,4.7263364247586095,5.661099274875861,7.525790124631433,10.209939324011675,12.049663397788338,16.82400915358762,14.941028645980168,12.99165335898399,11.203903337676563,9.681653009687963,7.989651431695878,6.911400509303451,6.506016446336422,7.302666704704522,8.0854098844771,9.61679681598816,11.264999689303147,13.00278839326396,16.12840714391846,14.362051559578806,12.778810781915507,11.051047235443345,10.00559493483521,9.042975284716862,9.243003462078763,9.48885667506892,9.224692135784261,10.850606849388656,12.71701600219171,14.45207279250973,19.340848585312898,17.572681781674643,15.769343708601193,14.28951997094374,13.299537585946362,12.067699573655288,11.605469443327141,10.8400184501688,11.370368507660604,11.928513277018222,12.819467422634998,14.407251125735263,15.58384050868078,19.026830109085434,17.629143711479582,16.15359798930257,14.891014236780515,14.24496051240578,13.268478812584357,13.02420458223841,13.229426140237527,13.996757803148556,15.041248950801924,16.129043896028058,17.40892681930739,20.670582309165844,19.18214870654484,18.060823375472115,17.052527114770992,16.111753877216472,15.797898088036902,15.628952268146447,15.315320989127194,15.901102163057754,16.85166068967685,18.05689170372354,19.25585949782559,21.152830401627106,19.67919414000482,18.990641511017998,18.366307685542022,18.554976960373732,19.000507414277127,18.077984954081582,18.352433789554997,19.26802296552503,19.95333959516552,21.117081734936768,23.276287869847287,21.87971473762855,21.102092076379538,20.550098199278757,20.22787467827503,20.11606721006867,20.270715453579825,21.185942178718413,21.054502725070474,22.048151963373257,22.788740465414055,24.01631965976469,23.39554145558508,22.580218998052256,22.455762957423644,22.277498288631964,22.377554468708148,22.822049776477137,23.37308976151848,23.96617042833502,25.02429517488954,25.364698716917573,24.95854422837999,24.668055659090765,24.590191316864537,24.757879796137633,24.857227922678746,25.53389372970758,26.14714831487365,27.003970911701114,26.86463508034308,26.856003649091203,26.864499343929715,27.282643640233985,27.940831716325125,28.2373217214381,29.224036442627156,29.113034778256974,29.175120034028993,29.318615042324218,28.629955169367626,30.51416910223839,32.21655048263237,31.396803021963876,31.688617641039503,32.50700233795789,32.62835539833413,32.84830590761113,33.7994713716058,34.44414895159989,34.03681102864956,35.53850559604329
G09,17.622280102188817,15.891937138058406,14.526189761943769,13.043090584673557,11.972512058878872,11.397490425527893,11.064959873402161,11.133592636700877,12.271720702493193,13.948996558892686,20.003516915782583,18.120780032879377,16.331285130080854,14.48228590382057,12.729983817743054,11.367881508882823,10.061215930492695,8.802814833903982,8.748991084690852,8.850623085410428,9.678462377878006,10.878202516960235,12.293595080366035,17.328475351282354,15.27215390833919,13.220178402729669,11.139553357293998,9.58770467838888,8.094909264469862,6.930132610563812,6.4930320344196675,7.040051491288967,7.90634188484156,9.05043208913254,11.017466224137019,18.623417328728905,16.534931418061582,14.338457413543482,12.214888006035913,10.440515552404488,8.380026849598991,6.465221187244873,4.91270699309454,4.628383411084264,4.647772907533242,5.823612023478212,7.79934336979723,9.787191629880352,18.304850969073744,16.05506306434204,13.920342273090846,11.632278538618305,9.63566007079951,7.377924708208942,4.748437216600847,3.4385816843576653,2.1214980556201315,3.1323277287027294,4.124859391542941,7.040902569983482,8.879841271103892,18.24123707427761,16.032487299230894,13.780465957288964,11.48068051118922,9.365077095251273,7.159080667236542,5.013737926936349,2.529766787670358,0.0,1.7166711974050242,4.084102961483709,6.142504049652715,8.995845318812457,18.391463046750793,16.140092998492914,13.999583493804378,11.788899736616644,9.574672892584895,7.31154402298174,5.491411931370656,3.8770816344255636,2.5454125402378294,3.1739391928642866,4.627191913028894,7.445940706183471,9.97937417877494,18.4959937824384,16.668763421441916,14.394689298487828,12.367060281247117,10.437155551202634,8.518695029169667,6.678804833201821,5.327042800654036,4.263175342394446,4.311318243878547,5.563034513644509,8.131447165172998,9.754425662231476,19.21565039232344,17.294014600433297,15.278746709072704,13.370252428432305,11.65872278596588,9.679086837093672,8.129707313304705,7.066991580580806,7.126925353895605,7.299375932228727,8.11947689201712,9.347557221006994,10.89585875459112,18.327698191535127,16.486294944589584,14.77448560864303,12.795251970946097,11.507994177961685,10.077495422970927,9.713057448610092,9.395775912610944,8.504711929277793,9.61469671908584,11.1710701367416,12.684156416569452,21.517109471302135,19.658787678796475,17.740298672795788,16.098749547713325,14.882182232455023,13.370014248309536,12.530930252778521,11.26039608539593,11.271956351938202,11.51238989089581,11.861693175934032,13.09298991827306,13.974441849319062,20.978174181753758,19.44145313498968,17.776731308089236,16.284174065638084,15.407104465148537,14.022207600802378,13.41614866494852,13.25545336833109,13.563880012739718,14.21609067219255,14.997459418181467,16.024619340252674,22.50498027104223,20.858216055070482,19.548854928102568,18.324278676117103,17.123258363991358,16.478646789102555,15.875106834286187,15.35043103629341,15.513997872888858,16.15274602041399,17.060441553488584,18.03014323293079,22.70696672829729,21.033336634970684,20.15778214486901,19.251935019628544,19.168288656006826,19.38289890599443,18.02621479956344,18.04348752320349,18.669129626203787,19.091246082956452,20.02114424801939,24.69544680705332,23.138689699289372,22.14698286448969,21.377660489398743,20.779891866898634,20.4174092381967,20.283705110260303,20.835163594270142,20.517216794682458,21.282610013811748,21.735998619801208,25.20174156680447,24.364873239973978,23.322794558114172,22.95940386856767,22.54068219908173,22.432167795378135,22.60403194122677,22.903845463153125,23.271295301293392,24.132233568403898,26.25865436384736,25.663851036039,25.16736891293963,24.86672702628957,24.80478961813625,24.679348208573092,25.13416425903197,25.536490459732327,26.197233918870136,27.32577482890467,27.113237283659064,26.903867101217994,27.108378409635648,27.573964985108688,27.671304884302078,28.464566358896107,29.356027694495726,29.22952933250893,29.165413009247786,28.33703416026455,29.99693431002575,31.50333812471307,31.462059690999254,31.564190849758845,32.20626704540593,32.161013168120185,32.249801689312754,33.71919864113025,34.1706336054806,33.5545902225016,34.96415450143189
G10,19.025551765980403,17.22316933668133,15.719846723171317,14.06889974376106,12.794502139591051,11.956914819467436,11.289730953393,11.030599485068796,11.578940927390553,13.008127344087619,21.578615363363795,19.66749961230456,17.832522255698997,15.909088880259612,14.046062793537555,12.578953295087791,11.040203349576492,9.480930597784164,9.042418094735499,8.708707424181846,9.122861941298902,9.986893911522241,11.20358871076585,18.94276141432394,16.855678835336178,14.761951259911408,12.604289785624575,10.90217891065818,9.247706959025033,7.725836783158185,6.877005816487289,6.8583471040769,7.2011772648644055,7.977963712627427,9.736444217474878,20.30772170874911,18.208171270064437,15.998840489235462,13.849234816407728,12.03624281077779,9.899285327739573,7.80871596358838,5.9940992651106475,5.064245353455933,4.3366836407559175,4.787384358916673,6.48436373131551,8.377838384690886,20.015843349706753,17.76512454220347,15.626443773296598,13.332515441581158,11.320124425111237,9.051757674617676,6.232383171789103,4.868669222693199,3.074680145966406,2.8759953059766983,2.636830104500478,5.445409534644755,7.236425429727028,19.95705073401378,17.74816703211912,15.495755354289768,13.196224649497296,11.08100451222722,8.873478911903717,6.728524355310011,4.2429546309146415,1.7166711974050242,0.0,2.3692515695890126,4.430855899259194,7.279175846206766,20.086075002349265,17.832257120174106,15.68626131364641,13.460987668072503,11.233972093609633,8.92081543358005,7.067527219615076,5.238359476019187,3.157860826572317,2.403349745667492,3.22794439233392,5.800118016040709,8.305965386395492,20.143805449815087,18.310563126239455,16.018485571364103,13.95646445200216,11.980802310363027,9.958208925303786,7.983741103016806,6.356189503153599,4.629641022800796,3.950265940414645,4.438678294267337,6.793256141203568,8.203054309219219,20.812229577822745,18.867491539682746,16.814814807187144,14.840973350828442,13.033142406956198,10.92266020711072,9.160814210538275,7.779855654187936,7.372057039931256,7.094791399329511,7.296458387464428,8.126147549731053,9.491075492271673,19.79958830380066,17.917195790636438,16.135695367724317,14.024653186442794,12.614861156588287,10.943494962762124,10.248494767525619,9.577045734463212,8.28200006037189,8.950086088971435,10.219187051815814,11.53184113660954,22.966305754300144,21.054561429770985,19.07075889942506,17.338692713119986,15.994318116131115,14.330546709738606,13.275673579897934,11.717089399676013,11.386077463288224,11.399999692982451,11.347773217684605,12.286058481058928,12.929529960520608,22.2835178551323,20.664644686033196,18.89070628642561,17.267034864156614,16.255587716228533,14.63341416074868,13.805659020850833,13.405853796010158,13.39247673135929,13.753023594831793,14.298652978515143,15.126607848423916,23.729944142369995,21.98838313746602,20.566600132253264,19.213612388096102,17.858234207222168,17.008638981411767,16.128078403827285,15.469766804965097,15.341288928900337,15.751505959748737,16.435087891459542,17.229271865055704,23.75056096179625,21.95681966952409,20.966776695524757,19.88633988445335,19.62591149475611,19.686015594832796,18.05156137291176,17.892389723007934,18.309583091922107,18.541911578906852,19.297494785593283,25.643084935319308,23.989277125415846,22.863944235411353,21.957848346320276,21.183349546282805,20.657223240309914,20.330548369387383,20.62840687013905,20.183825232101075,20.78354813307872,21.031126741094972,25.994494070860465,25.019903916682015,23.834393006745525,23.314977375069443,22.738411070257307,22.490029968855087,22.474962513873077,22.599755773016664,22.808121733277382,23.526208215519986,26.854691228908216,26.137750668334107,25.506737972543647,25.058517933030277,24.8419053214523,24.564228707614657,24.864264738777216,25.11877658246914,25.64012170407933,27.628598408171197,27.28003760994475,26.924406195866233,26.982536945216996,27.31407668217983,27.27398852386647,27.930197170804217,29.503050994770014,29.249489311781154,29.04448594828285,28.12430808037773,29.62344078597218,30.98959788380611,31.48052604388942,31.4533928217609,31.97295302282853,31.813887282128853,31.81242494686628,33.63107284937547,33.94948095332239,33.1927427760949,34.53506073543233
G11,20.963593227307193,19.08014478456597,17.41884324517561,15.582512281400582,14.082351224138675,12.941667782785956,11.86968508428088,11.182317201725231,10.856601770351531,11.86262610048888,23.73126081774839,21.786644073835696,19.898689027169603,17.891157424828613,15.907702442527645,14.332907067304943,12.551673235071092,10.688650055081792,9.804698057564037,8.921222449866386,8.716227681743979,9.013692528592264,9.864969589410807,21.151814508452933,19.028926244010723,16.889736350813767,14.652114181919277,12.796654093941902,10.995654823611007,9.142243980555321,7.885956124656033,7.160123043635494,6.700334991625418,6.802078799896396,8.116304146592832,22.612686439253523,20.498440379697183,18.2736821686271,16.09405884169683,14.239802316043576,12.029701284736873,9.787989579070873,7.78800520030643,6.310196351937077,4.836089535978424,4.031049987286191,4.9537258704938445,6.566169735850575,22.364867091042594,20.11275548004301,17.967652322994233,15.665612563829097,13.633444832469891,11.356644750981692,8.377545046133742,7.007108176701713,5.036466717848932,3.873964894007172,1.515924140582239,3.3507312634707067,4.988849165889865,22.3253333457756,20.116589472373292,17.864480652960502,15.564761867757566,13.449166888696118,11.242540682603732,9.097424745498035,6.612109270119483,4.084102961483709,2.3692515695890126,0.0,2.1184487248928163,4.916678553657946,22.44615958243191,20.19097444404306,18.04161203994809,15.806682257830072,13.572127688759783,11.226989845902596,9.359385663599934,7.415450694327352,5.018435214287417,3.194909231887504,2.3636387202785456,3.7170108958678076,6.090164201398842,22.4657597467791,20.62829408846015,18.322368542303696,16.23314649105342,14.222732683981654,12.120883466150477,10.056187995458318,8.243956574364036,6.067685308253881,4.7222558168739655,3.8664055658970904,5.443999448934579,6.299230826061226,23.086068807833005,21.121290206803184,19.036114361917456,17.00487450703474,15.112953979947136,12.89567419718721,10.960108119904657,9.311316179788976,8.423592820168839,7.614725865059096,6.881698627519226,6.932174622728427,7.872196961458726,21.9502703855784,20.03084062140179,18.184883887448937,15.951871677016463,14.42999767844749,12.534023974765645,11.494977337950694,10.431737918487023,8.688212819677014,8.672944598001305,9.412528087607495,10.333360779533443,25.08674058143066,23.122367525839564,21.075196891132478,19.2542713183335,17.780883695699714,15.967885583257415,14.68725229578358,12.828957440104007,12.087424746404835,11.804659503772228,11.18817178988596,11.645079475898823,11.881412458121298,24.249623192948793,22.54570089839746,20.658975410218194,18.8993583488964,17.744369952184833,15.867120123072112,14.7873246397041,14.096417452672151,13.656463158519486,13.595050459634198,13.774845262288792,14.273934426078888,25.601584404094993,23.758910959890397,22.215400063919624,20.722417330031746,19.197136088489867,18.109983241295396,16.89576426208652,16.076350083274498,15.558780961245004,15.639147834840617,15.980907514906656,16.49483264540747,25.413208632520213,23.4872787908689,22.367400072426836,21.084294368083555,20.607158295116772,20.470160844507305,18.491918261770465,18.09558092463461,18.21453803970883,18.168531971516025,18.65393642103457,27.18388423312607,25.421248789152745,24.14004774228916,23.071466034909875,22.080903083886767,21.34905930011906,20.770968441553226,20.719138712794024,20.10169370973501,20.45644035505689,20.3968518404189,27.345880219879557,26.206197835626593,24.848103368265352,24.133091409929232,23.3554631082323,22.923331455091773,22.654209343960783,22.533695169678676,22.5128844886656,23.01623774642589,27.956889133092044,27.08872342876275,26.288141908472724,25.64942295647214,25.227653418421617,24.744605977869195,24.82700340355235,24.869807558563856,25.185729491122547,28.34924212390871,27.823010351146404,27.273111740320356,27.13066996961188,27.273523608070885,27.03921309875715,27.494064541278725,30.006959609397285,29.583487590208154,29.186783053293148,28.144657468159032,29.408729741354012,30.56688044272755,31.801041759665672,31.59700974775936,31.943939550406114,31.625478099152904,31.49555809951619,33.7960516628792,33.92868756671852,32.97723056898502,34.21831113599851
G12,23.017083047163037,21.106725989598672,19.38512638596922,17.472440012774406,15.871034402331816,14.578802419952059,13.281336717363956,12.321117197721966,11.29090558812711,11.840349530313706,25.841764355399572,23.89131568164466,21.991973672228696,19.962535735722554,17.94234510870862,16.332154603725744,14.459832709958992,12.47541506323537,11.373242149888483,10.177839702019284,9.520829060538794,9.285836203595236,9.7009947943497,23.269404332728417,21.143360967452644,18.997944757262562,16.745223945949483,14.850498207130965,13.008458786497345,11.04614403310042,9.635942766538209,8.556983171655768,7.558877297588578,7.013245824865973,7.691173252501857,24.721814354937624,22.611422799107537,20.38929760928512,18.212201981089493,16.3576663677922,14.14109875504729,11.874251344821701,9.838290196980369,8.209369342403837,6.502960325882359,5.019087666100284,4.960528701660742,5.975249283502739,24.446423889804414,22.195901288300956,20.056929500798468,17.760819913506246,15.738461074704857,13.46408871777069,10.493459486746971,9.123804908041382,7.1428337513902695,5.812963185845924,3.0978904112314885,2.7330314670709517,3.651896630519544,24.361670262935586,22.152470042864294,19.898421696204956,17.60162608965433,15.490138314424438,13.276881561571603,11.136616541840704,8.652790763678501,6.142504049652715,4.430855899259194,2.1184487248928163,0.0,2.892339018856538,24.409498827300816,22.151634386654184,19.994458682344966,17.738726589019855,15.493454263010557,13.103353158638441,11.22831906386704,9.185371522154126,6.64326282785801,4.477187733388003,2.7572756481715786,1.8219146522271563,3.9900031328308505,24.337991576956384,22.495381970528975,20.169770747333743,18.04393416081981,15.993889458164952,13.811197377490483,11.677339166094303,9.738017508712952,7.322541908381269,5.656352976963159,3.8772455429080064,4.279356610519857,4.453375349103195,24.875252440930122,22.88441297040411,20.759704646261227,18.663528766018498,16.686040303199558,14.378003547085386,12.307426091592019,10.468574783608322,9.220047342611643,8.019707039537042,6.516918980622669,5.78847561971198,6.24599215497426,23.572761335914805,21.615027573426783,19.703515955280672,17.355363580173133,15.736758306589067,13.658335550132016,12.336112718356622,10.967040302652308,8.921121061839706,8.294488832954084,8.498483864784353,9.017779992880731,26.6621800308977,24.64016812036801,22.528482527680374,20.620557339703502,19.02453153168298,17.08308300629602,15.607854849401951,13.515374504615105,12.430135799740887,11.893562502463256,10.794061191229185,10.798117660036864,10.659293644515099,25.646308506293845,23.85647903610254,21.862161375307796,19.979291904369383,18.696311935780276,16.604475360576735,15.3137091849101,14.375807455583146,13.565222777381875,13.127863268635913,12.976171430741811,13.173496764337099,26.88864520573694,24.946438723793825,23.286760723638658,21.66556819010293,19.99062032554268,18.69331869947121,17.190981501938744,16.23991542465662,15.383163328782542,15.16769250743171,15.200396376410716,15.461073475021067,26.480702596419153,24.432043917773232,23.192348242469972,21.725858924332545,21.050535432620237,20.733295203609096,18.467504433463663,17.86419575575682,17.716317026966976,17.42598476413887,17.670764131751632,28.118896013179466,26.25693197995531,24.831981676861798,23.616431313812,22.432393407748535,21.518491861652386,20.718460005511993,20.35440517431055,19.590973150918256,19.727161199726634,19.403271682888946,28.091883703304767,26.798631681487024,25.285667916825926,24.393698407580594,23.437898241949938,22.842961716905275,22.34867262277561,22.01230067484996,21.79159051102053,22.106024178942718,28.458905899559806,27.452719828825707,26.499279424165483,25.690058096469926,25.08553304197461,24.4224527842721,24.311979454581643,24.169965184087463,24.307310608127754,28.491510349576064,27.80564892247617,27.08359490540353,26.76315870744707,26.738979879569076,26.337339007576297,26.617212814267386,29.941746275058843,29.367212823146836,28.801923546874434,27.65824681717914,28.71095623625239,29.686100872293753,31.561537921970785,31.201085173435878,31.394899346868435,30.9397813179085,30.700453498279142,33.409381631511835,33.37843760573583,32.262517648193544,33.412462585089415
G13,25.411811289241072,23.436883005212106,21.585489663197357,19.534448162157027,17.769498586060326,16.251218446627316,14.645815784721588,13.331539521000566,11.390375323052352,11.28738525966045,28.443447118800492,26.46348586259943,24.518287236265095,22.4197268939655,20.307533503604027,18.624724883874126,16.588020165167393,14.426895161468389,13.022446160380161,11.443651252987395,10.228298441089798,9.304124945420714,9.08889525740065,25.937028684874452,23.779477580468413,21.59798532271008,19.286331792230474,17.28281655286545,15.35978596856089,13.21999247352282,11.605701357522518,10.097929391711947,8.504313317370192,7.200293605124724,6.906925292776808,27.495732396137406,25.36949589566178,23.132723575057042,20.92848761855476,19.040310974351232,16.7729604125211,14.417879594448,12.309332110232464,10.447413555516983,8.516877479452196,6.470976742347325,5.290520579300302,5.218599141532142,27.279515831480587,25.02700263715174,22.87918953984166,20.573306613182044,18.52977458038818,16.25017772210507,13.171279854289029,11.815785585393803,9.797167192612362,8.202951907697619,5.459729846796451,3.2730817282799403,2.3652500924849362,27.233530601080723,25.024380511812875,22.771084405447187,20.47246511781129,18.358378849996534,16.148086976481146,14.004612704391365,11.518678266190092,8.995845318812457,7.279175846206766,4.916678553657946,2.892339018856538,0.0,27.30105521770175,25.043288621904274,22.886472445529915,20.631041175859252,18.385616388905756,15.992641214008398,14.1176928710041,12.06135668156779,9.497750681082337,7.278746938862485,5.407856876804341,2.5768092672916247,2.162665947389934,27.22341699713686,25.380253052323965,23.051390174998122,20.91791760668351,18.858589687460725,16.65278475210678,14.499866378694668,12.52044296340988,10.031790916880196,8.267292906387192,6.116761561480062,5.180427202461202,3.815215459184448,27.738946284961873,25.740393547885002,23.602819534962343,21.482621185507135,19.469929686570516,17.124822831200326,14.994744746076872,13.06647653348063,11.607615603559587,10.157202075374892,8.047822065627445,6.393594059681925,5.8301441663135565,26.367446027251102,24.39325578925454,22.4507928145088,20.044232736625265,18.374572675303227,16.193383988530623,14.683937619044832,13.098464795539972,10.864217321095891,9.647424526784338,9.130944146143923,8.940781229847872,29.42806009576574,27.376377700492082,25.230539035066215,23.27341702457978,21.601795318908103,19.580766328210956,17.970946441409254,15.716718137066657,14.346806369363183,13.574296961537271,11.975964094802555,11.372592492479452,10.639867386391618,28.30494502732694,26.461380708496677,24.397182316816835,22.43091371299885,21.055342338703497,18.8036946635495,17.341726615305642,16.18326941628298,14.99806314161932,14.120953402656635,13.521059499906062,13.242894094570115,29.468190646865306,27.457826170328925,25.71412810110426,23.996533166272165,22.204878067667924,20.728428329229402,18.96216068911979,17.88964594395317,16.6700179064091,16.092110147522607,15.69770190187086,15.563891030201926,28.891682626666103,26.74903544055374,25.411504048363607,23.786890612267925,22.923970445801924,22.423115684489524,19.869710239457444,19.03117928558291,18.54540126284681,17.922503452364012,17.79940223715392,30.411211781183596,28.46886527419033,26.91861766510309,25.569008604167664,24.197908029414442,23.097726749617593,22.05482681863542,21.311742420553042,20.368445252399603,20.197972175443752,19.48124649502695,30.21210388238462,28.777100288250033,27.11722096749591,26.04459431436781,24.899101690623297,24.1203418922701,23.354222423364902,22.738611259265593,22.241511099743203,22.27071907236046,30.3368164776728,29.192244740684128,28.07895263360085,27.08217956516794,26.26493893006416,25.38272445975806,25.01853812675713,24.620117302726243,24.492448673009402,29.979428430175247,29.112426642243342,28.186465972164726,27.641600188845796,27.39402274219688,26.761386156176588,26.78022182507083,31.175854005945048,30.418644052620095,29.640356694884762,28.370539367449467,29.119435451258322,29.816421582745303,32.56858475586559,32.00735179611085,31.992645561128576,31.348396466167134,30.951454957723715,34.21392657968389,33.96167487035938,32.620232371949776,33.62928475302441
H01,14.193613810443061,14.845783408092682,16.299614842075258,17.673512865302133,19.08635722184828,20.709883558339964,22.50769717230086,24.190677419204285,27.592613395617313,30.016139025530915,11.332375037916808,11.430114785075434,12.04807640248019,13.148816904953845,14.556280465833295,15.628578470225628,17.47716146861383,19.16396723019532,21.07988709647184,22.9677436854385,25.055852509942664,27.179664990577052,29.09725143376948,9.434882140228355,10.161928261899904,11.23203463313749,12.807408559111401,14.73544800811974,16.21708460235686,18.270944830522584,19.924786975021842,22.08468107082373,24.216627201160776,26.16905019292829,28.528505481360217,6.830516525124582,7.248056981012222,8.155769736818224,9.646533574294965,11.17566866008473,13.125418431425338,15.352488918738876,17.16434866227088,19.352239818687657,21.145595900801663,23.346807661862467,25.62426428212135,27.700131858891936,4.628062229486548,5.032556904795016,6.380329928773276,8.178337789551126,10.08566913992324,12.019183499722434,15.380026430406419,16.41700231467365,18.277996307035405,20.320924880526476,22.420651061019615,25.36535668978459,27.24369211395548,2.470170237048451,3.270511275014963,5.023000398168409,7.159865082527743,9.200273582888718,11.30361645669208,13.421987967510626,15.872341383677457,18.391463046750793,20.086075002349265,22.44615958243191,24.409498827300816,27.30105521770175,0.0,2.2581215644867307,4.419086444051531,6.698076440292391,8.944485340141153,11.386142674321274,13.240103473915903,15.381240424621156,17.98202179956414,20.255443243730806,22.209190980312634,25.369829522485958,27.923210488767225,2.382659228677068,3.0423157298347587,4.967011677054928,7.06350203510978,9.095969052278047,11.410833098420115,13.520867021016072,15.567202574643911,18.081621304518023,19.879787222201347,22.276460131717517,24.858404011520932,27.116243194808533,4.292760067835146,4.803525788418336,6.175419823785263,8.07869376817812,10.074572447503666,12.205361321976502,14.31427434416429,16.319252464497264,18.40819958605404,20.252959536818317,22.978869249812966,25.39026059338502,27.472730570513008,7.231213591092438,7.929381312561529,9.244757325100535,11.288645711510306,12.778169548100385,14.93595008695463,17.111012828000568,19.06883876904936,20.744725064459157,23.233643192577443,25.588034801445772,27.74939467808262,8.845057885621777,9.102372877442452,9.767147587704407,10.93931131287523,12.490240069750461,14.025113831980118,15.878680675673278,17.818267620619014,19.99709611418618,21.42638863644548,23.83782649487994,26.23896347038122,28.21675775137888,11.257299187638214,11.950146651819802,12.974366766821417,14.207362668701041,15.445547481394113,17.288669497679685,18.870733160108006,20.52624293435114,22.802429914375352,25.014400432550847,26.990851968768972,28.986896694886124,13.348710349692961,13.927216879190185,14.871026326383799,15.937816789008462,17.147172886513975,18.861441858988403,20.94757002613907,21.722798530576117,23.92095786125631,25.891556635320324,28.035942876957073,29.951165853769364,16.11349809941963,16.76918963456493,17.69132380575292,19.135088528669,20.845858989257316,22.40512398983768,23.958179584434205,25.347271588871255,27.339001079044568,29.031586970057287,31.005979294323218,18.615035482104247,18.85999708377496,19.83607786332772,20.871823710447536,22.297508941583587,23.609181201388584,25.221609028767375,27.707859480659994,28.48072067206165,30.340867225575476,32.25811471552545,20.890326876332022,21.93654934122502,22.810773616867973,24.161217953571796,25.39387975477556,26.59573960242505,28.35172264607567,30.044620317121666,31.625851956903865,33.46588949960841,23.90811314177679,24.816747429911118,25.858153781737784,27.09804690378995,28.51032656775436,29.791266455120702,31.49740792509758,33.07843575503533,34.78816709744852,27.82515166176098,29.025598098919513,30.27030914939588,31.789070904950965,33.374061574821845,34.66390060278849,36.5158790802029,30.979246359458134,32.12316600212376,33.40803186361028,33.57443908690062,36.410971217477844,38.96020087217211,33.96660879452054,35.30382620906692,37.00780839228392,38.025368177047284,38.92562965450912,36.912675600665956,38.58412937983699,39.37108918991193,41.23426091249848
H02,13.515337435669151,13.857568329256038,15.056083986216336,16.202017713852804,17.455156401476327,18.96502153966612,20.659727805564135,22.267836648403904,25.56239004866329,27.95207657759974,11.359230827833372,11.048038061121984,11.276312872566102,12.018448859981891,13.143028950740389,14.035211291605124,15.722151125084633,17.271253486646533,19.12707978234001,20.95015124050421,22.993641990776492,25.079081402635143,26.974418585022367,9.024186389919038,9.25298508590606,9.92009642090237,11.194335397869763,12.96056252637207,14.311607387012822,16.270328453967977,17.870074230399826,19.996909186171745,22.089628788189266,24.0095868560873,26.353390749579077,7.021413319268422,6.737,7.015642878596372,8.094578247197317,9.406518006148715,11.1900672026579,13.31584593632714,15.05519498379214,17.217890259843102,18.97393224927295,21.14897456142969,23.418938255181423,25.49417866886478,5.00030169089826,4.338046103950487,4.940886256533336,6.334386315974106,8.091673807068597,9.90399399232451,13.232846481388652,14.230446303612547,16.065235136779044,18.113459774432933,20.179382770540826,23.124268572216504,24.998796871049613,3.2527908017577767,2.287165276056805,3.104271251034613,5.02864166549974,7.007992936640275,9.073985342725653,11.181710513154952,13.623950161388581,16.140092998492914,17.832257120174106,20.19097444404306,22.151634386654184,25.043288621904274,2.2581215644867307,0.0,2.162333924258693,4.446619502498499,6.690009043342169,9.135391069899526,10.985321160530537,13.130157196317187,15.729488771094882,18.002008998997862,19.955152442414466,23.114545052844974,25.66922719911918,3.126403684747061,2.2464710102736696,3.138921152243235,5.020886176762026,6.967782000034157,9.251341794572289,11.326940981571326,13.35919207886465,15.856935706497646,17.646416661747505,20.03780539380498,22.63143594648824,24.876781664837594,4.8648734824248,4.368274831097512,4.91543131373026,6.412044291799614,8.216159017448481,10.195983719092533,12.231026326518965,14.193594611654936,16.278093408013113,18.104530289405467,20.80150054683556,23.189282783216907,25.26177325525665,6.95599202127202,7.057900608537924,7.937252484329826,9.644775632434381,10.981600065564216,13.007910362544784,15.140719302595897,17.04583189521708,18.638799237075332,21.111775505627186,23.458423178039908,25.607342736020072,9.28263076934551,8.986193688097314,9.106034976871108,9.865092650350528,11.154197505871949,12.44456913677609,14.16627378670905,15.94919113936503,18.069667456818348,19.468342122533187,21.812103635367222,24.184056504234356,26.12184405818242,11.185012919080604,11.466651908905233,12.091646124494382,13.01275716364522,14.072969906881774,15.683597674003245,17.148574313918925,18.726232135696705,20.92968669139603,23.085420940498356,25.01676192076025,26.9760149206661,13.330586071137308,13.516636009007566,14.1401267674657,14.933840262973218,15.902085555045916,17.44215336476549,19.354414199349975,20.04225448895408,22.14091633153425,24.055475925451987,26.147269761869975,28.021230397682398,15.794010257056312,16.105031760291563,16.814707877331678,18.02418652810717,19.60160503632292,21.07490801877911,22.39049874388688,23.695087845374196,25.615865493869222,27.236301749686945,29.15763215694992,18.34114077695278,18.31340397086243,19.05016209904787,19.89253774660237,21.1306758055676,22.30300002241851,23.785227705447767,26.148370656696756,26.83943034045246,28.637739872413118,30.46120959515561,20.437786377198485,21.254974053148125,21.908648885771115,23.096132490094526,24.179138528905447,25.274052187965427,26.911967783868946,28.505737124305345,30.002926940550317,31.78241666393542,23.28410155019944,24.023099966490587,24.904442414958822,25.998026559721797,27.282071952108037,28.443775452636384,30.056961007393944,31.550408317484575,33.18632069091119,26.945290052252172,28.007025011593072,29.11529002088078,30.522429687035075,32.01878874973255,33.20965991996907,34.9837160404666,30.03401544915365,31.05458241548258,32.214159402349765,32.27924969698026,35.035708327362244,37.51089331114363,32.972309624895864,34.192495697155536,35.805445856740846,36.724774444508164,37.55293790104843,35.883475988259555,37.442238514811045,38.09034088847198,39.92583026062201
H03,13.30701987674175,13.312598544236208,14.20408071647018,15.071260133114285,16.12270749595117,17.484902115825527,19.045980074545913,20.55700389161806,23.712434480668577,26.056988256511918,11.899457508642989,11.214713059191483,11.038095850281424,11.363229338528727,12.131353840359287,12.790262702540554,14.256823909973779,15.621418149451092,17.39178498602142,19.126851936479248,21.109170045267057,23.14276396630273,25.007737722552992,9.256165296709,8.955014293679268,9.124838464323629,9.981824933347609,11.504409285139328,12.66876387024401,14.488122721733136,16.00952157311392,18.08663078077285,20.124043033148183,21.998999818173555,24.320155015953333,7.9276201346936395,7.039236109124342,6.604712332872644,7.07936614394255,8.036045358259248,9.544917181411266,11.504408763600154,13.132178798660943,15.252571619238507,16.953377864012822,19.089247051678075,21.346955403523005,23.420089880271597,6.243134228894971,4.803973771785188,4.393065558354439,4.997358702354675,6.424449937543292,8.007096664834265,11.262904509938812,12.197923183886672,13.989284613589074,16.042961478480212,18.055567257773987,20.99981868969349,22.867760384436426,4.994750844636798,3.1699730282764236,2.172074584354782,3.228311168397495,5.009475920692703,6.984371840044028,9.066328143190054,11.490459781923438,13.999583493804378,15.68626131364641,18.04161203994809,19.994458682344966,22.886472445529915,4.419086444051531,2.162333924258693,0.0,2.2884608364575523,4.528080498401061,6.9753745419152935,8.823119913046632,10.969472731175369,13.56796716534942,15.84009898958968,17.793044961444906,20.95222004943629,23.50710422404257,4.768114931500707,3.1767782421818493,2.1774411587916673,3.2572482251127255,4.983402251474389,7.198581596398001,9.224124890741669,11.237686639161995,13.717135050731256,15.498320715483985,17.885019457635487,20.487621262606353,22.722906724272754,6.107886213740397,4.886471630941901,4.402181845403481,5.150686167880935,6.590798510044135,8.328640945556485,10.254908336986732,12.160341113636575,14.234773514179986,16.038793127913333,18.70397275981763,21.06817096949804,23.13108946850537,7.260016873258629,6.7382410909672865,7.0407395208173975,8.253932214405445,9.369164957454855,11.210278319470932,13.278851795241938,15.1167151524397,16.616497615321947,19.069267972316084,21.405640611763992,23.540683295095747,10.070105957734507,9.293299575500619,8.866284283734647,9.140068763417483,10.085341937683621,11.06257262123056,12.606677793931278,14.196221539550587,16.240787480907446,17.601076245502718,19.86732385098708,22.20534100165994,24.10086083524819,11.432574950552478,11.30301950807836,11.494613434126439,12.054363069030234,12.897137744476487,14.227527824608181,15.549846462264506,17.032437112756355,19.14811648700728,21.23825237631383,23.118934339627337,25.0378198931137,13.56221932428465,13.363420407964423,13.648113019754783,14.140766209792169,14.836229743435494,16.170030117473498,17.879301580319073,18.469415827253446,20.452615480666527,22.302124786665505,24.334477352102716,26.162969651780738,15.680018367336181,15.641917273787124,16.122732181612395,17.072445284727085,18.49368194816814,19.86485429093302,20.9239010225149,22.134182885302092,23.9744819547785,25.516398981831273,27.37972017753286,18.2298886721779,17.933939472408177,18.420530394101036,19.056218145266914,20.08975510054814,21.10914782742307,22.447749040828125,24.673385499359426,25.278150743280253,27.008148936941236,28.73267147342899,20.125049863292265,20.70619525649268,21.131773422976124,22.144213871799558,23.06725306576403,24.046668168376257,25.556448149146235,27.043456232515844,28.4510491370705,30.16526885343474,22.774156164389492,23.338273886472408,24.052756432475675,24.992084766981726,26.139829111912725,27.175840042213967,28.689298719208878,30.090107959261296,31.647978213465706,26.155082871212624,27.072378728142823,28.038624449141583,29.32812155594013,30.730589662419433,31.818999355730845,33.51106235260231,29.16296864175525,30.056397472085703,31.08674215803258,31.050391382396455,33.71920298583583,36.1152900722118,32.04070127197593,33.14070925613995,34.65865774954362,35.47827856590565,36.23312999176306,34.90776253213603,36.350929630478504,36.86029474922847,38.66454316295487
H04,13.661034404465862,13.303099075027593,13.818494852913613,14.328049867305738,15.105088546579262,16.256092304117864,17.623449946023623,18.991845460618094,21.940468773478838,24.215000516208956,13.017448290659733,12.00938299830595,11.435674750533963,11.293012795529808,11.609740091836683,11.953110097376332,13.094384330696881,14.183834883415699,15.815628852499035,17.413235253679886,19.298059410210136,21.249796916676637,23.06601684296619,10.192631897601327,9.39074320807464,8.997016060894858,9.283691614869593,10.417576301616418,11.286922565518026,12.87310968647436,14.26265851796221,16.25169781899725,18.19724773145653,19.998519345191532,22.280453518723537,9.484608584438263,8.171687341057536,7.106563163724079,6.831480220274373,7.224476866874168,8.243606552959692,9.888828444259714,11.314401486601048,13.349189113949954,14.952424886953954,17.01776130987857,19.250899303668906,21.317541626557222,8.103424708109529,6.281272880555342,5.080815092089064,4.571420457582085,5.266312751821714,6.336323224078772,9.38801581805229,10.202978829733992,11.905694645840704,13.961575842289438,15.873671093984528,18.81360071862906,20.667780238816164,7.155164079180854,5.118706867950146,3.249480727747127,2.406240220759349,3.2913902837554834,4.937530253071873,6.9304548912751756,9.301107084643203,11.788899736616644,13.460987668072503,15.806682257830072,17.738726589019855,20.631041175859252,6.698076440292391,4.446619502498499,2.2884608364575523,0.0,2.248818801059792,4.688844740445134,6.543180877829988,8.683801759598154,11.28400070896843,13.55738370778079,15.511263778299949,18.67274104142185,21.225224616008187,6.751884551738129,4.968798345676749,2.942271401485594,2.1136397517079395,3.0118766575011007,5.0366596073191205,6.981684395616863,8.971894337318066,11.43516265734773,13.211587943922563,15.596775307735891,18.20251240900552,20.434490475663935,7.753069650145031,6.113126859472164,4.77072426367318,4.414897167545355,5.129997465886314,6.4205442915690565,8.165773080364161,9.988651210248559,12.04518326967257,13.82207806373557,16.454140512345212,18.797747232048845,20.85346621068066,8.042137153767026,6.9463282387172,6.550517689465467,7.025086618683075,7.789692227553024,9.342363566036166,11.307100247189815,13.05344398999743,14.444197520111665,16.871977358922692,19.19573997010795,21.31609900990329,11.139749952310419,9.944444278088142,8.984553856480575,8.69802782244343,9.18185803636715,9.732854976829769,11.018571958289332,12.348921936752213,14.288125734329187,15.597662965970255,17.771034860131248,20.068915865088478,21.91956299746872,11.930786604411294,11.380660833185392,11.089365220786986,11.212037905751123,11.772751462593611,12.739713536810786,13.874270647497115,15.232051897233019,17.234904409366475,19.24441334517631,21.06579697044477,22.939097977034756,13.978161538628749,13.383249007621432,13.29204348473176,13.43402843528329,13.80044383344246,14.872142044776199,16.326143267777606,16.79863149188052,18.638448460105256,20.40793465787266,22.369621834085617,24.145853225761147,15.68552087117288,15.271086176169657,15.489036961670665,16.1302735562668,17.355462684699592,18.5966495100596,19.357206125885003,20.45457584502793,22.197575543288504,23.648759333208158,25.445308958627322,18.19295605447339,17.613472400409865,17.819044895841078,18.216969369244712,19.009952787947686,19.848345648945152,21.01625566079743,23.077083286238754,23.584357231012255,25.234059919085553,26.847945638353785,19.84615723509214,20.16444437617858,20.335126284338635,21.14449103194494,21.882829455991292,22.72767407809255,24.08775466912597,25.451352694896197,26.75680735812851,28.396213902561023,22.25327773609991,22.62199675095017,23.14808408918544,23.9114342940778,24.902642530462504,25.795725556766183,27.194164999131708,28.489910143768444,29.959670659071005,25.302783265878084,26.057072840209813,26.863342829960683,28.01897587350401,29.31434218944713,30.288747696132965,31.888489349607013,28.205557767929356,28.95696866041057,29.84313289519048,29.697201821047045,32.26322632657807,34.568874902142824,31.004818286840518,31.97116884006589,33.382051135303236,34.092520778024024,34.76717532385972,33.813954279261694,35.12882036163469,35.48856384809056,37.25533353762922
H05,14.08925679374182,13.390754160987349,13.51724269220613,13.646897266411878,14.120258425397179,15.029847138277889,16.177553894207865,17.3864293056395,20.111015986269813,22.310431013317515,14.162747261742687,12.891248581886861,11.973124111943381,11.38889318590705,11.238509376247368,11.238226239046801,11.996972826509195,12.766096740977643,14.22735119409091,15.666678524818208,17.441332546568795,19.305168971029495,21.070292475426154,11.259203923901547,10.051590321934135,9.150005464479241,8.833713828283097,9.48594971523674,9.99300380266114,11.282226420348069,12.508800821821412,14.388016402548338,16.230682086714655,17.95532127253645,20.196615582814857,11.08741493766694,9.486578729974257,7.975206705785124,7.040802227019305,6.800941405423223,7.170088493177752,8.364112026987684,9.52042588333106,11.435784188240001,12.926607753003106,14.915988267627458,17.122136840943654,19.18007322718034,9.974206033564776,7.950586707910303,6.310500455589873,4.947634687403669,4.676944729200891,4.9181104094967205,7.562766491172394,8.220995134410432,9.811706732266307,11.8601309436279,13.676994552897943,16.610752722257953,18.45380811648371,9.263856270473976,7.135390248612896,5.01753933716518,3.172403820449093,2.363950084075381,3.043167593150269,4.8234710530902944,7.112291684119824,9.574672892584895,11.233972093609633,13.572127688759783,15.493454263010557,18.385616388905756,8.944485340141153,6.690009043342169,4.528080498401061,2.248818801059792,0.0,2.452885851400346,4.2956203277291625,6.442813438242644,9.040008075217633,11.312037172852643,13.265169203594803,16.425355643029466,18.979247877616224,8.923736269074741,7.104065385397294,4.885553909230763,3.137640036715493,2.23161936718608,3.2974138351138156,4.939492382826398,6.843187122971284,9.247575087556738,11.001528711956352,13.374422529589829,15.997328777017744,18.20829857510031,9.757762499671735,7.954779820962991,6.222648310807867,5.0304434198189725,4.724169344974839,5.123672608588492,6.43916547387936,8.064441270168691,10.066555418811342,11.781570183978024,14.339961575959679,16.63484069656214,18.670871779325143,9.516590355794452,8.063954488958876,7.09333461779437,6.697284524342683,6.9238729768822305,7.96195735984563,9.711352223042887,11.285873382242068,12.482514009605596,14.85639290002792,17.151974026332944,19.242557028627978,12.715922656260537,11.2470000444563,9.899129759731407,9.115400704302582,9.084179929966162,9.09632892984857,9.991837568735793,10.923381024206744,12.678421865516228,13.899387180735703,15.917624257407258,18.14423462149892,19.91868961553445,13.051216993062372,12.15901217204753,11.425078774345497,11.08690939802432,11.30638779628578,11.797753896399094,12.661340529343644,13.828708001834444,15.653983646343828,17.535726645907776,19.263280094521804,21.06366544550117,14.98087133647439,14.05001708184015,13.603876285823832,13.38306280340939,13.37813200712267,14.119352286843755,15.234248258447149,15.549633371883726,17.182103159974332,18.83155174169139,20.68688775529079,22.384201973713516,16.28810685745891,15.520471803395669,15.46614082439443,15.763237643326956,16.747187734064486,17.820875539658537,18.213328224133008,19.159326319054124,20.766012472306763,22.091463057027255,23.7924326204783,18.71410986395025,17.869722773451187,17.787719612136907,17.928109576862813,18.445037516904108,19.066588499257016,20.021837078550007,21.86733419966869,22.25061760940581,23.790740930034104,25.256033279198856,20.111725559981174,20.162125012012,20.064112165755056,20.64407462203138,21.168370012828102,21.851332339241925,23.02559734295725,24.23286437877289,25.406918782095556,26.94685009421324,22.2490291923041,22.411686259628034,22.73204093344898,23.296113409751424,24.10407046537991,24.82706637925633,26.082951520102167,27.24742413513615,28.60479687045514,24.92536453093515,25.4979269157318,26.121903031747134,27.11963143186131,28.285487798516044,29.122443595962206,30.60674031974003,27.69572430899759,28.28785046623373,29.008952497461884,28.73929021392143,31.176466974306116,33.36919552521457,30.394964731020828,31.210109916499814,32.495873584195266,33.08020182828394,33.66057590119337,33.12873474794955,34.29729963131208,34.4877115796337,36.20664664119007
H06,15.252113033937297,14.245306665705726,13.966951886506948,13.666442697351787,13.758096125554582,14.333478572907556,15.15950728091121,16.123214722877073,18.487022502285217,20.55668224689967,15.939745449661359,14.477667802515708,13.288698732381587,12.316125567726239,11.693701723577526,11.305104068517018,11.558076050969728,11.864732993203008,13.041830584699374,14.216638456400304,15.797783198917498,17.50552307130524,19.177000078218697,13.02776918739352,11.534679406034657,10.231931440348884,9.332045059899787,9.379036037887904,9.375087412925811,10.171368147894363,11.105508047811231,12.770051722683036,14.418679897965694,15.99800228153503,18.156453673556406,13.235028258375575,11.474258363833368,9.705054198715224,8.313293510997912,7.499184822365695,7.062672157193763,7.4984062973407895,8.143022657465716,9.786851025738564,11.045706179325974,12.870627218593505,15.011475643653425,17.044407528570773,12.29000687550662,10.184398754958487,8.354065417507814,6.566237583274002,5.514271030698437,4.640977590982314,6.232364880203982,6.541448157709423,7.844298948918253,9.844337712614292,11.436215151876079,14.345017567085794,16.157184934263764,11.69136236714952,9.538105734368854,7.361777638587029,5.280600439343996,3.621221479004012,2.4324884377936926,3.0790810317365795,4.964909264024873,7.31154402298174,8.92081543358005,11.226989845902596,13.103353158638441,15.992641214008398,11.386142674321274,9.135391069899526,6.9753745419152935,4.688844740445134,2.452885851400346,0.0,1.8750341330226497,3.9951052551841486,6.5965476576767035,8.871056419615423,10.82580495852387,13.989894388450542,16.539038212665208,11.241754756264699,9.402308759022967,7.098288526116701,5.058564223176375,3.2296879106192287,2.206084540537828,2.7987300691563664,4.489538617720088,6.815753810107873,8.553566098417665,10.922014695100899,13.550107933149462,15.755420654492218,11.904132391736914,9.990812629611268,8.027382948383613,6.313194595448488,5.104941233745987,4.269085382139832,4.731232080547307,5.973002092750344,7.862919877500978,9.488732739412571,11.961756936169534,14.213013543932195,16.2348270702216,11.189663846604152,9.483484433476969,8.0654101569604,6.828331641037948,6.388430949771625,6.647809413633937,8.016856304063333,9.327844820750396,10.273888309690738,12.574337875212358,14.833891599981442,16.892239756764052,14.408319402345299,12.709389953888424,11.040704732941643,9.81320442057537,9.247443322345912,8.6484847805844,9.01722490570131,9.408430474845419,10.890085215460896,11.985225279484737,13.805565001114585,15.943670750489048,17.635601520787432,14.289684251235226,13.081406652191498,11.922315379153497,11.106959845070119,10.934466973748652,10.848694022784493,11.357873612609009,12.268465266690859,13.855736176760873,15.573607995580215,17.187481636353827,18.903595557459433,16.058368690499044,14.803975175607395,13.999247301194448,13.395328476748901,12.978275116516832,13.320140689947687,14.014910666857638,14.140860829525197,15.509981882645768,17.007544913949218,18.733217395845273,20.338144187707982,16.924488116336043,15.798582278166608,15.451071063198176,15.36109143257731,16.053195632022927,16.9183238531481,16.886332698368822,17.649277208996406,19.088523384484198,20.26652167985419,21.855974492115422,19.221602560660752,18.107320536180943,17.714727714531772,17.56920772260377,17.769846650998428,18.13845252495372,18.841953534599323,20.42794326406846,20.67056440932371,22.080407174687696,23.378418081641026,20.323959702774456,20.082573241494728,19.69102440199595,20.009154954670123,20.28880543551049,20.78383111940626,21.74056356215266,22.766093758042903,23.789354867251028,25.214456587442054,22.140488364080863,22.075572608655023,22.165879590036578,22.503974604500424,23.10184494796898,23.631249818830995,24.7219662041675,25.73680487162305,26.966665960032955,24.38014704631619,24.747962986880353,25.166568876189697,25.98411453176729,27.00158545345069,27.68510563461877,29.0388637863123,26.98312780238792,27.396850056165214,27.933187859605283,27.53015592037212,29.815738796816692,31.878865302893075,29.55595973742013,30.202063571881972,31.346011883491652,31.79175396230916,32.26869171503549,32.193730212573996,33.19885113976085,33.2061864266284,34.867956292275004
H07,15.940697506696498,14.71717109365791,14.138264108439904,13.516159698671808,13.31162514496258,13.616868986665033,14.181756872827851,14.947826129574828,17.031177821865402,19.003252616328606,17.094820034150697,15.49978167588176,14.123853050779026,12.882552930223108,11.924620287455697,11.253471686550778,11.106156715984158,11.038685610162108,11.967183962820995,12.921600907008388,14.345097594648841,15.93374347101145,17.53716661835657,14.20814727541913,12.527311363576782,10.96864157496269,9.680016632217116,9.267668099365665,8.859037701691985,9.223070258867162,9.89559194793318,11.365247467609317,12.856000972308614,14.3283743669685,16.42864111848573,14.714229575482367,12.842610092967861,10.915605342810816,9.25396185425464,8.088921436137205,7.0929486816133105,6.878067170361161,7.044261849193285,8.40660228629855,9.463113335472633,11.158113460616898,13.250268676521243,15.264335065766867,13.924778633788042,11.761281435285868,9.814214690947004,7.812501071999926,6.360104558888949,4.831870859201434,5.29063483903397,5.246780441375454,6.243214957055379,8.174845319637553,9.612151164021506,12.504019353791804,14.30228191583427,13.453774377474895,11.275112771054664,9.058029642256642,6.868539873947009,4.951807952657292,3.0401995000328514,2.195328904742977,3.283964829287914,5.491411931370656,7.067527219615076,9.359385663599934,11.22831906386704,14.1176928710041,13.240103473915903,10.985321160530537,8.823119913046632,6.543180877829988,4.2956203277291625,1.8750341330226497,0.0,2.1670562982996078,4.748557675757977,7.017741303296952,8.97000200668874,12.129765455275713,14.68401961317132,13.114884406657955,11.274389606537465,8.963024991597424,6.88931295558563,4.948556254100786,3.2265777535959055,2.273662463955457,3.1282723666586323,5.140472449104265,6.798308613177252,9.127765553518561,11.78542701814406,13.946106876114209,13.744811421041758,11.80747221042675,9.789364126438448,7.933556894609127,6.412194164246744,4.913498651673774,4.449711226585384,5.019643911673416,6.639706620024713,8.080720883683583,10.374422586341854,12.523582115353419,14.504440871677888,12.874367168913585,11.084467150025752,9.499408928980792,7.873885063931274,7.025039857538176,6.595903349807363,7.469327412826406,8.408937150437028,8.98769881560347,11.147845172947102,13.335385446247889,15.332728556913802,16.079722043617544,14.291075396904182,12.490846568587735,11.059179354726101,10.198532296365002,9.20835023226202,9.136423808033426,8.996156123589675,10.132765910648484,11.057664219897436,12.606833067824766,14.609910335111573,16.177369687313202,15.749106800069647,14.388055358525696,13.005166242689864,11.906749766414006,11.463511721981183,10.919902792607633,11.09224278493759,11.725542929860435,13.029949270814527,14.54063867235549,16.005304933052667,17.60629182991126,17.417448033509388,15.993353932180703,14.982324652736636,14.1373559055433,13.433368378779761,13.452799002438118,13.767248454211902,13.712269104710568,14.796473397401153,16.115891691122773,17.68374589842322,19.172687344240504,18.02025185728546,16.68031993098454,16.13935692647015,15.769487658132714,16.222612767368886,16.90321309692332,16.494921794297785,17.074077222503124,18.33246759168007,19.348010181928267,20.807348413481236,20.2157630081083,18.935321755914263,18.33242550782629,17.979173646194088,17.931092353785925,18.086407741726937,18.56274618691965,19.89484086390238,19.999641246782407,21.269672023799522,22.386334782630225,21.11429991735459,20.671173188767007,20.066795882751187,20.178145529260117,20.25517595578967,20.58529827328232,21.34058173996201,22.1900102298309,23.061537242777206,24.364965421686936,22.691002666255187,22.458217760988962,22.370383568459438,22.52403165510118,22.941317072042747,23.298215403760004,24.232805904393324,25.102258464130276,26.20340912934804,24.585085255089112,24.786795779204702,25.032345874887557,25.690134312611136,26.570555470294554,27.110414327339225,28.33543902959684,27.03917204723547,27.304201618066035,27.68109587787304,27.16337188200316,29.302771285323853,31.238921492266662,29.496113049010372,29.997802002813476,31.015099193779797,31.336765069164365,31.71849227185933,32.04328797111807,32.90590007886124,32.752623406377694,34.35806229984456
H08,17.471577204133578,16.077615370445955,15.231550052440495,14.296994439391797,13.768647319181358,13.738355724030441,13.94239308727164,14.406193286222422,16.007516265804636,17.788163733224405,18.968849648832162,17.290390307913814,15.788310232573973,14.349248098768102,13.116124808799283,12.190160294270129,11.616464178053493,11.088418507614149,11.640838157108792,12.230717272506956,13.360977509149546,14.71117398442422,16.167356803138848,16.113821396552712,14.321796709910387,12.600524790658524,11.031874591382918,10.210946332245607,9.384468551814749,9.178247763053687,9.429978844090796,10.525214344610754,11.69167259206312,12.925410051522544,14.87867547868425,16.78777129341474,14.865900880874996,12.863497230535716,11.058164630715172,9.68107705784847,8.277238669991341,7.404899796756199,6.912017650440427,7.717848469618978,8.336866617620796,9.700273862113377,11.644913438922593,13.594384796672484,16.06422251464415,13.883783346048007,11.896508941702182,9.813682387361027,8.18062644300545,6.319931407855626,5.569715432587198,4.977630962616654,5.2379415804302365,6.897307663139292,7.8627492011382385,10.666083864286836,12.400096814138188,15.620538915159106,13.440125631853299,11.218351394032904,9.009760096695139,7.036368168309558,4.965314290153243,3.3304729393886388,2.5294556726695174,3.8770816344255636,5.238359476019187,7.415450694327352,9.185371522154126,12.06135668156779,15.381240424621156,13.130157196317187,10.969472731175369,8.683801759598154,6.442813438242644,3.9951052551841486,2.1670562982996078,0.0,2.6034970712485928,4.87896259465063,6.834309401834248,10.000890810322847,12.545772076679855,15.170193011296856,13.32615248299373,10.991930585661464,8.858565685256277,6.817176101583412,4.722102180173572,2.8019457525084244,1.9009158319083987,3.0754710208356704,4.646817513094311,6.961122395131406,9.623924199618367,11.779752883655922,15.695118030776323,13.715580228338865,11.62076249649738,9.607936927353343,7.807690375520791,5.807118390389506,4.440795086468188,4.0160224102960385,5.0980436443796755,6.2509347301023706,8.330139794745344,10.39606464004529,12.353769950909722,14.564374377226095,12.679263582716466,10.918824890985293,8.922210096158912,7.692559002048668,6.5392904813901644,6.739272438475833,7.1610941203142975,7.27597945296714,9.248344987077418,11.351363001860172,13.289791947205192,17.727962375862603,15.824805622818879,13.874045012180117,12.222660307805334,11.048604346251159,9.660031314649038,9.091972118303048,8.335338385452628,9.010620511374341,9.708557101856073,10.9262852333261,12.771682152324336,14.215582189977308,17.106368229405096,15.566274377640914,13.935655348780696,12.533163407536023,11.79240170618352,10.741188016229863,10.515559566661207,10.805263624734012,11.75420269520651,13.013151501461897,14.307397562100522,15.785001520430715,18.62907601036616,17.006150916653656,15.759425021237291,14.645115124163414,13.622975188995976,13.26908323886771,13.137181927643388,12.87544426417978,13.616607066373032,14.722425411595742,16.10867344010673,17.470830003179586,18.894723602106488,17.31126442522325,16.548688920878295,15.857380868226631,16.025542237316028,16.482658038071406,15.651603432236582,16.016772458894458,17.062834494889763,17.89673503743071,19.213113360410905,20.943925252922384,19.47423787982472,18.627794501765365,18.035102494857078,17.698794761225972,17.6068178271941,17.81901548907795,18.853967752173546,18.80732976793888,19.918344233394503,20.84104762242052,21.586260167059972,20.906129675289016,20.05760554004391,19.92758540315409,19.77121321517726,19.91087024717905,20.43394611914204,21.083583400361523,21.78665162433181,22.95581732371993,22.862505921267687,22.43394374602914,22.13961264340458,22.079979732780554,22.289057629249378,22.45047389254846,23.207226999363797,23.915030190238102,24.875215637256293,24.337222273710697,24.346739124572718,24.39456375916569,24.86991214298917,25.594864348146093,25.977034857735397,27.06076554719027,26.604302358829106,26.699330796857062,26.896130019019463,26.25474915134403,28.225777615506008,30.020133127619538,28.91676956369781,29.25465518511541,30.12815668108489,30.31405156029131,30.592699733760014,31.351306655385194,32.05329407408855,31.726425342291556,33.26661753169384
H09,19.133793690745176,17.55752434143265,16.4180237543987,15.146418619594535,14.25873837336249,13.834182050269543,13.596160193231027,13.673222370750794,14.63462449125361,16.15057181650235,21.042758944587092,19.26923932074123,17.628209466647483,15.979199291579038,14.461180899221198,13.277779370060342,12.245644980971807,11.206062823311317,11.275567391488554,11.382410728839476,12.099443334302617,13.113297258889542,14.361406790422727,18.245965937707986,16.332461235221103,14.447511965733062,12.60933439956289,11.381710591998024,10.144611426762486,9.298539293889123,9.014833331792662,9.559772486832518,10.247675687686453,11.133767376768747,12.867688875629533,19.146947746311945,17.160266955965458,15.073806951132152,13.123430725233398,11.551000389576654,9.794356793582722,8.317701605611974,7.144605307502998,7.1570118066131485,7.116590335265899,7.930553070246741,9.616613333185441,11.451766894239508,18.53779285675617,16.330404924557136,14.28848746368908,12.118742055180478,10.322664869112044,8.237337433904235,6.4531047566268445,5.375675678461267,4.599598786850871,5.5829913129074455,5.743121973282475,8.352676457280026,9.991125862484166,18.175793930389947,15.984720954711722,13.748561997532688,11.505242283411507,9.470123230454817,7.305826510395658,5.351815860060957,3.3192205410306803,2.5454125402378294,3.157860826572317,5.018435214287417,6.64326282785801,9.497750681082337,17.98202179956414,15.729488771094882,13.56796716534942,11.28400070896843,9.040008075217633,6.5965476576767035,4.748557675757977,2.6034970712485928,0.0,2.275470281062796,4.230824978653691,7.397754929706714,9.942707076043224,17.761182421224103,15.917082301728541,13.57775036594796,11.428285304454034,9.361431567874648,7.168900892047539,5.05470760776526,3.2431404533260655,1.7231160727008499,2.3548163410338394,4.4526136144965465,7.150620812209245,9.2216671486234,18.241221039173883,16.24419699461934,14.116491986325782,12.032295084479934,10.10153067609063,7.880931226701576,6.020546985116884,4.6510670818641175,4.584325468375909,4.925244562455757,6.300649172902741,8.0662296644715,9.922828880918988,16.960567973980115,15.025440958587538,13.166914976561518,10.952615121513217,9.48622922978356,7.788847732495481,7.218217231422174,6.854259989232974,6.112695804634809,7.552418685427868,9.399752815898937,11.168691463192992,20.080695331586504,18.105137061066397,16.05931605019342,14.262232363834212,12.860383081386027,11.172827126560225,10.151719460268787,8.744393918391372,8.735022896363809,9.033625296634789,9.615242066635659,11.10400468299613,12.268816161309127,19.242719064622857,17.57144345237465,15.75382052074988,14.109607010827764,13.108011786689849,11.569211770902978,10.887850568408808,10.712455787540035,11.097680208043482,11.906224800498267,12.872826962248814,14.099226929161754,20.63365580792701,18.853777393403156,17.410727842339046,16.061005697029064,14.743189682019288,13.994414064190039,13.331255079698986,12.80862787342969,13.040798480154503,13.789762470760692,14.852908839685242,15.978698945784041,20.596630136990857,18.801176160017224,17.830888536469516,16.816305093569156,16.662406938974936,16.844982784200166,15.494263615932189,15.55595631904384,16.271466313765334,16.812482327128258,17.88134368552878,22.48617926638494,20.84492518576164,19.759295154433012,18.91812921512061,18.260759047750454,17.873893392319424,17.747030681215378,18.362218738485826,18.100434525170936,18.959974789012772,19.570694443478494,22.8653172512432,21.94323934609473,20.83721192962245,20.43118648047636,19.995599740943007,19.893202281181377,20.102733271871266,20.46778058315068,20.919849425844347,21.876651754781854,23.808935171485516,23.16669214626896,22.63700538940608,22.32164191989469,22.26745277304973,22.17215896118373,22.67959651316575,23.153346626351883,23.900393511404786,24.79025100720039,24.567840381278938,24.368004021667428,24.602254063398338,25.112386784214678,25.27343880440491,26.1474441007147,26.810663121228462,26.693089180535097,26.65667460505905,25.85704894221303,27.583665691854666,29.16779333442967,28.925292133356233,29.051640039763676,29.730625994082263,29.73264894018022,29.867685280248953,31.20045050956797,31.689452440835897,31.131929911266344,32.57460552332139
H10,20.74137261610234,19.044631369496233,17.700128954332506,16.19253117952842,15.041416987770798,14.304581433932277,13.691275360608303,13.412675534732061,13.723742237451125,14.939886913895968,22.940596003591537,21.10651759528322,19.37632142590538,17.592383494001034,15.890164064602983,14.54180415216764,13.192157821978935,11.782581083956096,11.435940931991562,11.091103506865311,11.370360240555266,12.002623879802282,13.000986501031374,20.197063251869068,18.20980771452571,16.228816993237675,14.232791890560335,12.752176010391324,11.263729844061425,9.9694992853202,9.249964162092738,9.242601635903172,9.397479874945196,9.862956605399823,11.304884077247321,21.253368133074815,19.227637114320625,17.093789778747134,15.062603261056834,13.384097765632168,11.441200111876377,9.630001298026912,8.057116605833627,7.412313876246741,6.721650764507183,6.829629052884204,8.112076491256724,9.759714032695834,20.72412596468184,18.5020825854821,16.42983435704694,14.215730230980046,12.338308676637979,10.163131653186433,7.871262795765366,6.59837570921814,5.168283660945866,5.279042810964882,4.339390394974852,6.5084266147817935,7.982937867727645,20.418069252502796,18.221252454208518,15.978099636690215,13.717869550334703,11.655871696273943,9.462851684349701,7.4195171001892035,5.1112074894294794,3.1739391928642866,2.403349745667492,3.194909231887504,4.477187733388003,7.278746938862485,20.255443243730806,18.002008998997862,15.84009898958968,13.55738370778079,11.312037172852643,8.871056419615423,7.017741303296952,4.87896259465063,2.275470281062796,0.0,1.9553580234831678,5.122735694919268,7.668035276392513,20.028880947272114,18.18500173219678,15.843077036990005,13.685439342600588,11.607584158643865,9.378129077806511,7.22113342904007,5.261047899420799,2.9019390069400153,1.6251009199431279,2.4336575354802905,5.099529488099858,7.015081610359212,20.47944261936833,18.472485187434852,16.326777667378213,14.204973776814937,12.210692404609986,9.903159293881929,7.8641114564838155,6.131550537996079,5.275310891312474,4.7402739372318985,4.990567602988662,6.214783986591971,7.892084388803759,19.101388143273777,17.139201060726258,15.227311154632652,12.899987790691897,11.318107438966994,9.35386486966751,8.314627171437094,7.376405967678298,5.910108713044118,6.581668253566112,8.009286235364547,9.517833892225688,22.185238560808852,20.164938507220892,18.063152022833666,16.181138433373594,14.644450484739943,12.790076817595741,11.493223264167455,9.683945580185794,9.123556872185322,9.042490641410696,8.951499371613675,9.985832413975311,10.801603816100643,21.198732273416727,19.443927843931124,17.509956310625107,15.717065533998388,14.549558412542972,12.697570948807492,11.69382114622932,11.146712968404632,11.013079360469531,11.353175590996555,11.953090520865304,12.88425803063568,22.489941596189173,20.60667379758315,19.033411806609976,17.527690235738422,16.012446190385777,14.979820092377611,13.909751435593664,13.1842970612771,12.95814832450995,13.348656936186503,14.067742533896475,14.932261617049173,22.231851744737774,20.292841102221246,19.17706580788625,17.92949491759319,17.525232551952055,17.481959272347023,15.719046854055751,15.510348674352876,15.906234532408982,16.15766446612876,16.966735130837634,23.98944620036069,22.229089252598722,20.96935068141119,19.943362454711593,19.037913015874402,18.414240847778657,18.001312313273164,18.23485936331838,17.780627463618938,18.39149751923426,18.69410158311974,24.16326136927712,23.05857259242211,21.75785301908256,21.131749761910392,20.468917802365617,20.161343457220305,20.093352383313242,20.197156953393215,20.411863731663505,21.158062411288988,24.83645636961924,24.026642295585123,23.308385186451677,22.781943661593058,22.50296322709523,22.18410083821294,22.463104794306595,22.7185303441926,23.26073457567495,25.40508059424335,24.98885979791795,24.578034034478836,24.599037582799863,24.913215870296632,24.872602437219953,25.54671399612874,27.200850354354735,26.90114058920179,26.661052679892443,25.72747490524478,27.221021766274685,28.602904485384,29.13028269687749,29.071016528494493,29.5734851006776,29.41075085746707,29.414937106851,31.252521642261126,31.55083119348839,30.79006152965596,32.137031132324594
H11,22.213130013575306,20.435473495860087,18.947776017253315,17.27733385103153,15.94015370063915,14.971078685251774,14.064867578473677,13.489864713925044,13.201868731357694,14.106683593247563,24.620206660383662,22.746128813492636,20.956763228132345,19.083677685393873,17.26048101878971,15.806361409255453,14.243681581669819,12.584991855380759,11.91942028791669,11.204936858367386,11.079029063956822,11.32507063995629,12.050036721935747,21.92147542935922,19.887155502987348,17.846852103382265,15.754348796443475,14.11446350379638,12.475622990456229,10.894177756948894,9.870987995129969,9.406538683277713,9.063325493437826,9.084958998256402,10.174708890184526,23.087472273941124,21.036737056872674,18.874175796574534,16.794366019591212,15.053656897910221,13.005918844895197,11.008064316672574,9.221844772061608,8.14500742786647,6.977882916759208,6.394533915775254,7.147916339745451,8.5213684933818,22.615752474768552,20.385088300029512,18.294424560504766,16.05502516348075,14.1317289105049,11.914887829937804,9.36117113399814,8.021444071986041,6.301751581901654,5.7664776076908515,3.860442720725176,5.1998326896160805,6.3985551494067785,22.34953621442736,20.14934361213784,17.902403441996274,15.632716974345822,13.556671641667803,11.352278758029158,9.272996549120462,6.881461254704556,4.627191913028894,3.22794439233392,2.3636387202785456,2.7572756481715786,5.407856876804341,22.209190980312634,19.955152442414466,17.793044961444906,15.511263778299949,13.265169203594803,10.82580495852387,8.97000200668874,6.834309401834248,4.230824978653691,1.9553580234831678,0.0,3.168102586722848,5.714078753394986,21.97918681389282,20.135564978415676,17.792163584005177,15.629794784321387,13.54616953238073,11.298439715288124,9.126279471942551,7.1215503929973005,4.6255876383439105,2.904013774072017,1.5043403870135243,3.5654219946592574,5.16875275090616,22.40954539922664,20.39646420338584,18.239900273850186,16.09589342037279,14.06606931591054,11.717045745408695,9.599618846600109,7.721771105128667,6.480820935653137,5.408575598066464,4.5289756016123555,4.920956106286663,6.285616039816622,20.96513682283042,18.987021356705743,17.04335090291812,14.651214352400965,13.007002613976827,10.903326877609421,9.597213137156015,8.31483734056175,6.416149156620348,6.313695906519413,7.189394202573677,8.341785480339325,24.0202669635456,21.970805447229285,19.833963799503117,17.899213390537586,16.27831370259217,14.32631683301748,12.860958906706763,10.817209852822492,9.877267081536269,9.500805123777669,8.826038295860721,9.370961957024475,9.79522791975766,22.92893266159592,21.11876523379149,19.109494210993656,17.22215253677658,15.947664938792762,13.897258182821531,12.679166612991565,11.86524340247599,11.316418956542746,11.234939830724507,11.473416317732045,12.092010585506449,24.144996665976162,22.19167361872466,20.5301406717051,18.91962304064222,17.272561882940238,16.041525021019666,14.67736004872811,13.806341296665094,13.20860102357551,13.277916440466102,13.667269259072933,14.268286652573252,23.724581366169563,21.687055240396287,20.469236673603636,19.05585288041446,18.46374547593202,18.24397832162711,16.17228224463078,15.740981068535723,15.853639582127505,15.84126289157528,16.398505419702126,25.37664536537483,23.533101835499714,22.147377745457813,20.98613373158572,19.894618694511337,19.088732723782375,18.44737601936926,18.35638703557974,17.740832731300976,18.12322234041176,18.14088633446558,25.39249607659712,24.151481880000656,22.70608211471103,21.909791076137626,21.068978451742744,20.595561002313094,20.295046316773956,20.172740666552972,20.17604054317893,20.725904274602833,25.851263528114057,24.912675588944676,24.047378588943953,23.352669783131862,22.889634881316912,22.384818895849925,22.465227040918148,22.52744397396207,22.883045819995203,26.08540214372782,25.512432596677254,24.928414390008847,24.768752996467143,24.9123256642169,24.69593134506168,25.188625786255194,27.686282758795915,27.23578620124633,26.824374158589425,25.781486768609756,27.06370353443889,28.26005859866536,29.45092299062968,29.234400028049148,29.582874268738664,29.27785731572582,29.16732102885008,31.433965960406585,31.567463819572204,30.633486056927964,31.891081276745698
H12,24.67627875105969,22.797152563423356,21.12328653405999,19.247776936571142,17.674590858065145,16.399512706175145,15.094974064237407,14.093480194756722,12.842326269021513,13.159113647962768,27.369050294082182,25.444486907776312,23.58027364132995,21.595850434747874,19.62447606943941,18.046525565881097,16.22633763361283,14.277298413915709,13.195123720526459,11.977322739243524,11.223056847401248,10.793518842342381,10.975594790260798,24.742850704799558,22.65071424922402,20.54071595636335,18.33705276209893,16.510667400199182,14.711137719428773,12.811804127444347,11.441761490260141,10.374695561798427,9.295117696941766,8.54388073418631,8.861699893361317,26.062639659098235,23.98015387773815,21.783594974200195,19.646649078150705,17.835359261870785,15.67544796808053,13.485507257793458,11.504155118912472,9.972808832019194,8.314345193699863,6.811949647494467,6.484782957046442,7.116306977639455,25.675824621616343,23.435026968194425,21.32156701558307,19.053128063391586,17.077722096345287,14.823817389593007,12.00903713875513,10.638140110000432,8.71673843820038,7.552709315206034,4.891304938357453,4.185251485872743,4.399751129325384,25.470686307989425,23.26627331568165,21.01509726363407,18.73403154689348,16.642272200634142,14.429124886839118,12.318089178115248,9.869546139514217,7.445940706183471,5.800118016040709,3.7170108958678076,1.8219146522271563,2.5768092672916247,25.369829522485958,23.114545052844974,20.95222004943629,18.67274104142185,16.425355643029466,13.989894388450542,12.129765455275713,10.000890810322847,7.397754929706714,5.122735694919268,3.168102586722848,0.0,2.5677760805802365,25.145688795497332,23.302272099518536,20.958010521039444,18.792392104253253,16.70463687124027,14.443027452719184,12.261641203362624,10.230395202532499,7.681788138187619,5.8633957737816065,3.590958924855588,2.8266057383370606,2.6368058328212185,25.557970361513448,23.539232995150883,21.372541729986164,19.207478048926674,17.14447607831747,14.761447930335288,12.58309500878063,10.601920627886251,9.06522156375673,7.582194932867394,5.53329576292466,4.244487365984259,4.442412070035827,24.041798601602167,22.048158607920072,20.072593454758156,17.616836038290188,15.91455425074796,13.685170989066961,12.12469422294847,10.52170337920624,8.293641419786606,7.202784600416703,7.017002565198334,7.304701568168271,27.05999277531315,24.97850039533999,22.804382955914416,20.813520653652038,19.101859516811444,17.05168343595435,15.410134652234548,13.140942926593967,11.785184470342413,11.05535526340063,9.615063286323185,9.315356890640315,8.974334961433074,25.842705450474803,23.96932424996583,21.875868737035336,19.884896881804544,18.49139467428025,16.227191778000282,14.770861180039573,13.642755916602775,12.556566409651962,11.85710795261644,11.495822719579492,11.528266565273375,26.961251788446322,24.925620553960137,23.1600672278817,21.427356206494537,19.62834858056072,18.158765073649693,16.433568693378806,15.38922954536711,14.287944043843398,13.870535858430273,13.711572958636074,13.835573930993972,26.332825541517565,24.177550765120937,22.834862557063925,21.216045649460693,20.37860537426445,19.91873793692763,17.45199097524406,16.70552115319962,16.380986844509703,15.944797019717749,16.060359958606156,27.83706263239712,25.892068669768356,24.346474180053256,23.011923539765206,21.676378964208944,20.62578379116779,19.665880402361854,19.088882549798456,18.236381768322357,18.242218998795078,17.78181500859797,27.63816196855355,26.217536821753487,24.583037912349237,23.55459643042096,22.468228879909514,21.758106650166045,21.111810841327657,20.6396162755028,20.30310523048137,20.51724762242733,27.794885572709234,26.680782840838834,25.612021728086987,24.67885280964251,23.94703282246049,23.165739724860934,22.93451625825145,22.685860838857316,22.728903185151722,27.544318198132988,26.74434005542107,25.90519997992681,25.469120302829463,25.342473754548905,24.846471882341767,25.034846214826246,28.839719918889642,28.16376935000001,27.491120984783432,26.288046903488283,27.21717702113869,28.096762126622348,30.33702083263945,29.87762549132712,29.97930439486547,29.448440111489777,29.152053684088877,32.08710597732366,31.958600876759295,30.75349791487141,31.85488177658175
H13,26.997760444155364,25.0734022621582,23.310512649875378,21.337411206610795,19.648724436970458,18.215158110760388,16.69480553944849,15.445707041116636,13.548568116225418,13.368813335520846,29.820814878202107,27.87639144509203,25.981547933100522,23.950246470548063,21.9151606199909,20.28502050775399,18.349423669423516,16.27355609570324,14.983395743288634,13.50292775660153,12.369530023408327,11.462539901784421,11.177491892191199,27.228176306906786,25.115140971135318,22.97989212333252,20.734711235028087,18.833479338667086,16.973447646250303,14.946735061544377,13.432645160205789,12.07693644928216,10.60563553022637,9.361894252767438,8.991089867196301,28.602782102445907,26.51115240799615,24.304757888117297,22.150080315881475,20.315940588611692,18.11922628039067,15.864226422993337,13.82265159077664,12.125091092441325,10.301464458998051,8.432093452992559,7.43307876993107,7.338928872798809,28.237879311308063,25.9954630849308,23.877596570844396,21.603052862963608,19.614957812852925,17.35329133046524,14.463027656752926,13.0914335731424,11.126020537460821,9.768393931450554,7.013205971593876,5.317005548238595,4.50828792336958,28.038232843743913,25.83397468451187,23.58286507191185,21.30163805907893,19.20900439897914,16.995370104825607,14.881213828179474,12.426058144077711,9.97937417877494,8.305965386395492,6.090164201398842,3.9900031328308505,2.162665947389934,27.923210488767225,25.66922719911918,23.50710422404257,21.225224616008187,18.979247877616224,16.539038212665208,14.68401961317132,12.545772076679855,9.942707076043224,7.668035276392513,5.714078753394986,2.5677760805802365,0.0,27.664584309184914,25.8225200358137,23.475401444916763,21.301029669947884,19.20549465647787,16.923767074738414,14.734668676288585,12.682461906112708,10.1108073367066,8.26936950438182,5.885429466062778,4.050372081673485,1.965358237065192,28.0348697339581,26.00805598271428,23.828215753597664,21.638770505738073,19.54297218951099,17.13413193015625,14.914644682324818,12.874557895322075,11.175955977007067,9.51429545473547,7.016242014069925,4.889425835412579,3.849990779209737,26.425819684543374,24.4182588240849,22.414079369896054,19.906453476197107,18.162381589428186,15.850836602526694,14.12876739138981,12.349757568470727,10.012230221084613,8.391877263163469,7.462681086580077,6.965995478034708,29.399441168158283,27.287924435544745,25.08182991729272,23.04486910355535,21.26146102693792,19.143678068751576,17.38152996718068,14.982866247817872,13.372116100303646,12.425699577890978,10.525306646364275,9.607297642937894,8.650990347931272,28.058910260378966,26.1325833587114,23.973327783184377,21.906438733851743,20.427689174255615,18.023469948930476,16.414303579500412,15.08397576900732,13.643420758739357,12.51445136632046,11.703646696649725,11.249768353170655,29.08453678503407,26.982444107233874,25.13576137697046,23.312460187633565,21.406510458269466,19.76823009275236,17.79688203028834,16.644790776696475,15.196331695511255,14.421082240941558,13.834564142032086,13.561959887862816,28.275674863741095,26.03165198369093,24.595101016259317,22.825306241100034,21.804388663752995,21.163715292925296,18.43354586073987,17.460611014509198,16.802800956983333,16.04066837759574,15.792019883472792,29.647973455195885,27.627890002676644,25.9613600760823,24.498322167038296,22.98315698506191,21.75392711672998,20.559794989250257,19.611590374061965,18.588653582225906,18.29249212108618,17.452016531048784,29.270860680888767,27.711722158682235,25.937137255294772,24.733273721850896,23.464614060324962,22.576776231340027,21.666327722989884,20.923001744491636,20.31890006865529,20.25606921394178,29.179174936930618,27.930712289521008,26.707321936128302,25.59264570145103,24.65464915588944,23.662460248249758,23.18471034971108,22.688873484595923,22.477371776967164,28.538445525290967,27.562800674096962,26.527070626060468,25.8737511969177,25.531007226507928,24.814823251435826,24.753818473116425,29.57727480685129,28.725175473789538,27.848094459046923,26.527870400769075,27.16202770413137,27.77605659556446,30.84696985118636,30.194767973938795,30.095954578647277,29.38660696643966,28.942073180751926,32.39570144324706,32.05581563460833,30.64004157960625,31.606497259266174
I01,16.348667285133672,16.847074286059286,18.13704454976058,19.324972082774146,20.577673070587938,22.06633766622817,23.7214839544241,25.284557599451883,28.479530210310703,30.82407022117618,13.682811297390606,13.684681399287307,14.153464028286502,15.058231270637332,16.257200558521752,17.16117909702011,18.824151826842026,20.315276739439213,22.127907379596472,23.889696293590674,25.877173029525462,27.903024710593655,29.75647092650605,11.669849184972358,12.189483541151365,13.008349664734569,14.320338857722607,16.06129624283171,17.355466977295656,19.238900696245615,20.776628431966532,22.853075963642183,24.875511251027586,26.722982561832428,29.021923092724233,9.18680210954824,9.428704311834155,10.035660267266923,11.218316674082615,12.516190035310267,14.227480029857713,16.261069368279568,17.898340928700627,20.00730149220529,21.674791463818057,23.76637803705058,26.002685649755488,28.069396466614666,6.989123621742571,7.098776514301602,8.035022650870376,9.43735482007538,11.109343139898055,12.774759214951958,16.01984525518271,16.91806945251142,18.655007799515925,20.711186952948882,22.600655233864348,25.53409307181283,27.37254692205312,4.839399136256484,5.116688479866641,6.216148325128673,7.954828785083938,9.770275584649596,11.665875449360842,13.682245795190203,16.03317666590124,18.4959937824384,20.143805449815087,22.4657597467791,24.337991576956384,27.22341699713686,2.382659228677068,3.126403684747061,4.768114931500707,6.751884551738129,8.923736269074741,11.241754756264699,13.114884406657955,15.170193011296856,17.761182421224103,20.028880947272114,21.97918681389282,25.145688795497332,27.664584309184914,0.0,1.8441366543724464,4.189282754840022,6.3747628975515624,8.481789551739656,10.80544441473834,12.989892994170507,15.063447049065497,17.633243887611833,19.468655141020914,21.885565220025732,24.374155267413883,26.70618224306874,1.9369093938540336,2.6767026357068504,4.534575724364959,6.719950595056485,8.881108320474421,11.207216425143221,13.432481416328109,15.51651971287376,17.593346156999242,19.475516142069253,22.278928362917277,24.77102993417916,26.889815544179545,4.909519019211556,5.860264243189039,7.44917451802547,9.766315221208048,11.413676883458722,13.73209743629865,15.950960002457531,17.98970286024758,19.842085097085942,22.356024534787036,24.718669260297975,26.906396897392263,6.506121578943941,6.7307720953840064,7.5394960706933185,8.915919526330418,10.633214847824716,12.372789055019082,14.350040592277082,16.480764363341887,18.73194239794688,20.202723207528237,22.727541552046496,25.178122189710656,27.241585875275323,8.876980680389027,9.636352525722582,10.808638859726972,12.215631666025297,13.576391936004205,15.620017029440142,17.32128266035746,19.063817298746862,21.42874763022795,23.71762121292943,25.76333256781816,27.821030983771973,10.966051477172629,11.585924261792842,12.622189390117706,13.810172518835527,15.162598886734424,17.000373466485964,19.235887840180396,20.10173636778674,22.409331270700605,24.44658082431979,26.65975251197955,28.634072169357957,13.750433011363679,14.487057396172625,15.489041836085278,17.048948941210423,18.837036921978996,20.451049166240836,22.20335294499459,23.674405504679523,25.739384705155636,27.516982774279597,29.558253686576275,16.243145169578458,16.53702987238035,17.587133592487437,18.705157844829856,20.230958949095815,21.631896125860074,23.34050798504608,25.929343531990934,26.78337867036196,28.706680772949003,30.73498791280062,18.542763763797456,19.645490525817877,20.60131335619164,22.028485013727114,23.346865228548353,24.61906062383372,26.46254851672454,28.238792201508904,29.89911746189175,31.80014278269832,21.596515112397185,22.558459965166062,23.664650177004518,24.976753852332372,26.463360519782817,27.824669234332326,29.60018366497073,31.254464401105963,33.03180759510445,25.595307382408986,26.85697157164225,28.173753193353562,29.760236188578883,31.405211303221638,32.77122066692054,34.68841564557252,28.77261538338147,29.974872693641252,31.32915501573574,31.56173038665656,34.451656709075685,37.0557614008942,31.778496912220376,33.17388843653996,34.928664460583086,36.009130647656576,36.960401851170396,34.73789321475901,36.46715531817638,37.3394070252863,39.2192348981976
I02,15.743363871803256,16.021410175137518,17.120400141351837,18.13369708581237,19.259406039647224,20.653854700757435,22.222245723598682,23.721324098793474,26.823210341046057,29.13648525474547,13.568507692447243,13.294211559923363,13.496293120705404,14.145184233512126,15.130818682411075,15.893874165853962,17.421658818838118,18.796266464380633,20.55255178803839,22.255846714964587,24.2015848241391,26.191929520369438,28.02416917590957,11.270006388640603,11.456932268281943,11.98907023083942,13.065757574668222,14.664824615384937,15.844866992183935,17.638769231440158,19.124260953040775,21.16544799903843,23.149629197894292,24.966266060426417,27.248604000939206,9.173053199453278,8.983117777253062,9.182024232161446,10.05639264348802,11.167467080766347,12.721621437536962,14.65031102058929,16.21364289726402,18.290447916877266,19.919383248484376,21.982752716618542,24.208593040488743,26.271900311930235,7.067586080126651,6.584330793634233,7.04018131868775,8.098124350737027,9.60117977125728,11.127603021315956,14.311991685296634,15.167024032419807,16.870667680918853,18.925856308236096,20.778618938707165,23.708775442860812,25.542124911604358,5.082301840701711,4.532080427353425,4.981065347894966,6.404268029993747,8.088557411553682,9.903565519549007,11.88787928942753,14.216356846956256,16.668763421441916,18.310563126239455,20.62829408846015,22.495381970528975,25.380253052323965,3.0423157298347587,2.2464710102736696,3.1767782421818493,4.968798345676749,7.104065385397294,9.402308759022967,11.274389606537465,13.32615248299373,15.917082301728541,18.18500173219678,20.135564978415676,23.302272099518536,25.8225200358137,1.8441366543724464,0.0,2.3496233740750876,4.543018600005947,6.651054803563117,8.980425435356612,11.16016128915707,13.2334407090522,15.80003879742072,17.63335591996033,20.049775285523776,22.54864840738797,24.87378640255641,2.932419137845066,2.12412546710405,3.1333351241129637,5.119701553801745,7.211120925348569,9.472711333087268,11.669953256118895,13.738305281220097,15.821417161556672,17.697055489544013,20.486392093289634,22.965207162139862,25.07914551973412,4.713634372753152,4.996833097072584,6.20366254723772,8.288379153972144,9.841604950413323,12.08568161089808,14.290393451546391,16.30035892242867,18.096666239945964,20.606195306266514,22.96857962521845,25.15070611334799,7.1126030396754185,6.740012537080328,6.965383334749064,7.9475244573389014,9.45055522178459,10.998601047405984,12.886849304620583,14.90563792663702,17.123486619260692,18.576639227804367,21.056037922648223,23.48997200934901,25.52523357385785,8.939047040932271,9.28037337610939,10.06582982172856,11.19187763514237,12.405114832197242,14.26243864141052,15.876267225012306,17.563860224905003,19.879452834522386,22.13004807947782,24.14426898872691,26.176288984498928,11.084281528362585,11.318075675661477,12.048036396027362,12.985026030008564,14.124935999855008,15.81965998370382,17.916023470625394,18.7105363097908,20.943473828379094,22.940637698198366,25.115898152365563,27.060169197549374,13.580671559241834,13.990459892369515,14.797519420497478,16.14970129754727,17.82698089974856,19.37218800239147,20.921634974351313,22.32484400841359,24.335554750200377,26.056074627618028,28.056849520215202,16.122827574591252,16.161422245582227,16.992225163291593,17.93674134284151,19.298655393576,20.580348344962484,22.1799727006144,24.669469390321307,25.454425175202836,27.329281238261647,29.28099373313686,18.261000629757397,19.15526752619237,19.91200180795492,21.196271747644676,22.384569417346405,23.565585118982302,25.310220583787885,27.00418791595111,28.59506343759356,30.447546321501836,21.164654048672755,21.974572669337622,22.938871899027642,24.123079509051077,25.49924928306714,26.758250204376218,28.456111557976435,30.03711525762752,31.75343164132028,24.941394507925974,26.081560421109778,27.27960844660348,28.770573890696028,30.340717410766675,31.62221194034345,33.47455063178593,28.067123329618234,29.161832538439693,30.407526864248595,30.55076177446317,33.37558583755497,35.918916033199,31.03492925720953,32.32891798374947,34.00611128900216,35.001620105360836,35.89086431113076,33.96813631920362,35.6003874838463,36.351467439430834,38.20961023093536
I03,15.480847651210834,15.4435493977259,16.244643209378285,16.979274071643932,17.894622236862112,19.12752874785449,20.54559546472187,21.932348369474713,24.868190867049417,27.1234597535049,13.996987282983435,13.377349251626796,13.212295258583952,13.47690591345061,14.118975600233894,14.64736979802176,15.937241731240698,17.105728894145376,18.756034362305908,20.35150267179306,22.21865671007138,24.141956217340798,25.933339931447318,11.405619755190859,11.12867975098574,11.215537124899548,11.888542930065062,13.222525817709716,14.192450528361901,15.814631516415425,17.198817779138192,19.168854556284785,21.078095407317996,22.833977949538273,25.081996930069185,9.881794826852055,9.165532444981034,8.777100489341569,9.121531724441898,9.876378739193836,11.116820138870647,12.829057058100569,14.242190912917858,16.24852144042651,17.798116670030005,19.801454012268895,22.003367219587098,24.057964834956426,8.01412634040667,6.863139951946194,6.567007004716836,6.945634024335,8.061433433329336,9.276533889336038,12.306400936098255,13.068907988045519,14.696814688904531,16.745684847147935,18.514318269922875,21.4347213884389,23.254481396066435,6.390078090289664,5.018079014921946,4.346684483603566,4.928379551130371,6.225103452955621,7.815171143359562,9.707559528532391,11.972964879260275,14.394689298487828,16.018485571364103,18.322368542303696,20.169770747333743,23.051390174998122,4.967011677054928,3.138921152243235,2.1774411587916673,2.942271401485594,4.885553909230763,7.098288526116701,8.963024991597424,10.991930585661464,13.57775036594796,15.843077036990005,17.792163584005177,20.958010521039444,23.475401444916763,4.189282754840022,2.3496233740750876,0.0,2.1981856154565294,4.30481962456036,6.637534557348836,8.813147564860127,10.886000413374969,13.45108352512912,15.283863287794746,17.700205563778066,20.202968222516215,22.524903995355896,4.87389166888227,3.1714023711916473,2.2283072050325554,3.277421242379441,5.124658525209266,7.248139761345666,9.396113717915508,11.440822435472024,13.528546300323624,15.395111594269135,18.16829890220876,20.634111611600822,22.74367362586792,5.254572580143888,4.565736413767225,4.956729264343575,6.50654601151794,7.8666660028248305,9.972011331722403,12.144003664360449,14.108535891438203,15.831859808626401,18.333638727759418,20.69387735539186,22.868577043620355,8.253389606700996,7.246088669068299,6.693345426615902,7.01180240737002,8.103344741524946,9.309532587622217,11.033408584839048,12.873916575774444,15.035321080708584,16.4602565289852,18.876285889973165,21.286422456580155,23.286642630486686,9.342142366716535,9.131401863898008,9.344957570797206,10.022652393453543,10.988362753385966,12.545073694482628,14.019163206126105,15.619838283413822,17.859182652070057,20.05358526548308,22.0240465173864,24.02157623887325,11.454846179674348,11.19004865941163,11.485399993034635,12.048870195997631,12.865357398844386,14.333144804961679,16.215800596948643,16.90745211437844,19.029072547026566,20.966835622000758,23.088048899809614,24.99099703893384,13.507489552096644,13.477737569785221,14.003954048767799,15.048390810980422,16.551877053675817,17.98793623515494,19.252608031121394,20.55818226400379,22.48973643687271,24.131516176983162,26.076433287549122,16.05605234794655,15.76274509722212,16.289084750224614,16.98752601175345,18.112950339467066,19.22258213664335,20.66513297803815,23.010466705393007,23.70208760847871,25.50833896983494,27.35782717980359,17.95017509663903,18.559845257975617,19.044579123729672,20.1262185718033,21.1320165152311,22.184314819259125,23.78939469595643,25.36888497746797,26.864755144985036,28.65029544350285,20.622269831422535,21.225247466166326,21.994704499037944,23.00183360082409,24.224436670436734,25.34314021584539,26.932945048768804,28.414034366840625,30.04755492548437,24.076346275961395,25.050401753265355,26.08683217640655,27.446563719343814,28.913718629743908,30.082229072992583,31.846690408894922,27.115721528294245,28.06535239401066,29.16498674781115,29.192158621794313,31.92407273516335,34.38332242526891,30.019996668887224,31.17798928731614,32.74965027294185,33.633326924346925,34.44102949971153,32.90811609618515,34.410585188281814,35.004572858413795,36.830543031565526
I04,15.755451374048285,15.416612922428843,15.901876147172068,16.329751253463723,17.001163048450536,18.037704953790545,19.269836039779893,20.5152559087134,23.238582594469914,25.416450597988696,14.911044396687979,14.012422524317484,13.520304804256448,13.406177568568904,13.676780469101637,13.937691989709057,14.934528382242274,15.844727103992671,17.35150209636042,18.804093623464013,20.56468336736552,22.39726523484508,24.132395239594434,12.143643357740707,11.463020413486142,11.110214264360522,11.326096635646369,12.319198553477413,13.017448290659733,14.403782350480029,15.646363059829591,17.512199319331653,19.316078742850472,20.987057273472143,23.1848061022731,11.128408556482817,10.034137182638077,9.152828469932123,8.94404701463493,9.259039529022434,10.070410617248932,11.464023072202881,12.657433310114653,14.550763450760925,15.983605632021831,17.896626860947848,20.05985007421541,22.0986404106678,9.499987210517707,7.951199280611698,7.053340839630537,6.6840074805463825,7.231334662425741,7.9599086050029495,10.699233056626069,11.319676320460758,12.823838192990427,14.85322567659968,16.491854019484894,19.392575306028853,21.189482697791373,8.16495205129828,6.426994709815778,5.010862001691925,4.519035848496889,5.060893695781409,6.18077600305981,7.871508368794382,10.007803555226293,12.367060281247117,13.95646445200216,16.23314649105342,18.04393416081981,20.91791760668351,7.06350203510978,5.020886176762026,3.2572482251127255,2.1136397517079395,3.137640036715493,5.058564223176375,6.88931295558563,8.858565685256277,11.428285304454034,13.685439342600588,15.629794784321387,18.792392104253253,21.301029669947884,6.3747628975515624,4.543018600005947,2.1981856154565294,0.0,2.108046489050941,4.439372140291913,6.61716691643788,8.690519259514934,11.258618920631429,13.093994539482594,15.511007349621106,18.005940158736507,20.331935471076036,6.855922986731984,4.93385538904415,3.085966461256506,2.301297460129829,3.337167811183609,5.175286851953232,7.25079781817146,9.269120886038761,11.358482513082459,13.216824769966498,15.978594587760213,18.43796870590684,20.546158424386785,6.380301638637471,5.014316802915428,4.440196504660577,5.082458558611177,6.112409181329404,8.003175494764562,10.120983400836106,12.030427465389582,13.682833222691855,16.176102033555548,18.533305047940043,20.70156448194194,9.578476914415987,8.146173641655327,6.972784307577569,6.585415780343713,7.122800011231538,7.865078829865598,9.351938889877328,10.969480024139704,13.058000612651234,14.449000553671523,16.798794034096616,19.18434228739677,21.15325944151397,10.025691996066906,9.334225195483553,8.976080436359736,9.14511831525432,9.803030143787176,10.990442120315269,12.292643857201755,13.787978822147936,15.938014211312524,18.07056905578792,19.99587589979494,21.959400834266855,12.021077031614096,11.313748494641375,11.179014491447804,11.34497355660206,11.800201396586415,12.998585307640212,14.633044283401865,15.212253251901902,17.20832060370796,19.080098322597816,21.14390999791666,23.004809866634414,13.60668960474957,13.157471261606464,13.391990628730293,14.10246283455482,15.40430673545551,16.71189546401006,17.677115828098202,18.87707143600405,20.72219286176055,22.28281357907928,24.170508083199245,16.102850337750766,15.500191256884541,15.72009726433014,16.162946389813957,17.036119335106807,17.961000974333253,19.234465030252338,21.423494252805725,22.020934426131877,23.75480374576898,25.502837175498726,17.73348386527588,18.06046566398552,18.273034176074862,19.142650234489476,19.958598798512885,20.87571843075107,22.334007253513644,23.794796258846176,25.193900472138093,26.910890081898074,20.148291863083582,20.54473484861754,21.11714871851785,21.942993802122807,23.00723938242048,23.983028999690593,25.461072188735493,26.840928840112817,28.39108157502986,23.258638180254664,24.06500745896415,24.938636630738255,26.164704469953413,27.52673654830881,28.583232182522675,30.259448540910327,26.194709580371377,26.999733794983978,27.954002933390417,27.869719141031904,30.503672828038265,32.87693788965146,29.023305463024023,30.046520796924227,31.512038667785365,32.28687962625066,33.015315006826754,31.85672439219073,33.23094444941341,33.67457392455025,35.46565042403706
I05,16.19207373995067,15.576404013763895,15.747000508033269,15.861390229106654,16.27315313637772,17.092693760785632,18.11780464073945,19.205175578473632,21.691920823200512,23.782372400582748,15.93384715001371,14.807331461137755,14.032396302841507,13.567792488094737,13.469368507840299,13.453246225353938,14.124659358724374,14.745342349365783,16.080493058361114,17.36775348166826,19.004410698572055,20.7338176417176,22.405200289218573,13.069071045793576,12.054346643431158,11.307543720897126,11.065031631224558,11.671856621806148,12.059456870025285,13.161064470626986,14.231649693552747,15.967182625623094,17.646866747386063,19.221148690960174,21.360628876510166,12.49558662088339,11.128160719543908,9.869399019190581,9.168813500120939,9.028732413799846,9.340798359883378,10.329024397299097,11.244941707274432,12.984984597603496,14.275375056368922,16.079789208817385,18.194915361166153,20.212656035266615,11.084339448068162,9.292818409933554,7.984363531302918,6.992174482948777,6.906005864463192,7.015624348552309,9.297700360841922,9.734493104419974,11.072721165097585,13.064697508936057,14.552274220890698,17.42594046242555,19.19700937646278,9.978132991697395,8.055476956704673,6.260724079529459,4.981455710934305,4.592013175068208,4.936355335670235,6.25179718161106,8.173105162666145,10.437155551202634,11.980802310363027,14.222732683981654,15.993889458164952,18.858589687460725,9.095969052278047,6.967782000034157,4.983402251474389,3.0118766575011007,2.23161936718608,3.2296879106192287,4.948556254100786,6.817176101583412,9.361431567874648,11.607584158643865,13.54616953238073,16.70463687124027,19.20549465647787,8.481789551739656,6.651054803563117,4.30481962456036,2.108046489050941,0.0,2.3354984478693197,4.509120756866021,6.582498385871431,9.151563800793829,10.988247767501424,13.405475485785649,15.89823301502403,18.22442240511342,8.881414526977107,6.899227275572243,4.84159240333178,3.1061658036878845,2.4971305532550754,3.4104407339814604,5.275473154135087,7.228929242979212,9.316096446473706,11.157004122971362,13.895992695737862,16.341072486223172,18.445111493292742,7.96137908907747,6.27027567177074,5.009700689662008,4.475784288814643,4.883126252719665,6.331243953600272,8.324836154543824,10.133891305910085,11.671022277418546,14.147103060344191,16.497358818914012,18.654444403412285,11.179149520424172,9.497430441966923,7.924220150904441,6.9503902768118,6.852948270635055,6.968351670230199,8.069148220227461,9.337676798861695,11.300545827525324,12.63525025474367,14.884395083442255,17.231059311603566,19.15428675257839,11.146301628791498,10.087487893425202,9.225237124323689,8.858908792848021,9.134975643098343,9.828908484669089,10.882327370558192,12.22030850674401,14.236417702498054,16.278349854945372,18.139243231182498,20.05469613332498,12.990274092566331,11.922785119258,11.393117439928371,11.153086792453468,11.201534760915578,12.059763845117367,13.36938461560591,13.80357899242077,15.626748670148887,17.406103412309143,19.39081870370614,21.194604336953308,14.131683905324234,13.298728134675136,13.236013637043444,13.578469206799419,14.634821556821251,15.779623886518968,16.389148239002537,17.45455040956369,19.185935187006134,20.642765924168206,22.455868832000245,16.53112074240582,15.646378398850004,15.558929076257144,15.730322565033433,16.32032456785097,17.030077862417425,18.10059073621632,20.095224557093157,20.580364161015225,22.222350663239926,23.845631297996704,17.887680956457157,17.932678550623717,17.865224375864972,18.50154485441689,19.104574164319914,19.865326576726595,21.14986874663765,22.468825091668677,23.75178050168029,25.38451900273078,20.020232890753295,20.20436551837251,20.567780872033815,21.195187307499786,22.08134751322935,22.895049683283066,24.242063134147635,25.503381677730502,26.954760414442568,22.753115874534636,23.37903103210225,24.074666622821592,25.15042751127702,26.392109521597547,27.3217800664598,28.89516807357244,25.562311515197525,26.211726936621325,27.00729716206344,26.803709388814077,29.321695517142253,31.594507196663155,28.29736623786744,29.175038234765005,30.52279713591138,31.179000753712426,31.820030562524607,31.061944578535325,32.29715276924578,32.58015814878743,34.32919626207406
I06,17.153787832429316,16.2693584692206,16.102587742347502,15.863255309046753,15.960814515556528,16.499199041165603,17.245398922611212,18.112284505274314,20.257649666237196,22.21516999709883,17.45036309077837,16.13354678922152,15.107475401270724,14.306790905021293,13.82105354160818,13.493866347344634,13.758907551110298,13.997770108127938,15.080808996867509,16.124674818426573,17.571675304307213,19.14209458235958,20.713076183898906,14.542454435204535,13.250178338422469,12.149119885818891,11.437690413715524,11.578205905925149,11.566372508267232,12.258022556676913,13.065960967337995,14.588380650366922,16.069705815602227,17.489497762943337,19.53108427609691,14.344806028664172,12.78252471149577,11.243157029944925,10.12626969816625,9.533334883449758,9.25437220993407,9.666847469573522,10.154919448228036,11.62341645128488,12.675795280770355,14.292241951492425,16.317990562566216,18.293642310923214,13.11305334390126,11.176900509533043,9.605549333588371,8.16136783878781,7.46807994065409,6.8303794916534475,8.299425100571725,8.43083109782185,9.45840287786474,11.354189535145165,12.574822543479492,15.387762930328762,17.109507999939684,12.169322125738969,10.15494460841614,8.179881722861278,6.469387915405908,5.3206918723038275,4.608833800431515,5.099551058671734,6.491767170809501,8.518695029169667,9.958208925303786,12.120883466150477,13.811197377490483,16.65278475210678,11.410833098420115,9.251341794572289,7.198581596398001,5.0366596073191205,3.2974138351138156,2.206084540537828,3.2265777535959055,4.722102180173572,7.168900892047539,9.378129077806511,11.298439715288124,14.443027452719184,16.923767074738414,10.80544441473834,8.980425435356612,6.637534557348836,4.439372140291913,2.3354984478693197,0.0,2.1920677453035067,4.2624335771950745,6.838884192615049,8.680815860274887,11.097356261740902,13.569004458691875,15.905270352936475,11.115131353249946,9.098071224166143,6.950209349364953,4.8866742269154795,3.189899371453589,2.0843975148709037,3.1633795219669736,4.9631140426147775,7.036511919978534,8.853201567794557,11.569485727550727,14.006265490843733,16.109613806668364,9.842288859813047,7.969707146438946,6.292917447416579,4.710005732480588,4.18458277490122,4.716307984006134,6.414994933747026,8.044209097232617,9.420522809271256,11.871432937939717,14.211550830222578,16.356199222313233,13.010949427309292,11.142372458323226,9.280737255196916,7.839250219249288,7.098280707326246,6.445598343055515,6.9301235198227165,7.641225098110905,9.386110216697864,10.630303570453668,12.738888020545591,15.033066619954825,16.903470945341375,12.536879236875498,11.163025799486446,9.840488453323848,8.919964237596473,8.730939754688496,8.762231279759739,9.446552492840972,10.544427770154243,12.359901051383865,14.27386930723411,16.04971856451072,17.90488257431475,14.190882284058311,12.79245035167227,11.873085192990068,11.201330813791724,10.779085768282949,11.193994148649534,12.063123393217861,12.305521362380384,13.887078490452915,15.538228116487414,17.417804482769924,19.148914747316624,14.856436483894784,13.638661407924166,13.251712417646257,13.164820735581628,13.906008521498899,14.833595147502171,15.002888955131276,15.892076925310926,17.47186091977612,18.79700385699806,20.515834469989272,17.105774054394615,15.934798712252377,15.510505762224518,15.371001171036323,15.621141731640488,16.06504506685244,16.879111173281608,18.62230514732266,18.97065507566884,20.49489790167299,21.96681098839793,18.144175070804405,17.877432953307363,17.495525056425144,17.85442177725171,18.201725330308662,18.77037242571388,19.838586769223255,20.98157139015093,22.121895217182455,23.650257842146246,19.934527885054113,19.878042282880877,19.999497218680272,20.39201632992677,21.06361652233538,21.682461322460604,22.868351274195525,23.985876010685956,25.317635632104352,22.211639403700037,22.62616903057166,23.112063862840117,24.007437701679034,25.10350911725291,25.88321450283948,27.332971975253624,24.853116122530793,25.32092909037897,25.93047267212844,25.591561890591983,27.96518258477852,30.11580986790825,27.46424958013599,28.172112682580266,29.379983560240465,29.899133047632,30.438987696702398,30.13666584079931,31.209629924111564,31.31031829924442,33.00622979075314
I07,17.937741942619198,16.821445360015886,16.34701260169576,15.782133252510574,15.580200287544445,15.83950990403428,16.305409071838707,16.949165672681357,18.75205623391739,20.576184607453346,18.738322256808374,17.26313937266336,16.026373513680504,14.938724075368686,14.111545415013907,13.504181426506385,13.37618316262154,13.238124980524999,14.051591546867565,14.841281379988725,16.089283016965048,17.498067664745154,18.968846512110325,15.826486786397036,14.311608470049759,12.926428934551105,11.81953218194358,11.523053458176786,11.127167204639283,11.389079857477512,11.912044199044932,13.193807221571793,14.463965293099953,15.727215932897979,17.670119976955448,15.968988227185841,14.252751488747709,12.503783787318142,11.070607616567395,10.113921148595137,9.31336952987478,9.141230387644763,9.16599672703411,10.303803423978934,11.090819131155282,12.50219088800039,14.430383813329428,16.359774631699544,14.913681403328958,12.870097590927584,11.112779715264763,9.364946235830722,8.224989544066302,6.983416713901584,7.502731902447268,7.29157993853184,7.9305881244709715,9.678543123838423,10.619525648540051,13.363321181502748,15.039914394703182,14.132898924141502,12.047728126082527,9.956966003758374,8.001375444259569,6.41988169672931,4.958476580563833,4.468121976848886,5.025976720996627,6.678804833201821,7.983741103016806,10.056187995458318,11.677339166094303,14.499866378694668,13.520867021016072,11.326940981571326,9.224124890741669,6.981684395616863,4.939492382826398,2.7987300691563664,2.273662463955457,2.8019457525084244,5.05470760776526,7.22113342904007,9.126279471942551,12.261641203362624,14.734668676288585,12.989892994170507,11.16016128915707,8.813147564860127,6.61716691643788,4.509120756866021,2.1920677453035067,0.0,2.0735556418866605,4.647380552526337,6.488799657872017,8.905488700795706,11.39034261995661,13.716897972938343,13.30086019774661,11.27809154954862,9.11382625465287,6.9863798923333675,5.060156618129522,3.0118731713005444,2.1806074841658227,3.179696840895371,5.130532233599161,6.851415401214554,9.479882963412576,11.869531583006973,13.958398905318617,11.905981227937495,9.97482937197424,8.15312142679109,6.123233541193738,4.979677499597741,4.322603382222338,5.319923401704201,6.530606480258935,7.547773777744005,9.919645406968941,12.225923686985782,14.336057268300793,15.030732583610156,13.07959972629132,11.090010144269481,9.420876020837976,8.293090738681206,7.069940947419576,6.8694282877107025,6.796181427831367,8.124786397192237,9.189809845693219,11.03102592690272,13.215230039617168,14.980517647931931,14.31367045869088,12.764911672236515,11.166815571146502,9.866602505422016,9.28859698770487,8.647059384553804,8.854588697393009,9.592398344522604,11.078850346493539,12.77492183929123,14.404066266162483,16.15273181229726,15.827313638138342,14.22424117483952,13.040180251821676,12.044202796366392,11.221594227203191,11.181370309581917,11.530676346164608,11.533117921880448,12.767864974223372,14.220836051371945,15.934559297326048,17.549250610781076,16.14847113506415,14.65495984300196,14.008085557991143,13.537673803131762,13.952005160549504,14.633200196812727,14.30638074426932,14.967685859878273,16.336477741545146,17.477350628742332,19.0572444230534,18.2512467793299,16.86655889623014,16.16260486431565,15.743641573663954,15.659328848964122,15.82026984599188,16.340561465261835,17.770539665412528,17.95028804782809,19.314689047458156,20.58192979290329,19.01746313260525,18.484854178488938,17.821007154479233,17.906189321014118,17.988111296075527,18.344672305604153,19.160505891024904,20.089297772694795,21.05019840761602,22.440621136679795,20.488208828494503,20.211610623599494,20.100000099502484,20.253257639204612,20.694196142880255,21.096187191054216,22.091622054525555,23.03530970054451,24.21738014319468,22.314233125966933,22.51529777728911,22.7812483635116,23.477404498794154,24.406151130401533,25.012161202103268,26.31123144210472,24.767079197999912,25.04700135744796,25.45750439457882,24.975069269173208,27.17529926238164,29.177962386020038,27.23483053004002,27.76310245631781,28.816328097104947,29.184478237583757,29.60995206007602,29.797580522586056,30.695899221231493,30.600286028074965,32.231163087918496
I08,19.02055711592066,17.724107001482473,16.990987022536387,16.141341982623377,15.659471894032698,15.637574140511694,15.805147136297085,16.19875211243138,17.595947999468514,19.25137569110322,20.213834866249403,18.6280315653587,17.238817737884464,15.934327786260706,14.833875724165953,13.991790914675649,13.499186382889897,12.986484204741481,13.494897554261017,13.986725206423412,14.986760724052413,16.188927852084582,17.527658856789746,17.321093181436325,15.655581816080806,14.07303471181678,12.671333394714228,12.003984671766288,11.260212475792809,11.073778984610447,11.266611380534965,12.239000367677091,13.233337183038902,14.287391924350644,16.09096233915175,17.706738604271536,15.89536391530562,14.018187614666884,12.382153366842134,11.175805026932064,9.977863749320292,9.272378335680658,8.807563397444266,9.513310780164812,9.946446300061144,11.062204481928546,12.838545867815405,14.692906894144535,16.774923308319472,14.673393097712607,12.813030945096479,10.89758326419211,9.487987457833194,7.859651391760324,7.455610840165948,6.872984577314283,6.975158851237727,8.451575474430788,8.972589035501404,11.587871763184127,13.189928430435096,16.098009100506808,13.978532684083833,11.834658972695411,9.767345596424855,7.988539916655609,6.168174527362209,4.952523498177469,4.417854343456788,5.327042800654036,6.356189503153599,8.243956574364036,9.738017508712952,12.52044296340988,15.567202574643911,13.35919207886465,11.237686639161995,8.971894337318066,6.843187122971284,4.489538617720088,3.1282723666586323,1.9009158319083987,3.2431404533260655,5.261047899420799,7.1215503929973005,10.230395202532499,12.682461906112708,15.063447049065497,13.2334407090522,10.886000413374969,8.690519259514934,6.582498385871431,4.2624335771950745,2.0735556418866605,0.0,2.5784733855520012,4.422583860143299,6.837173685083625,9.319177324206251,11.643611338412152,15.35508140649212,13.325912501588775,11.1473115144415,8.978598164524348,6.951508757097267,4.65750244229673,2.816919239168919,2.124889879499641,3.512184505404009,5.010868387814631,7.496886020208657,9.831096836060562,11.905543288737393,13.847112117694433,11.878925372271686,9.971842858769888,7.71130404017375,6.258698027545345,4.772562519234295,4.838671305224193,5.385554753226449,5.867634105838571,8.095498255203319,10.344427533701419,12.408618658013468,16.924203526311068,14.911459351787135,12.835350248434985,11.019532476471042,9.638615305115149,8.045153199287133,7.283371197460692,6.434500524516259,7.192752254874346,7.998600002500438,9.478952262776726,11.511808893479772,13.152052691500288,16.006055885195455,14.328860561817187,12.535555233016206,10.966129399200067,10.09028369274125,8.885241302294496,8.61473725658537,8.937291815757163,10.010948106947714,11.429736698629588,12.87738863279353,14.49791433275835,17.391670650055445,15.632451183355732,14.245432250374153,12.998007539619293,11.853287223382383,11.402577120984537,11.237767126969663,10.996265002263268,11.834409702220048,13.049425159753206,14.565661845587382,16.04456705554874,17.417807468220563,15.70705971848328,14.846395454789691,14.04585607928545,14.150891173350178,14.584321204636161,13.777123393509983,14.194563078869319,15.32594245062926,16.26372730956837,17.687429321413553,19.37299238630935,17.815380826690177,16.873192140196828,16.208822319958966,15.816813743608414,15.706198171422644,15.931803727136485,17.030079301048485,17.037783247828926,18.226599134232366,19.276801316608523,19.89089301665463,19.124895947429362,18.211896469066584,18.041317939662832,17.870366000728694,18.017537151342303,18.576359842552577,19.283285871448363,20.056876027936156,21.29970375380841,21.058154952416892,20.58180470707076,20.254158708768923,20.179550094092782,20.394705415867126,20.582244896997995,21.38235632478329,22.14766163729255,23.174378481417794,22.448694505471806,22.446198987801925,22.499654486236008,22.99794784323158,23.757391481389536,24.189870958729813,25.334148120669067,24.70371399202962,24.802596033480043,25.01915476190193,24.401110220643652,26.419944000697654,28.269338867401903,27.018876086913757,27.37230456136275,28.271318080344255,28.492035395878617,28.80496137820705,29.463123120266797,30.189993110300637,29.905994114892753,31.46770828961016
I09,20.39678808047973,18.908899121842076,17.886593443135,16.716802684724133,15.907395041300761,15.53688836286082,15.319241397667183,15.37606194706564,16.204011015794823,17.61122837850898,22.032329087048424,20.332226267676642,18.78463781923942,17.253563139247497,15.863275828151007,14.770784745571238,13.860028643549045,12.901128361503888,12.998664277532518,13.077618017054942,13.713550160334123,14.608134240894694,15.747468367963151,19.18436577007434,17.36886988263773,15.593883961348435,13.900335427607493,12.837538276476531,11.717611531365938,10.986820923269843,10.73781826070827,11.24636158942082,11.820849800247018,12.553513810881796,14.135282169097298,19.842639668148994,17.93644493761236,15.938733356198666,14.11364917376084,12.67499179486914,11.099514674074719,9.834229252971479,8.803131374687078,8.880061317355867,8.777592209712182,9.402631812423584,10.90901760013247,12.628624311460056,19.057513295285933,16.90135101108784,14.945509459366047,12.885936830514108,11.245913257712777,9.31504079432828,7.953393238109128,6.977798220069136,6.320953883710907,7.2449779157703444,7.055308143518609,9.402831116211756,10.877647953487003,18.505787905409484,16.35290105761054,14.162521315076633,12.00394056133235,10.080794859533647,8.039478838830288,6.331119964113775,4.7263364247586095,4.263175342394446,4.629641022800796,6.067685308253881,7.322541908381269,10.031790916880196,18.081621304518023,15.856935706497646,13.717135050731256,11.43516265734773,9.247575087556738,6.815753810107873,5.140472449104265,3.0754710208356704,1.7231160727008499,2.9019390069400153,4.6255876383439105,7.681788138187619,10.1108073367066,17.633243887611833,15.80003879742072,13.45108352512912,11.258618920631429,9.151563800793829,6.838884192615049,4.647380552526337,2.5784733855520012,0.0,1.8445587548245788,4.258859589138858,6.777013280199472,9.073825433630514,17.93202821768915,15.901114457798235,13.717706841888697,11.532397582463068,9.463419942071681,7.094863071265012,4.984901302934693,3.24540074567071,2.86381511274733,3.3598293111406714,5.255891646523927,7.39976553682615,9.423389729815911,16.362098306757602,14.37402201890619,12.419328041403851,10.034161898235446,8.423802585531073,6.466954924846778,5.618896065954593,5.132743613312475,4.504088031999375,6.227544379609029,8.28103278583052,10.21678657895916,19.399681853061402,17.345264051031336,15.212383672521542,13.299365285606678,11.742944264536044,9.90020227066094,8.686422105792465,7.101409437569418,7.012,7.336765295414594,8.095284121017619,9.776713813956098,11.149358232651778,18.323891508083104,16.549211099022212,14.60824561677411,12.832337004614553,11.710836861642298,10.00491449238823,9.218922767872611,8.992291142973519,9.405670895794728,10.3217545989042,11.422857829807741,12.791169336694749,19.59191580729154,17.70541852089354,16.148130696771066,14.684536935157336,13.251268807174654,12.383793279928408,11.627569178465462,11.0874192218027,11.342624123191246,12.16120668354913,13.331069349455804,14.565113834090003,19.345722886467694,17.443987216230127,16.38423904244564,15.257663320443271,15.020146803543566,15.154389793059963,13.771224636901398,13.848753084664336,14.615802578031765,15.234586210330756,16.39697889856543,21.139394149312793,19.422811871611174,18.246239119336348,17.329298427807167,16.599330408182134,16.170325908898683,16.02408764953562,16.661302530114508,16.431162983793936,17.348870078480616,18.063947409135135,21.39791695469445,20.391678694997132,19.216478189304095,18.755614466073887,18.28585622824373,18.170747920765397,18.38824765985057,18.785802005770208,19.288038910163987,20.305069440905637,22.225798635819594,21.53071280752219,20.95751440414631,20.611731344067145,20.544638716706604,20.455178806356106,20.986706482914368,21.500444762841536,22.299903968403093,23.102088606877086,22.855078122815506,22.645000794877443,22.885465168966963,23.415263504816682,23.610780122647366,24.53240457028214,25.095965612026166,24.970158609828655,24.93884239494688,24.150965467243747,25.911407603601933,27.539707424008704,27.202413569387552,27.332468750553797,28.026003229144177,28.05158576622719,28.212100683926394,29.479484001589988,29.982144369607724,29.453561974742545,30.91393737458883
I10,21.47568059457022,19.874869181959415,18.673139853811406,17.30400395862183,16.28282297391948,15.673344920596879,15.178903385949855,14.980542914060225,15.348405063719161,16.539880592072002,23.38638304655083,21.621287473228787,19.982665612975662,18.320362714749947,16.760146449240832,15.520957605766469,14.348523861359398,13.101319780846508,12.897397101741111,12.658758627922406,12.990940112247458,13.618026325426163,14.57749199965481,20.57898901792797,18.681082677403896,16.80232061353431,14.949567284707607,13.657254189623917,12.319810428736313,11.239614094798807,10.676978036879161,10.808321331270642,11.0214926847501,11.463665731344403,12.831510784003573,21.403720050495895,19.44615524981738,17.38619682391753,15.463395810752566,13.90515192293849,12.134989946431764,10.562242564910163,9.20152840565088,8.817201483464014,8.286890490407123,8.452972021721118,9.67282895537805,11.244608708176555,20.711017840753264,18.52759566160704,16.523486617539287,14.395068356906126,12.644721032905393,10.585551284652112,8.723762777609211,7.560436826004169,6.420214404519525,6.809885167901145,5.949498298176074,7.948817522122394,9.280167455385705,20.237135790422517,18.06776931444499,15.856091605436694,13.656412413221856,11.67287633790404,9.554546195398293,7.672588155244617,5.661099274875861,4.311318243878547,3.950265940414645,4.7222558168739655,5.656352976963159,8.267292906387192,19.879787222201347,17.646416661747505,15.498320715483985,13.211587943922563,11.001528711956352,8.553566098417665,6.798308613177252,4.646817513094311,2.3548163410338394,1.6251009199431279,2.904013774072017,5.8633957737816065,8.26936950438182,19.468655141020914,17.63335591996033,15.283863287794746,13.093994539482594,10.988247767501424,8.680815860274887,6.488799657872017,4.422583860143299,1.8445587548245788,0.0,2.4173009742272473,4.996587835713488,7.246430638597185,19.77657960821335,17.745427580083835,15.560798501362326,13.370055534664019,11.286813279221022,8.898083445326863,6.731487948440523,4.818510662019957,3.701683941127335,3.1445587925812424,3.9590407929194162,5.766982659935783,7.707470726509443,18.181208155675463,16.185170125766366,14.211134015271266,11.7780382916681,10.11269128372858,8.00219476143889,6.78803447251117,5.756785908820998,4.334130824052268,5.322079668700948,7.0597312271785535,8.815251839851202,21.197700842308347,19.123753711026502,16.96536259559459,15.009228094742248,13.374613302821132,11.429426669785322,10.016827841188048,8.10711076771497,7.498720224144917,7.450179729375661,7.555334539251058,8.84082349105557,9.923409192409633,20.0404407386664,18.217886732549413,16.20628671226077,14.333637709946489,13.094285814812505,11.147954834856483,10.087787170633607,9.521958674558508,9.44540195015543,9.924736419673824,10.697021361107959,11.813139802778938,21.241740418336725,19.29011067879083,17.645381605394654,16.07131830311378,14.49020448440946,13.392866048758943,12.285207771950788,11.562619253439076,11.395846831192493,11.88667594409808,12.749307785130924,13.756709635665064,20.84208379697193,18.83944088873128,17.671263735228447,16.36206835947094,15.916981654823882,15.857915153007976,14.111967439021393,13.945741034452059,14.425706499163221,14.78520131753369,15.720452538015564,22.533759428910216,20.730451273428663,19.420137100442933,18.355827003978874,17.420465349697178,16.789272914572567,16.393043219609957,16.69256340410304,16.289531914699083,16.987880032540847,17.430682287277225,22.634091123789354,21.484920781794845,20.15310192005191,19.50904346706932,18.845868857656843,18.553064571655003,18.527560254928332,18.695054800668547,18.988152622095704,19.821754210967303,23.24508640551805,22.413933278208894,21.684295722941986,21.159949952681835,20.8997648072891,20.61602922485317,20.948435788860227,21.27137090081408,21.892493005594407,23.779997413792962,23.36951743190261,22.979144022352095,23.03579521093205,23.396084672440384,23.41599165100637,24.16458989927203,25.584173330400965,25.303568641596783,25.097590501878862,24.193200119041713,25.753770694793413,27.20885767539681,27.53399616837338,27.505850741251397,28.048516146135075,27.932120309779563,27.979628160502777,29.682015160699585,30.022216107409527,29.318492798914477,30.69800816013964
I11,23.16751054817932,21.454417563755957,20.064720282127038,18.48548038326297,17.23272572752204,16.3459836351319,15.512813413433426,14.980973599869936,14.686363539011284,15.52815024399236,25.361641902684458,23.535556929888017,21.809920793070294,20.0204216239319,18.292941944914165,16.909648991034675,15.464174889078306,13.90870590673338,13.338766509688966,12.68934237854744,12.582562735786379,12.789330905094294,13.442842296181265,22.605409197800427,20.632887388826607,18.661036680742043,16.66329769283379,15.149943894285549,13.606102785147554,12.16443755378768,11.246548448301818,10.880701172259075,10.566715904196535,10.537286178139036,11.509763377237604,23.591590705164414,21.58969054896341,19.477541117913216,17.47149936324871,15.810889728285376,13.874143036598692,12.027792149850278,10.369632057117553,9.476081574152895,8.426793577630818,7.897386909604974,8.566687341090486,9.820000458248462,22.986610450433968,20.782319047690514,18.739798558148912,16.55806537612411,14.720314195016355,12.570217818319618,10.292545117705338,9.001166868800956,7.447394779384265,7.151886464423216,5.364545274298652,6.515079431595597,7.494463289655904,22.581538853674253,20.40055254153671,18.174425575516825,15.94606559625289,13.92138103781374,11.757422549181433,9.769781215564656,7.525790124631433,5.563034513644509,4.438678294267337,3.8664055658970904,3.8772455429080064,6.116761561480062,22.276460131717517,20.03780539380498,17.885019457635487,15.596775307735891,13.374422529589829,10.922014695100899,9.127765553518561,6.961122395131406,4.4526136144965465,2.4336575354802905,1.5043403870135243,3.590958924855588,5.885429466062778,21.885565220025732,20.049775285523776,17.700205563778066,15.511007349621106,13.405475485785649,11.097356261740902,8.905488700795706,6.837173685083625,4.258859589138858,2.4173009742272473,0.0,2.7032029150620565,4.83990464782107,22.18725861840529,20.153888160848766,17.96470701124847,15.762451363921793,13.658419308250863,11.248939194430735,9.036741558769952,7.023842039795599,5.491230827419296,4.149087851564485,3.028695428728349,3.7874995709570713,5.489950910527343,20.540565182097595,18.53420891217103,16.536188738642284,14.050693434845128,12.333233355450629,10.094410780228829,8.578231286226783,7.103721278316035,5.05341646809364,4.809520974068,5.793007940612545,7.133679625550898,23.52364820770792,21.424185305397263,19.235231217742093,17.230199070237116,15.510900715303414,13.467408733679987,11.865242348978802,9.679206424082503,8.55629201231468,8.081319817950531,7.3220024583443015,7.922182527561454,8.49329488479,22.257540227976676,20.37855826598143,18.28855907391285,16.31432579054372,14.953273922455912,12.772496427871882,11.43996302441577,10.513993770209302,9.851558759912058,9.730601677183175,10.001445595512681,10.704658425190408,23.370874181339474,21.343597681740537,19.60005765297643,17.90556226427978,16.168410249619473,14.822651753313238,13.330098349224585,12.41204656775022,11.729991858479698,11.773653001511468,12.185738918916654,12.844129086862994,22.780918704038253,20.665010742799048,19.37479316018625,17.86100179161292,17.174407267792386,16.883106615786087,14.725872503862037,14.255887380307128,14.349338660718828,14.350883248079194,14.952348979341004,24.33949978943692,22.438333672534597,20.973871101921073,19.740283711233737,18.56615967291028,17.69624607084791,16.99560843276874,16.858331619706618,16.236531464570874,16.629196132104525,16.693007308451044,24.24349894301563,22.924936226737906,21.410885198888902,20.54712984822941,19.65110961243665,19.138699981973694,18.803085943535972,18.66845408704213,18.67994271939826,19.255469145154578,24.58175359896035,23.586910204602894,22.66791214470358,21.924180303947512,21.42174654410793,20.89179410677791,20.961113567747304,21.02860004850537,21.404836696410463,24.684811463732107,24.070423199437105,23.45318511418012,23.27216889333695,23.408081382291886,23.196580459196998,23.708425949438315,26.234299628539734,25.75705359702464,25.326796737842706,24.278282723454723,25.56353811583991,26.778647015859484,27.969352387926325,27.736362865379448,28.078613391690123,27.776620402777585,27.674696746306005,29.93691513833715,30.0632304984012,29.133739135236315,30.398782755235448
I12,25.750580828400743,23.991431491263707,22.512895726671857,20.824680477740827,19.43916670024721,18.374161667951004,17.29833061309674,16.497243527329044,15.558444780889895,15.9714912265574,28.039285903888494,26.19812882631124,24.44688211204038,22.613216843253415,20.818419272365517,19.37174914663103,17.788654052513362,16.062655135437602,15.248574031692275,14.288694831929192,13.782856924455103,13.535017879559671,13.793453555944573,25.29525807340182,23.30779002822876,21.312529460390195,19.270045251633427,17.67184817725639,16.040732308719576,14.419397525555636,13.296203443088558,12.573050862857432,11.801945305753625,11.268486056254407,11.687235130688524,26.294053814503386,24.29270919432413,22.177568171465506,20.160777762774927,18.47980573490966,16.499009939993368,14.559848419540637,12.786733945773644,11.634100566868073,10.279297446810263,9.196817819224211,9.207430151785026,9.941785805377222,25.67364037295841,23.47488762486415,21.43909886165927,19.26108639199773,17.420322959118757,15.260280534773926,12.8798623051646,11.556749759339777,9.86714695340046,9.21511899000767,6.905939762262627,6.925313711305792,7.212744969843312,25.232258737576387,23.05967983298988,20.84209233738302,18.62650632834832,16.61350546994824,14.456435418179684,12.47278802032649,10.209939324011675,8.131447165172998,6.793256141203568,5.443999448934579,4.279356610519857,5.180427202461202,24.858404011520932,22.63143594648824,20.487621262606353,18.20251240900552,15.997328777017744,13.550107933149462,11.78542701814406,9.623924199618367,7.150620812209245,5.099529488099858,3.5654219946592574,2.8266057383370606,4.050372081673485,24.374155267413883,22.54864840738797,20.202968222516215,18.005940158736507,15.89823301502403,13.569004458691875,11.39034261995661,9.319177324206251,6.777013280199472,4.996587835713488,2.7032029150620565,0.0,2.4378812522352273,24.580142574850942,22.537604353613098,20.331344274297262,18.09228324452168,15.938243315999415,13.500247590322186,11.23432686011939,9.136100973610132,7.287803647190283,5.532270781514585,2.970589503785402,1.519767416416078,2.79290619248123,22.754694021234386,20.730272019440555,18.688143514003738,16.120167865130934,14.3361744199769,11.958786100604025,10.140588247236943,8.311021718176413,5.964359814766376,4.470770179734136,4.2300029550817095,4.889386975889718,25.645501925288965,23.497882500344577,21.258722492191293,19.178713251936376,17.33862269616592,15.18183546215674,13.367843879998002,10.94106489332734,9.332865208498406,8.445298100126484,6.814470045425396,6.5330937541106815,6.458946353701972,24.165744039859398,22.200392451486078,20.002808627790248,17.90278927988597,16.397977832647534,13.97424534635055,12.370599015407459,11.086019529118646,9.817756362835654,9.032124279481545,8.714551049824655,8.921034132879438,25.121200170374028,22.986935854959007,21.11204760320514,19.269915256689636,17.35616224860784,15.732918006523775,13.834718645494746,12.730408712998965,11.502361714013345,11.043930686128014,10.937022126703411,11.19393701965488,24.241297015630167,21.984297600787706,20.545080384364525,18.79232537500349,17.823557922031167,17.263473028333554,14.691978389583888,13.895867623146097,13.556814153775214,13.167021379188233,13.396774313244215,25.597747479026353,23.579504659767558,21.92906712562119,20.499029855093145,19.054505635150967,17.92077333710797,16.886318485685386,16.26258703281861,15.415343006238947,15.46758914634081,15.131895618196683,25.23651911417262,23.712314037225468,21.989941632482793,20.873969267966263,19.71976087583214,18.964713680939134,18.286957018596613,17.822696204558948,17.531236180030202,17.827237867936805,25.221617791093415,24.0354836231768,22.900178099744117,21.909485525680424,21.137121398146913,20.339481237239067,20.119239945882647,19.91211796871443,20.02796095462541,24.799852519722773,23.95480004091038,23.08656981883623,22.642986750868356,22.532668639111524,22.077130814487646,22.337901087613403,26.0368105765664,25.341131861067296,24.666180348809583,23.471790089381763,24.45000460122656,25.40699199039509,27.512085217227717,27.054122513953395,27.176335146593992,26.68016913364681,26.423911027703678,29.26364314298546,29.157401976170647,27.996379658805886,29.134705987876384
I13,27.198772472301027,25.349805088008075,23.717170847299645,21.8689663221653,20.30999421467175,19.031471199042915,17.691741943630085,16.618613811025277,15.075408352678213,15.095081616208638,29.756270145970916,27.861508089118217,26.035554651284077,24.097483125837023,22.172865669552053,20.62361563838892,18.842949716007844,16.91240730942819,15.822219344959164,14.549808280523838,13.660500210460816,12.995590405980021,12.895351875772914,27.07802359848296,25.025954786980655,22.95665944775067,20.80557408484563,19.0445653402749,17.2829555342829,15.42976377006466,14.078030153398593,12.98417979696831,11.787346860086878,10.808572014840813,10.717235184505377,28.250057504366254,26.204496656108468,24.042672334830005,21.955509581879443,20.194906214191736,18.098176980016525,15.985367840622247,14.054795693997121,12.59191125286388,10.95113039827396,9.388121271053118,8.791216582475943,9.013148839334676,27.738319722001908,25.517163047643052,23.441511064775668,21.214713101995983,19.3002209572844,17.08208186960828,14.4335610297667,13.071679922641925,11.213495529940698,10.16335579422466,7.526675295241585,6.531526697488115,6.155224203877548,27.39410334360298,25.205587416285304,22.970209097872836,20.722146727595575,18.668930687106855,16.477933122816104,14.423696197577097,12.049663397788338,9.754425662231476,8.203054309219219,6.299230826061226,4.453375349103195,3.815215459184448,27.116243194808533,24.876781664837594,22.722906724272754,20.434490475663935,18.20829857510031,15.755420654492218,13.946106876114209,11.779752883655922,9.2216671486234,7.015081610359212,5.16875275090616,2.6368058328212185,1.965358237065192,26.70618224306874,24.87378640255641,22.524903995355896,20.331935471076036,18.22442240511342,15.905270352936475,13.716897972938343,11.643611338412152,9.073825433630514,7.246430638597185,4.83990464782107,2.4378812522352273,0.0,26.95889166861279,24.91903274607584,22.717778346484497,20.48886356048085,18.34596917581625,15.91162750946615,13.65223252805196,11.56157506570796,9.725652934379264,7.958462225832324,5.283033692870036,2.968831756768982,2.024235658217689,25.178555022081785,23.156027919312933,21.11841151696784,18.555820677081357,16.773704242056972,14.39539961237617,12.555772576787142,10.681879282223704,8.317218585560921,6.517667450860008,5.497390289946676,5.125648836976642,28.080125711969313,25.934753536519292,23.696546436137062,21.615823208936547,19.7696164859109,17.603604659273625,15.762155468082403,13.299211555577271,11.578204524018394,10.563087853464062,8.578723040173287,7.65588277078483,6.8250029304023005,26.599936917218432,24.628081533079268,22.418959208669794,20.301532479101176,18.771501165330385,16.298059823181408,14.625659540683968,13.228454482667278,11.711002732473423,10.549123281107299,9.769700353644424,9.427805948363595,27.538611820496687,25.388844184011212,23.490188866843962,21.61655460520941,19.65978537522727,17.95361412083929,15.909971998718289,14.735539929028729,13.239595235504746,12.45862175362909,11.921115803480815,11.749022640202886,26.60262682518401,24.312249793057,22.831883606045295,21.003049921380466,19.925379645065735,19.24393229046496,16.479853640126784,15.495505735535062,14.85176504661988,14.13775134170919,13.984699245961638,27.90007378126445,25.84804892056652,24.13547517659431,22.632184605114904,21.073467915841473,19.814168768838123,18.598388666763583,17.654099184042213,16.647322217101465,16.403599513521414,15.66965883483109,27.446923798487873,25.843680001114393,24.034493420914867,22.798354194985215,21.508929355037644,20.61206064419567,19.70763202416769,18.993693295407294,18.441154763192024,18.456287519433587,27.280507198364184,26.005202748680887,24.759900363289024,23.630707331774897,22.689950021981097,21.709189206416713,21.2627963588988,20.81731176208878,20.67790939626151,26.58069318132994,25.597662549537603,24.56587089846399,23.931328421130324,23.622004677842227,22.954286440662887,22.96700960072948,27.612393485534714,26.76839601096786,25.912910913287995,24.610268690122016,25.309847095547614,26.006001249711574,28.895133500297245,28.266557554820853,28.20465091079838,27.53801045827385,27.136342292210276,30.469792664210892,30.169905087686303,28.80667424400116,29.8151511819075
J01,18.256217571008513,18.70105670811144,19.91908735359128,21.014080041724405,22.178095161667965,23.585587802723936,25.15029313944472,26.63372157622738,29.683934257439663,31.968040556155454,15.615021645838343,15.616715435711825,16.048473136096156,16.87978166327989,17.981931486912078,18.79807080527148,20.352362270753733,21.721882630195754,23.462008971952937,25.135354085431143,27.048028578807735,28.999718102078166,30.80223011406804,13.599650363152723,14.06338611430405,14.782338279176269,15.963717643456365,17.594378789829438,18.772846987071514,20.539952142105882,21.99399074747464,24.003522345689184,25.941587345418938,27.707669786541054,29.954100654167533,11.116361859889233,11.350696057951689,11.867634852825562,12.915159503467233,14.087857928017304,15.651365755102653,17.549507827856598,19.061144404258627,21.100720864463376,22.670564726093613,24.671837163048885,26.8662612397036,28.916470669844895,8.916071163915193,9.003379920896373,9.804192215577986,11.012381577115825,12.532065153038426,14.013210089055256,17.140415980949818,17.936144513244756,19.569459318029203,21.616966692854945,23.340174656587298,26.246565965855417,28.045350291982448,6.76109414222284,6.9923395941558795,7.849409786729191,9.333349077367673,10.961159655802847,12.675166586676486,14.58080999121791,16.82400915358762,19.21565039232344,20.812229577822745,23.086068807833005,24.875252440930122,27.738946284961873,4.292760067835146,4.8648734824248,6.107886213740397,7.753069650145031,9.757762499671735,11.904132391736914,13.744811421041758,15.695118030776323,18.241221039173883,20.47944261936833,22.40954539922664,25.557970361513448,28.0348697339581,1.9369093938540336,2.932419137845066,4.87389166888227,6.855922986731984,8.881414526977107,11.115131353249946,13.30086019774661,15.35508140649212,17.93202821768915,19.77657960821335,22.18725861840529,24.580142574850942,26.95889166861279,0.0,2.045164296578639,4.259642825402149,6.5297205146928,8.729364295296651,11.15507534712339,13.429328985470569,15.544351835956364,17.580058162588657,19.473189389517064,22.318000022403442,24.860930674453844,26.997559037809324,3.3415351262555957,4.783196107206979,6.682755793832362,9.227997453402336,10.99348725382442,13.419457589634538,15.642448177954753,17.730731090397825,19.72475310365126,22.238560677346005,24.59150593192698,26.78944754936167,4.569212185924396,4.943834240748774,6.09564311619373,7.770706853304917,9.66882371335831,11.615539978838694,13.693132913982835,15.990547332721292,18.2867061003342,19.783314004483678,22.394849787395316,24.874818853611778,27.00472745650287,7.031926336360471,7.982986909672344,9.407490845065968,11.044409128604391,12.541804973766736,14.791868374211555,16.602488397827596,18.418012270600755,20.85237523640892,23.200623655410645,25.300609419537704,27.40579874771031,9.087483094894868,9.85746990865303,11.066313794574958,12.431933115971948,13.964624198309096,15.93690371433548,18.323990640687413,19.28129832246781,21.686833471025686,23.77914800828659,26.04877183285231,28.071413021078936,11.959631516062691,12.862597327134205,13.988691325495749,15.703480951687114,17.580501756207074,19.252607355888188,21.224077082408083,22.775902397051144,24.907654506195477,26.764308416247186,28.864166798991445,14.421583997605811,14.830218373307927,16.005091252473385,17.240814481920513,18.894010109026617,20.399564014948947,22.21359576925807,24.90632228973198,25.844461708458933,27.82676504734246,29.961387684818604,16.781303942185183,17.98881130036112,19.069023310070186,20.598100155111396,22.02213472849533,23.375398777347094,25.314208658379982,27.177501007267022,28.91788299651273,30.877339474119204,19.900557806252568,20.948373922574515,22.146898699366467,23.55279093865523,25.129123343244586,26.582886825926188,28.433239368738835,30.164510223108216,32.0103021072904,24.021958496342467,25.366369704788266,26.77386167514877,28.440007032347935,30.15207563336229,31.60171656730058,33.586643089180555,27.226974455491746,28.505498153864984,29.945100834694145,30.25696357865409,33.20351222385969,35.86497897671209,30.25391511854292,31.72321326725904,33.538581439888006,34.69255257256231,35.701328280611634,33.227436870754865,35.02851862411541,36.00279646083065,37.89966596158863
J02,17.835875896630366,18.05140230009846,19.060441128158605,19.95653529548654,20.968485400715046,22.257036482874355,23.707859371946682,25.10370892916025,28.01929139004054,30.253861142009626,15.683208090183589,15.416012973528531,15.581708025758923,16.146155022171687,17.012530470215182,17.66507925258191,19.051020681317837,20.268484403131872,21.927388991852176,23.515184243377725,25.36292224882614,27.25740187545394,29.023723210504887,13.392427449868824,13.529558825031952,13.950113476240974,14.865219339115047,16.31776773949182,17.34696967772758,18.985979695554295,20.360443315409416,22.310848168547963,24.184908207392475,25.89726672836344,28.111133043689293,11.266483035978885,11.105108103931272,11.229612638020956,11.949383666114333,12.900070154847995,14.256796870265074,16.00041449463107,17.396391148741166,19.376214542577713,20.877612363486396,22.82344496345808,24.992988216697896,27.032495352815655,9.132667737304365,8.706048299888991,9.054787131677916,9.881726822777484,11.173908626796623,12.44791580948393,15.453794647270295,16.17412084164082,17.73911624066994,19.775777102303717,21.41788640365804,24.309572188749026,26.092168403565083,7.080689020144861,6.655118331029134,6.914567593132633,7.993786086705097,9.395642926378162,10.944600358167492,12.765148373599109,14.941028645980168,17.294014600433297,18.867491539682746,21.121290206803184,22.88441297040411,25.740393547885002,4.803525788418336,4.368274831097512,4.886471630941901,6.113126859472164,7.954779820962991,9.990812629611268,11.80747221042675,13.715580228338865,16.24419699461934,18.472485187434852,20.39646420338584,23.539232995150883,26.00805598271428,2.6767026357068504,2.12412546710405,3.1714023711916473,4.93385538904415,6.899227275572243,9.098071224166143,11.27809154954862,13.325912501588775,15.901114457798235,17.745427580083835,20.153888160848766,22.537604353613098,24.91903274607584,2.045164296578639,0.0,2.215005643333669,4.488070966462095,6.68990179300115,9.11166400829179,11.385027448363926,13.499685070400718,15.537676789018363,17.430738653310133,20.274114037363017,22.81592419780536,24.952431645032114,2.589642832515712,3.1854550695308825,4.8373159913323835,7.28399739154264,9.014630829934191,11.416972847475813,13.642436292686142,15.72182177738954,17.69311238872347,20.208151325640852,22.563389483851935,24.760642257421352,5.184129338664305,4.619262711732252,4.966030205304837,6.239741661319001,7.976062499755127,9.787071165573488,11.816046716224509,14.046309728893208,16.329699354244095,17.819386128596012,20.40757271210861,22.88146516287801,24.997033143955306,6.817319487892584,7.2072930424674695,8.180677050220233,9.539021857612026,10.910820913203551,13.012857833696641,14.762296908001817,16.543022124146482,18.94837834749982,21.274312327311545,23.355603053657166,25.445923995799408,8.963688972738845,9.227773837714055,10.070691932533734,11.163871013228341,12.486103075019042,14.333120281362325,16.604803220755134,17.502890846942968,19.854106502182365,21.91963514751101,24.163980570262012,26.16663623777424,11.47474814538428,11.98159459337529,12.890003646236877,14.389015428444019,16.162698691740808,17.774351999440093,19.555843448954075,21.050710225548208,23.140328260420162,24.951467812535597,27.02105319931109,14.011894161747012,14.110239190035015,15.03422977741128,16.081671710366432,17.566813512985217,18.955681180057866,20.667840187111956,23.273496106085997,24.14890825689642,26.091672617906273,28.161875381444325,16.184378054160746,17.15091930480696,18.00906019202557,19.387890782650906,20.67913404860078,21.94301859362107,23.78851834394063,25.576255902692246,27.254273866680066,29.172322842036422,19.138761349679868,20.015960656436153,21.060228227633242,22.331837586728057,23.796175596091068,25.14835408133105,26.925163137853037,28.58790240643759,30.378245670216046,23.021713945751305,24.236400826030255,25.520129545125748,27.09018303740305,28.729127971450858,30.096278922817017,32.02065809754696,26.178785781620967,27.3433889999027,28.67048581729999,28.88948853822096,31.775286702089726,34.379882605965946,29.171120324732133,30.534012592517218,32.27050272307514,33.33772045296438,34.28433134829962,32.122003922545055,33.82215989554777,34.670539482390524,36.5478647939931
J03,17.708441179279447,17.659760049332494,18.41105390791087,19.058763889612568,19.875565149197644,21.007339027111456,22.307407424440875,23.586695656662044,26.322428839299764,28.489219083716563,16.120915172532854,15.572223540650834,15.439709356072736,15.685987122269355,16.25677191203715,16.699746255557297,17.860129030888885,18.874294953719463,20.4189103039315,21.88928596368552,23.646909417511626,25.462678904624315,27.178838624930243,13.586885331083058,13.35627687643529,13.415680974143653,13.984220965073456,15.188255791893946,16.012568095093304,17.470000715512292,18.73126055555258,20.595034741412793,22.378800794501924,24.016377620282373,26.183628873782947,11.897695995443824,11.328534591905521,11.005001135847284,11.30265986394353,11.944566128579137,13.002381204994723,14.515917952372147,15.743011941810881,17.630233123813195,19.032760913750792,20.89800301464233,23.029798305673456,25.052017982589746,9.915390562151346,8.985707373379126,8.79434591086796,9.094924133823216,10.033380487153869,10.987801326926146,13.7850240841284,14.393730753352306,15.853941623457557,17.868140641935856,19.392977801255796,22.260122416554676,24.01851456689193,8.080957678394313,7.047749286119648,6.57353671930111,7.008239864616508,8.007658584130569,9.265237018015243,10.932092800557449,12.99165335898399,15.278746709072704,16.814814807187144,19.036114361917456,20.759704646261227,23.602819534962343,6.175419823785263,4.91543131373026,4.402181845403481,4.77072426367318,6.222648310807867,8.027382948383613,9.789364126438448,11.62076249649738,14.116491986325782,16.326777667378213,18.239900273850186,21.372541729986164,23.828215753597664,4.534575724364959,3.1333351241129637,2.2283072050325554,3.085966461256506,4.84159240333178,6.950209349364953,9.11382625465287,11.1473115144415,13.717706841888697,15.560798501362326,17.96470701124847,20.331344274297262,22.717778346484497,4.259642825402149,2.215005643333669,0.0,2.276431637453671,4.479693739531755,6.8969588225536045,9.17002181022488,11.284760387354266,13.323415853301285,15.216402334323314,18.059147543558083,20.601339204042052,22.738200126659102,3.309335280687044,2.3374332076018773,3.0788367933360807,5.233353418220482,6.891089101150848,9.251618723228924,11.477010847777395,13.543459306986527,15.488358079538322,18.004271993057646,20.36150645212677,22.557832453496058,6.493639734386256,5.173824310894215,4.4651076134848084,4.950586429909087,6.327147303485197,7.8862153153461385,9.824225669232156,11.952712537328084,14.21475434188013,15.69368701102453,18.25158387647494,20.71718557140424,22.81616698746746,7.193236058965394,6.903095899667047,7.212846664112582,8.118963480642094,9.278482257352223,11.147577718948632,12.803427666058804,14.531810658001294,16.89467762344106,19.189798982792915,21.246774437546986,23.318393126457064,9.279785019061595,8.962000892657844,9.316148667770388,10.0194962947246,11.033202617553979,12.689109385610955,14.792999695802065,15.611078694311935,17.886328438223423,19.914575190046108,22.125205919945692,24.1021850046837,11.279269701536531,11.302246192682233,11.918140123358175,13.116962491369716,14.737220531701356,16.258187137562416,17.792655591563616,19.211433600853425,21.243857512231624,22.9968231719079,25.027627654254406,13.828219986679414,13.568087558679741,14.175329449434322,14.97768223057226,16.23922033226965,17.4727813756139,19.049532487701637,21.538530613762862,22.335973674769587,24.22701075246387,26.21787796523586,15.74395163229359,16.41596640469272,17.000246145276837,18.185033104176632,19.30642393090963,20.455015644090814,22.18000597384951,23.87154867200702,25.471431722618185,27.337043914805417,18.46644188792199,19.13599595004138,19.989793220541326,21.093489516910186,22.416759645408163,23.642578814503292,25.326267786628172,26.903939376976002,28.625664359102654,22.037174796239196,23.092908543533447,24.225195190132112,25.676146069844673,27.224099691266193,28.491461966701532,30.3413652461454,25.119102790505874,26.146413367802477,27.33787733164373,27.448439992101555,30.2555737840154,32.788966101418936,28.057455711450388,29.293086641731698,30.933544510773412,31.898451451441964,32.77163508279683,30.97136267586559,32.55127724068596,33.25385899410774,35.10476436325987
J04,18.038699121610737,17.7179077771615,18.180799459869743,18.54257808396664,19.12473437724038,20.05992168479229,21.167680009864096,22.295714050014187,24.794003892070357,26.86778451975525,17.024540199371025,16.22016488818779,15.796164851001018,15.707357670849671,15.944411497449506,16.14111830078697,17.018351153974933,17.77298649636577,19.160947393070103,20.472702044429795,22.10572966450101,23.812686114758243,25.458381134706894,14.314532056619944,13.730639642784308,13.411418903307732,13.578403035703426,14.463410420782505,15.022599841572031,16.231268219088737,17.33404295021793,19.071028420093135,20.726554272237344,22.258429436957137,24.35705343427238,13.062892214207388,12.148769361544403,11.405200612001527,11.245002845708845,11.51041202564009,12.17282958066858,13.359697788498062,14.345185952088595,16.088275637867472,17.346348693601197,19.091338795380484,21.163450025929137,23.15647404075154,11.265800859237661,9.954324688295033,9.267379834667402,8.985040567521105,9.448739863071689,9.9483010107254,12.394235192217387,12.838184996330282,14.133874344991185,16.1016221853576,17.45080299012054,20.274003280062868,21.993723672902686,9.664769009138293,8.23023991144851,7.143028209380109,6.820221770587816,7.207652114246358,7.973994356657146,9.356470381506051,11.203903337676563,13.370252428432305,14.840973350828442,17.00487450703474,18.663528766018498,21.482621185507135,8.07869376817812,6.412044291799614,5.150686167880935,4.414897167545355,5.0304434198189725,6.313194595448488,7.933556894609127,9.607936927353343,12.032295084479934,14.204973776814937,16.09589342037279,19.207478048926674,21.638770505738073,6.719950595056485,5.119701553801745,3.277421242379441,2.301297460129829,3.1061658036878845,4.8866742269154795,6.9863798923333675,8.978598164524348,11.532397582463068,13.370055534664019,15.762451363921793,18.09228324452168,20.48886356048085,6.5297205146928,4.488070966462095,2.276431637453671,0.0,2.20328323190642,4.6263389413228255,6.90264304451563,9.019057600436978,11.050338682592493,12.943468970874848,15.789304132861588,18.33717197388954,20.4757336376502,4.95988518012262,3.1702966738146134,2.1473530217456096,3.23661752451537,4.722120286481487,7.012965421275083,9.234107699177002,11.286351270450517,13.212790204949142,15.728921545992911,18.086849863920474,20.282743256275765,8.149670545488327,6.396557902497248,4.8716564944585325,4.285437783937599,4.941074579481674,6.032734123098747,7.803851164649412,9.788444718135766,12.020060315988436,13.485207488207218,16.011483535263057,18.46871801181663,20.55409752336502,8.058995098645985,7.143725218679677,6.675000074906366,6.9329275922946145,7.755149128159949,9.274465806719006,10.795803119731298,12.452183503305756,14.759862499359539,17.01834551300449,19.048813847586413,21.10128870472133,9.953687608117907,9.07834990513144,8.878170363312476,9.087544717909234,9.685790468516238,11.06906183919848,12.945268517879418,13.6637752103875,15.84260710868006,17.824846535103745,19.996282554514977,21.94501412622011,11.353447405964411,10.856189018251294,11.119187964954996,11.935636220998026,13.345683946504952,14.741324906534011,15.979290660101281,17.305043542274028,19.26729874684046,20.953825832052726,22.940918835129512,13.831793556874683,13.19906061051316,13.443006360185953,13.952616170453483,14.939168517692007,15.98120427251964,17.39154429600776,19.737102928241523,20.44639589267507,22.27640879944521,24.180149420547426,15.432914436359711,15.774987099836247,16.048391072004694,17.00143335133835,17.921696459877897,18.932764246142188,20.514354242822268,22.093733885425525,23.60462931291233,25.41039466438882,17.860938077267946,18.296887713488324,18.93294028934756,19.842134285403876,21.000982310358722,22.08180015306723,23.657178466588107,25.138366792614033,26.7830036590372,21.054459860086652,21.92956055191257,22.89024781429856,24.204834434467838,25.648568868457357,26.80532156121243,28.571742473989925,24.032327644237878,24.906223419057334,25.946453823210604,25.940500477053252,28.654373104292475,31.106343934959632,26.896457945238815,27.99108776021396,29.523541064716476,30.377378063289136,31.17099916589136,29.75832315504353,31.205668411363988,31.752760273714788,33.57132183873611
J05,18.632462129305402,18.062750648779936,18.24140131678485,18.314113382853126,18.648909297865117,19.36796904685672,20.260619783214928,21.216758376340152,23.441611292741804,25.404751445349746,18.141220521232853,17.126369200738377,16.449362206480835,16.05192200329917,15.962140614591766,15.90847601123376,16.477742715554214,16.944615722995902,18.145756804277966,19.27095721545767,20.754337787556604,22.33121270777743,23.891772830830284,15.322601378356092,14.442130729224132,13.783588212073083,13.55666227358342,14.093889810836469,14.359308513991891,15.27420259784451,16.18495381519515,17.761321797659093,19.259543322727048,20.66329813945489,22.6758820115117,14.455001971635978,13.281392999230164,12.203518590963837,11.634663381464888,11.524499294980238,11.753770501417831,12.549157501601453,13.238920990775645,14.789074075140743,15.865630400333925,17.457190896590436,19.449305848795735,21.40116653362615,12.833604404063575,11.266973906067236,10.2108115250454,9.4297733270742,9.400955057865133,9.38221349149549,11.336989238770583,11.574049291410505,12.64827438823178,14.537630962436761,15.665367790128645,18.4234731253366,20.09249536518548,11.430271431597765,9.76047181236645,8.284348435453449,7.352074673178993,7.0873049884988015,7.218083194311355,8.165240535342482,9.681653009687963,11.65872278596588,13.033142406956198,15.112953979947136,16.686040303199558,19.469929686570516,10.074572447503666,8.216159017448481,6.590798510044135,5.129997465886314,4.724169344974839,5.104941233745987,6.412194164246744,7.807690375520791,10.10153067609063,12.210692404609986,14.06606931591054,17.14447607831747,19.54297218951099,8.881108320474421,7.211120925348569,5.124658525209266,3.337167811183609,2.4971305532550754,3.189899371453589,5.060156618129522,6.951508757097267,9.463419942071681,11.286813279221022,13.658419308250863,15.938243315999415,18.34596917581625,8.729364295296651,6.68990179300115,4.479693739531755,2.20328323190642,0.0,2.4413367240100246,4.718529008070206,6.834945866647372,8.85300276742304,10.746011911402295,13.595822078859374,16.150778959542478,18.291079929845587,6.899730139650391,4.929228134302571,3.1163138481224895,1.9809341230843596,2.7825817148827814,4.875654315063774,7.080365103580464,9.108594732449127,11.01024849855806,13.526560612365584,15.885170600279999,18.080577894525383,9.981126239057394,8.021785960744651,6.09559135769451,4.708850602854161,4.364548659369031,4.602922549858947,6.015879819278307,7.74932545451538,9.926312356560215,11.369088793742444,13.851722853132747,16.297402799219267,18.366351080168318,9.349266976613729,7.999226525108537,6.856824410760422,6.362817614862145,6.687965684720579,7.6620287783327985,8.96740452973992,10.510299567567044,12.734646441892291,14.941579735757529,16.93708947841984,18.96526957361798,11.011072336516548,9.699277705066498,8.985521798983072,8.659378846083591,8.743019158162701,9.742553104807795,11.297184073918597,11.882337228003589,13.926279797562593,15.844978920781182,17.964670356007094,19.87754335927858,11.836003421763614,10.856708018547796,10.742522981125058,11.108417934161462,12.241545694886737,13.466789855047118,14.340853984334405,15.546332332740093,17.41634089009514,19.0201620392677,20.95276482949207,14.174308730939932,13.197300329991736,13.063551163447096,13.247448999713114,13.909453799484723,14.718447642329677,15.922377963105887,18.08639513557082,18.691203920561136,20.4448284414421,22.245227825311208,15.435106251658912,15.438031124466617,15.380810284247056,16.06875928626725,16.756031302190863,17.603789734031704,19.012832850472336,20.457871345768112,21.863187919422913,23.597029007906904,17.524863822580762,17.71371155348308,18.112076772142945,18.802660769157114,19.77266125234537,20.687067095168423,22.13487185415809,23.50389214577024,25.058780576875645,20.289148947158925,20.965677213006977,21.735754185212897,22.895380341894302,24.219387358065024,25.25177967985623,26.922316115074498,23.13308524602804,23.839708806946447,24.713574832468087,24.582916222450095,27.186076675386612,29.543821858385215,25.901738493776822,26.843052304087923,28.2553262943467,28.98875273274102,29.695586911189345,28.69553362459043,29.99890774678305,30.38095880646297,32.16041039850083
J06,19.156037429489427,18.323443890273467,18.185808670499092,17.935523242994613,17.987258629374292,18.452274927498777,19.09166071875362,19.845642871925314,21.75318057204509,23.58804275475182,19.23863552853996,18.011991477901603,17.074684535885282,16.350707171251035,15.903530991575424,15.571716154618283,15.78086436162481,15.910749102415007,16.88050784188675,17.781430679222638,19.084990751897156,20.50993944408418,21.972521794277505,16.348563484294267,15.172875963376226,14.168551407959812,13.51742050096837,13.648000036635406,13.56944309837364,14.122754688799207,14.79471544167038,16.16625055478233,17.474336153342133,18.729518546935477,20.642407805292482,15.899766570613545,14.480394504294418,13.087329788768985,12.110643129082781,11.59850287752691,11.330241656734422,11.639231460882629,11.957414603500206,13.247047104921158,14.097793905430736,15.501913720570116,17.39568432111827,19.296541503595922,14.487354382357049,12.698876170748338,11.314015953674451,10.06863694846527,9.516896605511695,8.907019984259607,10.17206222945967,10.147009510195604,10.923969974327099,12.69036756756872,13.55794943935107,16.233597783609152,17.847430767480233,13.308079500814534,11.445522486981536,9.666940777722806,8.225780023803214,7.315774531790876,6.6885342190946435,6.98930740488641,7.989651431695878,9.679086837093672,10.92266020711072,12.89567419718721,14.378003547085386,17.124822831200326,12.205361321976502,10.195983719092533,8.328640945556485,6.4205442915690565,5.123672608588492,4.269085382139832,4.913498651673774,5.807118390389506,7.880931226701576,9.903159293881929,11.717045745408695,14.761447930335288,17.13413193015625,11.207216425143221,9.472711333087268,7.248139761345666,5.175286851953232,3.4104407339814604,2.0843975148709037,3.0118731713005444,4.65750244229673,7.094863071265012,8.898083445326863,11.248939194430735,13.500247590322186,15.91162750946615,11.15507534712339,9.11166400829179,6.8969588225536045,4.6263389413228255,2.4413367240100246,0.0,2.2780037313402275,4.394890214783528,6.427045433167561,8.319787076602381,11.163079010738928,13.712441649830275,15.85199798132715,9.291693118049047,7.287987719528622,5.327402462739229,3.1162196649145257,2.1428896378488558,2.922259399848001,4.953486146139908,6.863705486105883,8.635084076023812,11.14982676995477,13.512221504993175,15.701996115144087,12.304852132390703,10.262164732647785,8.179598339771948,6.424544263992583,5.312175637156588,4.3901868980716525,4.892713459829832,5.9287241460536855,7.912526903587754,9.280481937916802,11.633010831250868,14.038341533101407,16.05316345771138,11.366669608992778,9.763694485183361,8.16682227062644,6.995712472650659,6.675613080459352,6.716975509855608,7.549207176915997,8.817707298385448,10.83318905032124,12.911842626054579,14.821131704427971,16.787921402008052,12.828449984312211,11.214681136795642,10.086035742550191,9.241664189960595,8.711185281005106,9.121203100468708,10.110581239473822,10.453580869730716,12.219018127492896,13.99929433935868,16.006429208290026,17.841037105504828,13.163266008099965,11.766841717300355,11.266136205461036,11.09228849246178,11.824582698767852,12.778935166906512,13.094408654078274,14.087410833790573,15.78309681272975,17.233128241848604,19.05925363176638,15.314421079492362,14.025919613344431,13.497144290552724,13.301040936708675,13.539088595618244,14.015707830858918,14.90274286834474,16.765311926713444,17.201569376077288,18.81875885918091,20.43798781680819,16.21297566765583,15.855539410565633,15.422000518739454,15.771027233506384,16.14344325105397,16.755563195547918,17.90199480504896,19.135094068229716,20.36933727444268,21.98086470091657,17.901721062512397,17.806971443791333,17.91509977644557,18.32126897897632,19.031077163418782,19.70853546055617,20.963184323952312,22.159550108249036,23.571829988356864,20.12728546028997,20.551158264195234,21.06884156758506,22.011872841718855,23.161880946935202,24.013059197028603,25.536421832355447,22.775077782523596,23.26544478405689,23.91663492216244,23.620561487822425,26.055253788823475,28.269852935592006,25.40068428212122,26.14067791775875,27.387643363385614,27.956719585816934,28.541955031146692,28.089537643044252,29.20150511531897,29.364508390231904,31.083487609983536
J07,19.981550715597628,18.93122354735689,18.51089587243146,17.96254216418155,17.738637208083375,17.941508660087646,18.310070070865375,18.840499781056767,20.38501116016373,22.066074050451295,20.541140815446447,19.15611928340393,18.015845386769946,17.02440283827894,16.266906067227414,15.683344828192741,15.53789525643676,15.321023790856797,16.028115859326697,16.671511629123497,17.76014034291396,19.001490388914235,20.34334163799055,17.627897010137087,16.233374017745046,14.961698967697487,13.95548265019881,13.703167298110317,13.286524639649,13.44692027937996,13.842547525654373,14.959886229513913,16.033223786874554,17.10375613717642,18.887611839510047,17.50725706671379,15.921769876493002,14.31261157161753,13.035005945529905,12.19878026689554,11.485448924617618,11.295262458216719,11.199214481382166,12.15520053310516,12.721748621946592,13.879062288209532,15.635924341080703,17.463547320060723,16.26199034558808,14.34012402317358,12.74788531482771,11.194541750335295,10.244371332590399,9.136772843843717,9.614622665502791,9.289006674558912,9.67380406045109,11.24237030167571,11.76356442580224,14.310828417670306,15.846467177260678,15.247871228469894,13.279860315530431,11.339238290114553,9.608104183448472,8.278300308638242,7.053091308071944,6.639883508014278,6.911400509303451,8.129707313304705,9.160814210538275,10.960108119904657,12.307426091592019,14.994744746076872,14.31427434416429,12.231026326518965,10.254908336986732,8.165773080364161,6.43916547387936,4.731232080547307,4.449711226585384,4.440795086468188,6.020546985116884,7.8641114564838155,9.599618846600109,12.58309500878063,14.914644682324818,13.432481416328109,11.669953256118895,9.396113717915508,7.25079781817146,5.275473154135087,3.1633795219669736,2.1806074841658227,2.816919239168919,4.984901302934693,6.731487948440523,9.036741558769952,11.23432686011939,13.65223252805196,13.429328985470569,11.385027448363926,9.17002181022488,6.90264304451563,4.718529008070206,2.2780037313402275,0.0,2.1169121379972293,4.1648493370108834,6.054317467724996,8.889486486856256,11.43481862558388,13.574103469474512,11.529310473744733,9.511659897199857,7.499811730970318,5.0516064771516005,3.471588829340249,2.1696702514437534,3.305930731276746,4.888645006543225,6.43594406439335,8.938875208883944,11.300371011608425,13.480762775154824,14.486913991599453,12.395422461537969,10.235898885784287,8.317436263657209,6.840119370303416,5.244796659547442,4.739520017892107,4.681723721024127,6.246077248961943,7.467341695677251,9.615364475671216,11.956234273382233,13.90259745515204,13.339353994852974,11.587662965412829,9.733352813907446,8.154644566135302,7.351617033007091,6.487624295533767,6.691183751773672,7.538320834244188,9.223660444747518,11.110490763238138,12.90030402742509,14.786096780421804,14.641606810729483,12.83323341952448,11.428857598202892,10.218564772021558,9.200701060245356,9.02690517287071,9.365525078712887,9.420487142393434,10.810028908379477,12.39834928528794,14.255252961627864,15.989662973308725,14.601126840076418,12.908956154546345,12.10837082352535,11.471130938142064,11.799020679700497,12.45371546969016,12.179398712580191,12.918495307116848,14.394886661589245,15.659974968051515,17.355851635687603,16.565976216329663,15.044989199065581,14.19360930137222,13.66592130081247,13.501498324260163,13.639677745460117,14.183491389640281,15.697752737255101,15.949523503854277,17.403711385793546,18.81776620643375,17.14744158759551,16.484228614041967,15.721741283967244,15.747050803245667,15.807619207205112,16.174164120596775,17.035827687553077,18.03486334852582,19.079060616288213,20.550822124674234,18.458497663677832,18.108867468729237,17.945817702183426,18.07435420699727,18.519657475234254,18.952376447295467,19.998120411678695,21.007966917338766,22.264214336014643,20.158178811589107,20.337104636599577,20.604603417683144,21.324642951289945,22.291105490755722,22.95401631523338,24.319086845521152,22.589664561475896,22.867875983571363,23.296663645251865,22.84037779897697,25.089826324628078,27.149381908249772,25.05461356716563,25.594860519252688,26.67243738393625,27.07706123271135,27.53923067189786,27.623121945211047,28.543504515038094,28.49223574941075,30.143459008547776
J08,20.955099856598153,19.72953298991134,19.06744138577591,18.258596495897486,17.78262919255755,17.732453016996832,17.829886174622654,18.128298017188484,19.281214303046372,20.787912473358165,21.905749496422168,20.402003847661632,19.105640214345083,17.902190508426614,16.888971608715554,16.09234911378696,15.623959165333222,15.078379654326255,15.510576165958504,15.87899408023065,16.727160787174853,17.759592450278806,18.96098947840012,18.995914613410957,17.44068590967683,15.96935443278782,14.68439583367324,14.10237302726034,13.38503111688576,13.160110789807204,13.264856765152047,14.092183116891434,14.895308925967262,15.750211585880363,17.37669301104212,19.132490402454145,17.431788921393007,15.674354755459634,14.182585554122351,13.10416136194911,12.0348495628321,11.39659321902822,10.896105726359304,11.471723889634024,11.711548872800728,12.566677086644663,14.144706041484213,15.873869408559464,18.02062687588864,16.014108904338073,14.287848438445867,12.535316908638567,11.308353770553873,9.843490488642736,9.579704066410402,8.963899709389882,8.899699994943651,10.186143185720491,10.280438949772524,12.639791651763884,14.071089119183346,17.131590702558825,15.100197515264494,13.06639919794279,11.168307168053715,9.590836303472184,7.99365460850042,7.011299594226451,6.506016446336422,7.066991580580806,7.779855654187936,9.311316179788976,10.468574783608322,13.06647653348063,16.319252464497264,14.193594611654936,12.160341113636575,9.988651210248559,8.064441270168691,5.973002092750344,5.019643911673416,4.0160224102960385,4.6510670818641175,6.131550537996079,7.721771105128667,10.601920627886251,12.874557895322075,15.51651971287376,13.738305281220097,11.440822435472024,9.269120886038761,7.228929242979212,4.9631140426147775,3.179696840895371,2.124889879499641,3.24540074567071,4.818510662019957,7.023842039795599,9.136100973610132,11.56157506570796,15.544351835956364,13.499685070400718,11.284760387354266,9.019057600436978,6.834945866647372,4.394890214783528,2.1169121379972293,0.0,2.0894738572186062,3.959317239120907,6.77807059567839,9.318132216275965,11.457208909677783,13.618596733878274,11.594708491376572,9.559838126244607,7.032216222500557,5.312944569633679,3.2230004654048683,2.7400899620267944,3.3984645062145344,4.4575604314467805,6.918390636557031,9.26913296916168,11.432615536262906,16.53448257430513,14.41356878083981,12.212798246102324,10.212591297021536,8.556703220282914,6.658640476854115,5.500927285467424,4.336040820841058,5.123819864124811,6.058152276065698,7.859881996569668,10.089999256689765,11.940619121301877,15.24314383583649,13.400848405977884,11.397925162063487,9.588081403492568,8.483523442532588,6.956379805617287,6.521710281820253,6.818385879370571,8.011042940841099,9.608484792099116,11.226082887632712,12.999231246500694,16.4232923922093,14.488652421809284,12.904230352872657,11.451454099807588,10.092233300910161,9.430687885833144,9.125111999312667,8.872147259823858,9.785049821027995,11.112158116225668,12.766812758084924,14.369600725141948,16.102271392570678,14.206546096782285,13.187020323029763,12.186601987428654,12.149852674003913,12.506512383554417,11.654084691643527,12.10463200597193,13.313188536184711,14.356507270224188,15.89144678750176,17.900506054299136,16.211405768778967,15.109703504701871,14.311557078109985,13.793456564617877,13.61202446368651,13.80710777099969,14.936670847280528,14.990673267068427,16.25274945970681,17.432991768483113,18.217241284014438,17.30543065052124,16.2697781177249,16.003620840297362,15.77203664718035,15.895166372202588,16.46009920990758,17.207175973994104,18.04287740356288,19.355659869919187,19.191736789566495,18.622464391159404,18.21706727220383,18.08624253403675,18.273116920766416,18.460857239034162,19.28621499932011,20.09739448286767,21.183954895155907,20.401716790505645,20.351408845581183,20.37855797155432,20.87513434687308,21.652022930894933,22.12165292196765,23.317685048048833,22.608108368459312,22.683535196260745,22.894996352915193,22.286123776915538,24.336165392271642,26.229591018542397,24.901608180999077,25.247442999242516,26.15436944374687,26.396024435509222,26.73440332231112,27.338700499475095,28.070038421776342,27.810807341751154,29.38777177671012
J09,22.507326296119672,21.163034399631826,20.32268269692759,19.311348192190003,18.6247711395335,18.344990297081107,18.178176036115392,18.233064745127187,18.933260944697295,20.213959978193287,23.710804963138642,22.1385508107464,20.746845856659753,19.405583371803072,18.214165394000354,17.261136376264453,16.531344077237033,15.6988174076903,15.856055625533104,15.930063967228756,16.494258789045357,17.261737600832657,18.271716531295027,20.81234684027729,19.16654966341099,17.576459085947885,16.11199435203476,15.290884604887973,14.341236801615125,13.777166508393517,13.594235395931616,14.09365992210682,14.56727308043616,15.137332393787222,16.532285171748036,21.088597867093963,19.333187476461298,17.501602212369015,15.893556493120098,14.672350663748464,13.372666338468182,12.400324189310535,11.559229602356725,11.739753404565192,11.609417987134412,12.06746369375106,13.371870325425686,14.936072074009283,20.039372944281464,18.000025138871333,16.216176429725966,14.371096861409015,12.999792998351936,11.337644552551469,10.526858838229,9.681488160401788,9.173242883517258,10.081176518641067,9.61158478087771,11.629382958695617,12.871401011544936,19.196218403633562,17.146381542471286,15.082157173295867,13.12199984758421,11.441781417244432,9.678587138627208,8.383479051086129,7.302666704704522,7.126925353895605,7.372057039931256,8.423592820168839,9.220047342611643,11.607615603559587,18.40819958605404,16.278093408013113,14.234773514179986,12.04518326967257,10.066555418811342,7.862919877500978,6.639706620024713,5.0980436443796755,4.584325468375909,5.275310891312474,6.480820935653137,9.06522156375673,11.175955977007067,17.593346156999242,15.821417161556672,13.528546300323624,11.358482513082459,9.316096446473706,7.036511919978534,5.130532233599161,3.512184505404009,2.86381511274733,3.701683941127335,5.491230827419296,7.287803647190283,9.725652934379264,17.580058162588657,15.537676789018363,13.323415853301285,11.050338682592493,8.85300276742304,6.427045433167561,4.1648493370108834,2.0894738572186062,0.0,1.8931397201474591,4.74768364573715,7.322163136669382,9.464557940020232,15.54228586791531,13.511940349187455,11.448546195915009,8.850183839898468,7.052739396858501,4.679076938884421,3.116706595109652,2.270198229230214,2.4173642671306284,4.8351235764972955,7.18128658389289,9.343155409175212,18.376019835644495,16.21698381327428,13.971878327554961,11.893449625739372,10.085518776939537,7.990890939063053,6.391111953330187,4.409560182149689,4.15631627766704,4.632553723379795,5.973287871850812,8.087087980231203,9.874397703151317,16.891934199492965,14.956866149030017,12.819801597528723,10.823315665728316,9.481002531378207,7.447986103639023,6.440788305789905,6.128544443830036,6.696443384364568,7.937527637747159,9.370521116778939,11.040811564373337,17.91967187199587,15.861159667565294,14.110040822052927,12.44652208450216,10.802300218009126,9.704628019661547,8.779609672417106,8.224302766800356,8.59932258959972,9.624647162363928,11.061487829401612,12.53614119256799,17.293805393839726,15.212353039553085,13.993022618433802,12.66157592876969,12.27010484877778,12.322992534283221,10.918863356595319,11.066838256701866,11.98585099189874,12.803872617298252,14.180541738593769,18.89892340849076,17.0558145510556,15.719102677952073,14.668107478471788,13.812938463628948,13.32026925403537,13.165484951189606,13.894928895104142,13.756494975101761,14.821684789523761,15.781200366258581,18.93907835666773,17.78695333664537,16.49427770470717,15.944126724283146,15.428311800064192,15.30973484420942,15.5757511857374,16.070517664344234,16.701501369637402,17.859221595579132,19.561722879133114,18.77937605459777,18.138646283557108,17.75376945890647,17.685000452360754,17.632533255320972,18.238023193317854,18.85556013487799,19.779309239708045,20.270005550073243,19.994449854897233,19.78664691149059,20.062636043152455,20.652451912545395,20.937802964972235,21.97213137135312,22.23387013095111,22.111134073131574,22.111614889012515,21.361992884560188,23.211530259765297,24.94363854773397,24.343005258184537,24.499657813936913,25.239418257955155,25.327610566336496,25.550500425627675,26.638849975177234,27.18713850334382,26.735312453756734,28.23760090730089
J10,23.70428326273545,22.250769087831546,21.24640529595536,20.0545208120264,19.181220451264302,18.69556121115384,18.291073505948194,18.124720135770374,18.40748586852642,19.473108021063304,25.16278319264385,23.52257507162003,22.03922922880925,20.569975887200258,19.218156129035894,18.128897511983457,17.169309392051854,16.089184255269128,15.996464171809968,15.803040846621892,16.10124606979224,16.6182858622663,17.44449876035422,22.284213358339578,20.550476588147536,18.851353797539314,17.22828279312828,16.19736676129796,15.052292217466414,14.19582773211904,13.75919394441404,13.952574099426958,14.11690890386419,14.41679194550577,15.582908489752482,22.71663870382236,20.90166816309167,18.996229362691956,17.279354733322652,15.931655281231766,14.437271383471325,13.186656968314601,12.066856467199733,11.892949339839971,11.431332380785713,11.510338048901954,12.532411180614847,13.920716396795102,21.749001126488544,19.670343794656972,17.82385199669252,15.889221535367929,14.3887266983566,12.56963141862163,11.307413718441543,10.292454760648695,9.419445896654432,9.94986241110901,8.968207847725207,10.600813648017779,11.643363517472087,20.977101158167685,18.899143525567503,16.79634891873826,14.769300389659627,12.99447297892454,11.101613801605604,9.57809506112776,8.0854098844771,7.299375932228727,7.094791399329511,7.614725865059096,8.019707039537042,10.157202075374892,20.252959536818317,18.104530289405467,16.038793127913333,13.82207806373557,11.781570183978024,9.488732739412571,8.080720883683583,6.2509347301023706,4.925244562455757,4.7402739372318985,5.408575598066464,7.582194932867394,9.51429545473547,19.475516142069253,17.697055489544013,15.395111594269135,13.216824769966498,11.157004122971362,8.853201567794557,6.851415401214554,5.010868387814631,3.3598293111406714,3.1445587925812424,4.149087851564485,5.532270781514585,7.958462225832324,19.473189389517064,17.430738653310133,15.216402334323314,12.943468970874848,10.746011911402295,8.319787076602381,6.054317467724996,3.959317239120907,1.8931397201474591,0.0,2.8620373861988595,5.448364984103029,7.588574635595278,17.414596176770797,15.383786594983695,13.314097190572104,10.699565598658666,8.886618085638652,6.461166535541396,4.61555045471285,2.9575222737960907,1.2063598136542844,3.08577931809778,5.374864184330614,7.50332093142763,20.21665019235383,18.044341883260802,15.784512979499874,13.678476888893734,11.811993438873897,9.649739685608106,7.872202360203909,5.560105484610881,4.4765420806689615,4.306040408542399,4.735756117031365,6.536583358299656,8.147489429265926,18.646312906309387,16.66977867279587,14.472728871916312,12.392193187648424,10.934981892989125,8.650065028657298,7.29424019346772,6.481698311399567,6.307720983049266,6.983288695163619,8.079033853128728,9.543874789622924,19.590109800611124,17.469243830229175,15.630626922807672,13.853713509380798,12.050864367338967,10.67429084295533,9.284030374788744,8.476561213133541,8.260042675434551,8.870407262352726,9.971491413023431,11.23337073188631,18.78503843488216,16.59862816620699,15.258210248911896,13.712042043401121,13.057096959125332,12.857015866833175,10.979391467654297,10.807242247678174,11.371889640688568,11.893206464196272,13.039121519488956,20.25495988640807,18.318450261962667,16.826648061928438,15.599221294667243,14.488760782068287,13.7384868526341,13.261996983863328,13.567819463716342,13.217843243131613,14.034810508161483,14.704120000870503,20.10070319665459,18.778959209711278,17.29880299327095,16.52123012974518,15.763529458848993,15.421920924450365,15.387383565765818,15.607114787813922,15.999130788889751,16.96104389476072,20.452316445820998,19.505435883363386,18.673453055072596,18.06868406940583,17.76272966072501,17.47466191375387,17.845485815746233,18.24579474837969,18.97584359126097,20.738371223410965,20.26426818318392,19.838837113097128,19.896137941821774,20.289320146323288,20.37541962758068,21.222331752189717,22.469542162669892,22.162526931737723,21.957635141335235,21.07144669926581,22.698043197597453,24.24473126268881,24.39232520691703,24.36502872971834,24.933078831143174,24.86190228039681,24.960461894764688,26.53931351787382,26.903330091273087,26.255214377338454,27.671851925738544
J11,25.432691894488872,23.832002118999572,22.60042238543342,21.162453756594484,20.03162000438307,19.25336928955553,18.50437958970795,18.008035151009672,17.64053202145559,18.348515416785084,27.258967918833612,25.526470417979844,23.918967222687524,22.27760997055115,20.711636849848443,19.44388770282322,18.173379350027336,16.76011479674289,16.30309541160819,15.713160662323796,15.593509964084417,15.702852129469983,16.2173729376863,24.424511479249695,22.573858022057284,20.733716357662463,18.907049531854515,17.599946931738174,16.205864154681784,14.958888227405138,14.169028759939758,13.898377243405074,13.577670823819526,13.435096278032399,14.19593156506469,25.088066087285405,23.19181446114124,21.190332229580545,19.33392919196716,17.826999579289836,16.0921839723513,14.493988408992191,13.029325730827363,12.359709138972487,11.427959835421193,10.907620272085016,11.418895568311324,12.465756655734943,24.249050455636404,22.11775045071266,20.188473394489243,18.141792221277367,16.482101140327952,14.487133739977692,12.67028164643549,11.474819955014546,10.157139607192569,10.104791932543689,8.387824628591133,9.247676897469981,9.891156858527722,23.592425500571153,21.47515075616467,19.321950341515734,17.210973824859536,15.324748676568891,13.295118239414045,11.532588651295944,9.61679681598816,8.11947689201712,7.296458387464428,6.881698627519226,6.516918980622669,8.047822065627445,22.978869249812966,20.80150054683556,18.70397275981763,16.454140512345212,14.339961575959679,11.961756936169534,10.374422586341854,8.330139794745344,6.300649172902741,4.990567602988662,4.5289756016123555,5.53329576292466,7.016242014069925,22.278928362917277,20.486392093289634,18.16829890220876,15.978594587760213,13.895992695737862,11.569485727550727,9.479882963412576,7.496886020208657,5.255891646523927,3.9590407929194162,3.028695428728349,2.970589503785402,5.283033692870036,22.318000022403442,20.274114037363017,18.059147543558083,15.789304132861588,13.595822078859374,11.163079010738928,8.889486486856256,6.77807059567839,4.74768364573715,2.8620373861988595,0.0,2.594249987954129,4.729490141653749,20.275834138205017,18.245013346117343,16.173887906128197,13.55421388351239,11.735990499314491,9.29249057034765,7.333694839574387,5.404118799582408,3.035867256650066,1.8024205946448792,3.1007736131488217,4.961454726186665,23.063485968083835,20.883687988475597,18.61552481129662,16.492783997857973,14.587921339245012,12.385834570185411,10.495567254798571,8.01636208014583,6.362735653789178,5.527320689086168,4.325541353403063,4.997292466926465,5.968246811250352,21.430459654426453,19.422161697401243,17.17947825168157,15.036070031760293,13.490514037648826,11.022961353465773,9.400137977710752,8.141671634253004,7.063559584232301,6.718916951414119,7.010961845567269,7.905159074933281,22.298518784887932,20.124545858229943,18.209912465467813,16.334943281199354,14.396474915756288,12.763255266584618,10.914362372580452,9.85596956164131,8.866244357110851,8.765564043460067,9.175149753546261,9.94419307938055,21.319596736336266,19.036868045978572,17.580698564050294,15.823116159593848,14.883602151361075,14.386194945154886,11.968885369991643,11.353990003518588,11.338864317029286,11.327657922094929,12.001139279251783,22.638824748648062,20.611676545104235,18.959887367808914,17.54568599399864,16.15129991672497,15.097649254105752,14.209445942752307,13.892711362437499,13.225482751113473,13.602449779359599,13.7356355877695,22.266718415608526,20.75786764096929,19.06983421532552,18.021508177730297,16.964778365778905,16.328421264776335,15.863770831678071,15.657338790484161,15.651897265188012,16.25749845455936,22.29226686544013,21.150671502342426,20.084604775797803,19.197612611989022,18.569106629022304,17.945946311075378,17.95298554558545,17.999907999764886,18.394893693631396,22.034099595853696,21.297108371795453,20.572300211692422,20.309161602587146,20.397302027474126,20.167944193695103,20.695404731485684,23.426336482685464,22.861599462854738,22.358328940240593,21.278744323855204,22.535142710886035,23.763690033326053,25.06224142011245,24.764941207279296,25.06702443450359,24.7488985007414,24.648499589224492,26.96931122591009,27.05207570594168,26.105203925654365,27.372751871158297
J12,26.954460892401464,25.239436839993083,23.824799789295188,22.192786440643275,20.856505771581205,19.83706051813121,18.798264946531635,18.015139993905127,17.05027298901692,17.39998209769194,29.09002139909835,27.285855768144785,25.581525286815875,23.8065770954163,22.07556155571133,20.673726901553092,19.161025859801974,17.492431534809562,16.72990427348585,15.801794233567277,15.299902483349362,15.016808715569363,15.212610887023962,26.30797308802029,24.36841999391836,22.424028741508515,20.447571616209096,18.93107226228879,17.357316900949872,15.815000727157745,14.748049803279077,14.07752396552746,13.320948014311895,12.755477921269748,13.08323415673663,27.170167923662156,25.211064257583413,23.138895760169714,21.180216736379258,19.55840251656561,17.654196781502126,15.809956514804208,14.109605380732658,13.055116429967217,11.760242897151402,10.716254989500763,10.693346763291649,11.340119664271626,26.448342500050924,24.27820883014231,22.28721384561112,20.161141683942404,18.388889498825097,16.283768759104877,14.08001569601398,12.786138822959806,11.183236740765171,10.65270956142145,8.408677957919426,8.401906985916947,8.55731786250809,25.898052204750844,23.751102900707583,21.562031815207025,19.39210047931889,17.431524460012096,15.321497120059776,13.417358085703757,11.264999689303147,9.347557221006994,8.126147549731053,6.932174622728427,5.78847561971198,6.393594059681925,25.39026059338502,23.189282783216907,21.06817096949804,18.797747232048845,16.63484069656214,14.213013543932195,12.523582115353419,10.39606464004529,8.0662296644715,6.214783986591971,4.920956106286663,4.244487365984259,4.889425835412579,24.77102993417916,22.965207162139862,20.634111611600822,18.43796870590684,16.341072486223172,14.006265490843733,11.869531583006973,9.831096836060562,7.39976553682615,5.766982659935783,3.7874995709570713,1.519767416416078,2.968831756768982,24.860930674453844,22.81592419780536,20.601339204042052,18.33717197388954,16.150778959542478,13.712441649830275,11.43481862558388,9.318132216275965,7.322163136669382,5.448364984103029,2.594249987954129,0.0,2.1425144106866587,22.861579494864305,20.830854927246747,18.762349559690016,16.146348968110406,14.329518903298881,11.886536922081218,9.90854868282939,7.930382903744308,5.567335179419324,3.56328009002941,2.7768287667769505,3.425432235499631,25.657584336799907,23.477841148623522,21.20890107949962,19.083205836546437,17.16815336604377,14.954735871957084,13.027598896189582,10.503741143040417,8.672804967252521,7.6067581136776,5.643576614169422,5.071250831895421,4.9511979358535045,24.01074363696385,21.991102791811056,19.731063073235564,17.563130273388055,15.98149461095551,13.443450152397636,11.716161871534553,10.273171370127145,8.75405100510615,7.727839542847664,7.251351942913818,7.401268607475343,24.846495145191003,22.64893430163989,20.699117976377643,18.778418596889356,16.777472425845318,15.019212828906847,12.94227047314342,11.767492213721665,10.329042743642802,9.702578317127877,9.467629059062252,9.676278881884297,23.778767419696084,21.447883345449267,19.931493095099523,18.061488753699127,16.958841116066864,16.27930465345495,13.557241976154295,12.647980075885634,12.177878674054853,11.700649768282101,11.88253192716098,25.007849427729685,22.932416292227035,21.190328548656343,19.668914001540603,18.10580746611429,16.86493528004184,15.706031484751326,14.924517412633483,14.019728563706218,13.998683830989256,13.616109649969774,24.50177993534347,22.879419791594366,21.06590733863605,19.84387996335394,18.590680030595976,17.749562529820277,16.963537897502395,16.412714613981443,16.06027761279362,16.319348179385106,24.311717031094286,23.043721400850167,21.82171395651588,20.739178021319937,19.87550094966162,18.998486518667747,18.704370211263463,18.442779535633992,18.523342274006602,23.66833268314437,22.741310472354048,21.792872527503114,21.27503123381961,21.105772314701017,20.604571240382555,20.83249788191517,24.789934247593315,24.027149830972462,23.286138580709338,22.058646309327322,22.97602789865994,23.90008002078654,26.181981323039704,25.66496339370076,25.737833339269255,25.2070707937277,24.92930815325608,27.873839007212478,27.71631355357346,26.516111800186692,27.637272405213942
J13,28.49874274419838,26.713854457939984,25.18171537048261,23.425504946532104,21.954547979860575,20.77014689404001,19.526647356881313,18.53171414089911,17.08919450998203,17.115620263373454,30.830533063831382,28.984897257019902,27.223334476143805,25.36826996466255,23.537051344635337,22.054584103990717,20.38928856041819,18.56039829852797,17.587200601573862,16.418813751303716,15.621755343110454,15.011666929425258,14.916249729741052,28.08816362811923,26.098548254644356,24.095779236206493,22.03406474075993,20.392591620488062,18.714957066474934,16.992474805042377,15.749476848454364,14.799355154870769,13.719971136995879,12.813896870195265,12.736299305528275,29.069735482112666,27.07684665909234,24.967464128341106,22.95368390912448,21.26934613475459,19.2729101071945,17.291477120246263,15.463045624973109,14.172346347729441,12.656332841704188,11.254046072413246,10.784898006008216,11.036093964804756,28.417174472491105,26.22825163826213,24.20608198366683,22.040438153539508,20.210219617807226,18.053154765857407,15.640779328409439,14.306173842086501,12.56119038944956,11.73551076860313,9.222726765984126,8.50788252152085,8.177739602115,27.926171882304242,25.765699078425953,23.560624100392587,21.363524826207872,19.36877458694793,17.224790564764493,15.25763893923303,13.00278839326396,10.89585875459112,9.491075492271673,7.872196961458726,6.24599215497426,5.8301441663135565,27.472730570513008,25.26177325525665,23.13108946850537,20.85346621068066,18.670871779325143,16.2348270702216,14.504440871677888,12.353769950909722,9.922828880918988,7.892084388803759,6.285616039816622,4.442412070035827,3.849990779209737,26.889815544179545,25.07914551973412,22.74367362586792,20.546158424386785,18.445111493292742,16.109613806668364,13.958398905318617,11.905543288737393,9.423389729815911,7.707470726509443,5.489950910527343,2.79290619248123,2.024235658217689,26.997559037809324,24.952431645032114,22.738200126659102,20.4757336376502,18.291079929845587,15.85199798132715,13.574103469474512,11.457208909677783,9.464557940020232,7.588574635595278,4.729490141653749,2.1425144106866587,0.0,25.002887533243037,22.972110329701973,20.90252408203373,18.283634676945393,16.4644851726375,14.015454327277443,12.009851997422782,9.997257473927537,7.652273714393651,5.453855608649719,3.875080644322128,3.1215460912823314,27.789997373155686,25.60634720142645,23.3335251730209,21.200524922746606,19.269881213956666,17.04407383814093,15.083299539556988,12.530432793802454,10.594072776793634,9.410629362587818,7.125621165905468,5.841870334062542,4.815619690133348,26.110248754081223,24.07633879974279,21.797811312147832,19.607193807375904,17.995131619413065,15.406550814507444,13.611546017995165,12.057918311217737,10.289607621284691,8.870128747656372,7.885768510424333,7.418845260550998,26.906274231115688,24.685372693155756,22.703657612816485,20.74516206251472,18.697096378849846,16.848756452628784,14.621978149347646,13.381224196612207,11.666582190170349,10.695674359291237,9.992883868033292,9.737772897331299,25.751800636072034,23.381360867152278,21.817125223090233,19.86243409051368,18.639149444113592,17.82702712176094,14.91340048412836,13.807699011783244,13.013183507504994,12.19333904228042,11.97232128703536,26.898579534986602,24.785587041665966,22.97331060165252,21.371786308121276,19.686048867154625,18.31254329687714,16.962999056770595,15.842652934404642,14.7743008294809,14.442556179568768,13.6511190017522,26.27927951828208,24.56821772127559,22.661621919006592,21.310280805282694,19.914712752133788,18.924623378022613,17.90111510493131,17.090725701385534,16.46949656182605,16.442602135915106,25.91261794956272,24.548130845341362,23.208881748158397,21.980117401870263,20.939930897689226,19.873396337818054,19.345312636398514,18.840613498503707,18.6644738741814,24.96331909021715,23.89113078110787,22.77279299954224,22.057539164648446,21.684399945583,20.969589886309176,20.95053698595814,25.862427573605693,24.9462311582331,24.020490794319755,22.68512387006075,23.319932461308717,23.986395665043133,27.050196635144818,26.35925055839031,26.245983635596513,25.546123972141057,25.125520671221917,28.557926482852356,28.205937761400524,26.806883612236614,27.8003722636946
K02,20.390022780762163,20.542227848994376,21.45915622758733,22.233822455889133,23.124846594085763,24.296913240162834,25.615645726781903,26.892882180978667,29.58839367049181,31.724087756781913,18.26701360376129,18.001850627088317,18.130101626852507,18.61166440703249,19.359247221935053,19.89960313674622,21.13466462946597,22.181581774075536,23.726402550745025,25.17918386286577,26.90772166126296,28.684163174127985,30.36644083523784,15.979148068654975,16.06771894202783,16.383866332462553,17.142614036371466,18.44297031391636,19.31274390137248,20.777693928826654,22.022640214106936,23.858957982275754,25.597528884640408,27.181023417082734,29.303005664948433,13.836014238211812,13.69151985719628,13.749438170339907,14.331244886610513,15.129654325198576,16.28560459424212,17.825219044937427,19.03171839325078,20.88612793219461,22.233070143369766,24.02960028797816,26.1172305193334,28.114654274950635,11.685098630306891,11.292499147664346,11.555249023712124,12.188807365776194,13.279580716272633,14.29614556445198,17.072616348995837,17.64100181395603,19.03380006724879,21.023696392404453,22.410673528477453,25.229431424429684,26.938337773515276,9.598522646741008,9.243151518827332,9.373640968161732,10.180115225281098,11.30514820778569,12.559399547749088,14.164811082397112,16.12840714391846,18.327698191535127,19.79958830380066,21.9502703855784,23.572761335914805,26.367446027251102,7.231213591092438,6.95599202127202,7.260016873258629,8.042137153767026,9.516590355794452,11.189663846604152,12.874367168913585,14.564374377226095,16.960567973980115,19.101388143273777,20.96513682283042,24.041798601602167,26.425819684543374,4.909519019211556,4.713634372753152,5.254572580143888,6.380301638637471,7.96137908907747,9.842288859813047,11.905981227937495,13.847112117694433,16.362098306757602,18.181208155675463,20.540565182097595,22.754694021234386,25.178555022081785,3.3415351262555957,2.589642832515712,3.309335280687044,4.95988518012262,6.899730139650391,9.291693118049047,11.529310473744733,13.618596733878274,15.54228586791531,17.414596176770797,20.275834138205017,22.861579494864305,25.002887533243037,0.0,2.030821016239491,4.109824327145869,6.757476452049241,8.589758378441154,11.069029270898149,13.237010916366279,15.349017232383316,17.50057301918997,19.98001326325886,22.29510002220219,24.48754918320737,3.2207230554644095,2.049940974760005,2.7626918032961987,4.612828416492423,6.634176135738333,8.753795291186561,10.897066118914761,13.34694710411336,15.661413122703838,17.16996540474092,19.85829181979155,22.352386405035144,24.548101678133893,4.237766510793156,4.727082927133815,6.072157524307155,7.805207748676521,9.387935502547938,11.795368964131644,13.693251622605933,15.564816124837453,18.050230801848492,20.444277072080588,22.58972518646475,24.735410609084298,6.385481187819756,6.697945953798075,7.745599137574834,9.096240212307501,10.690389141654292,12.734260755929258,15.22117800960228,16.250523006968116,18.73078281866511,20.863872243665604,23.17742386461446,25.23945090527922,8.912185197806428,9.582981216719565,10.653656836973866,12.370774632172393,14.27075012043866,15.963132806564005,18.056325567512342,19.662356445756952,21.839653889198885,23.756911752161727,25.90201200679206,11.439566775013816,11.632080639335339,12.700655298054505,13.901428164041276,15.560683693205771,17.094602335240207,18.952698699657525,21.699317523830096,22.691436710794672,24.71204827609399,26.926166177159345,13.662372158596764,14.737077491823133,15.745043950399122,17.256791967222647,18.689555505682844,20.06335677298293,22.03814885601783,23.943680920025642,25.729766302864082,27.725098557083616,16.688039309637308,17.66217599844368,18.819474833267797,20.21143042933874,21.793772803257358,23.269130473655434,25.1457801628822,26.911450982806556,28.792906070766808,20.716209909150855,22.03300081695637,23.432393006263784,25.106138233507757,26.833085249370786,28.310845360038265,30.324545915808862,23.9100783143845,25.16875904767655,26.604008664109248,26.925507200422427,29.884770117904537,32.56369908348866,26.930266263072856,28.384305258364172,30.19717794761623,31.358092177299305,32.37886573059655,29.90006732433892,31.688629664281795,32.665274191410056,34.56429806896127
K03,20.045159640172486,19.98792007688644,20.698890888161134,21.274375784027132,22.006851478573665,23.048948023716832,24.241508203905134,25.42016306005923,27.961955046097906,30.03751550977544,18.373907695425054,17.882606185900308,17.776298405461134,18.00899247598266,18.523625050189285,18.897500813599667,19.948251176481612,20.827755519978624,22.273261638116676,23.62498529100071,25.27412718572097,26.981275822317965,28.618598725304494,15.888011360771367,15.69305355882022,15.732851299112948,16.222233939874002,17.321099849605396,18.023618310428127,19.334090953546276,20.480488275429373,22.237442883569145,23.895469884478103,25.412841242175187,27.491297986817575,14.079255235984608,13.618991519198474,13.342059960890598,13.6079818489003,14.168081098017474,15.083715225368053,16.428029340124763,17.488780889473112,19.255240793093186,20.513587935804892,22.23582595722498,24.285339939972015,26.263205002436393,12.028619205877291,11.254912038750014,11.131048917330297,11.383309931649935,12.199258092195606,12.956061901673671,15.533445367979379,16.00476694613202,17.299217467850966,19.258304079020043,20.54053441369041,23.329549502722937,25.01444526668541,10.078855341753844,9.273697213086052,8.910085353126535,9.265840274902217,10.072733194123629,11.071443311510926,12.521997644146081,14.362051559578806,16.486294944589584,17.917195790636438,20.03084062140179,21.615027573426783,24.39325578925454,7.929381312561529,7.057900608537924,6.7382410909672865,6.9463282387172,8.063954488958876,9.483484433476969,11.084467150025752,12.679263582716466,15.025440958587538,17.139201060726258,18.987021356705743,22.048158607920072,24.4182588240849,5.860264243189039,4.996833097072584,4.565736413767225,5.014316802915428,6.27027567177074,7.969707146438946,9.97482937197424,11.878925372271686,14.37402201890619,16.185170125766366,18.53420891217103,20.730272019440555,23.156027919312933,4.783196107206979,3.1854550695308825,2.3374332076018773,3.1702966738146134,4.929228134302571,7.287987719528622,9.511659897199857,11.594708491376572,13.511940349187455,15.383786594983695,18.245013346117343,20.830854927246747,22.972110329701973,2.030821016239491,0.0,2.0852304429007362,4.737038104132159,6.567955008981106,9.04708024723999,11.225247614195421,13.336856151282431,15.474720869857395,17.958099231266097,20.278069262136373,22.472176240853933,5.055909908216324,3.2272403071354945,2.128046052133271,3.05672046481192,4.8858596991727055,6.875475401744959,8.991083805637672,11.388083464745067,13.70117443871145,15.208388540539067,17.879679751046996,20.372628794537047,22.556057855928636,5.011478923431685,4.565666325959444,5.0690173603963915,6.357703516207719,7.777623351641554,10.016113268129509,11.854639682419707,13.696559020425532,16.15964114700571,18.53607738978234,20.665623290866407,22.798650924999926,7.032157279242266,6.625181205069036,7.082269692690331,8.008775436981612,9.303626497232141,11.189150325203428,13.541507523167425,14.502437036581128,16.927433857498897,19.035773296611833,21.325661466880693,23.368662777317834,8.942060892210474,9.049720050918703,9.800716810519525,11.213840599901534,12.977306846954033,14.594385667098154,16.452683945180496,17.99346061767997,20.12567444832595,21.992768129546583,24.10622658152868,11.491658278943035,11.281538636196748,12.005162931005977,12.949795094904012,14.386818168031457,15.77202247652469,17.504878462874288,20.149511284395956,21.06702641570471,23.04395278592629,25.18470942854017,13.438614697951571,14.197153411863942,14.915529658714771,16.231842932951267,17.49611914111241,18.75897174687355,20.620761794851326,22.43676558686657,24.150080082682955,26.098656210617435,16.227987983727374,16.985025198686046,17.946587558641895,19.169725558807563,20.613367143676456,21.964900295699046,23.753747872704214,25.438544926941084,27.255603497262722,19.944573422362286,21.100750910808838,22.34846392931738,23.905672234848364,25.545131395238506,26.92488226529505,28.86791909715697,23.073462700687124,24.194093700736136,25.493907840894067,25.704189230551506,28.59195189209719,31.204770468631875,26.048074804100207,27.37504018261891,29.094081356867072,30.15262763010879,31.100298455159557,28.988197943300996,30.657569114331295,31.48649907500038,33.362770283656005
K04,20.130758083092648,19.851022668870236,20.328104535347116,20.671836807598883,21.21278600278615,22.091955843700212,23.123294791184065,24.173457344782104,26.510118521047772,28.5021781623791,18.934651673585126,18.225468827989037,17.879383909967366,17.84243088819458,18.090599022696843,18.267748766610516,19.088516993208245,19.75499921538849,21.066250971637075,22.28164993890713,23.820869610490714,25.431168769838322,27.00438010767883,16.28794931843785,15.805635703760858,15.546494524490079,15.721823812776938,16.566379990812717,17.055284840775894,18.15817207210021,19.16866844619104,20.811672205759923,22.35518098786051,23.77771195889125,25.791253498036887,14.833817377870067,14.079959232895527,13.467172903026084,13.381841577301683,13.65412318678867,14.260974896548973,15.338723871300376,16.196768350507455,17.831953005770288,18.96185982439486,20.573134957998015,22.562813698650267,24.508700189932554,12.918634370551711,11.811295652890921,11.300262120853656,11.121852768311582,11.584990289162958,11.992535094799598,14.264901717151787,14.597249364178172,15.742319047713396,17.64698280160096,18.770267978907494,21.508016040537072,23.15334848353473,11.1418833686231,9.967454740303564,9.129513513873562,8.95670977535836,9.32747897344186,9.945747885403089,11.144332775002727,12.778810781915507,14.77448560864303,16.135695367724317,18.184883887448937,19.703515955280672,22.4507928145088,9.244757325100535,7.937252484329826,7.0407395208173975,6.550517689465467,7.09333461779437,8.0654101569604,9.499408928980792,10.918824890985293,13.166914976561518,15.227311154632652,17.04335090291812,20.072593454758156,22.414079369896054,7.44917451802547,6.20366254723772,4.956729264343575,4.440196504660577,5.009700689662008,6.292917447416579,8.15312142679109,9.971842858769888,12.419328041403851,14.211134015271266,16.536188738642284,18.688143514003738,21.11841151696784,6.682755793832362,4.8373159913323835,3.0788367933360807,2.1473530217456096,3.1163138481224895,5.327402462739229,7.499811730970318,9.559838126244607,11.448546195915009,13.314097190572104,16.173887906128197,18.762349559690016,20.90252408203373,4.109824327145869,2.0852304429007362,0.0,2.6520271491823006,4.482731867957306,6.961908430883014,9.141956573950676,11.25318843706085,13.391019378673157,15.873016663507917,18.193013301814517,20.38735316317447,6.988168930413746,4.940066598741357,2.991708876211053,2.1522922663987805,3.2484724102260745,4.951698294524819,7.0104449216864975,9.343800351034904,11.652644549629066,13.157383326482512,15.814252116366426,18.305669340398346,20.481025364956707,6.250223755994661,5.079545747406947,4.545872963469173,5.07972637058336,6.201587941809743,8.177745471705512,9.933471699260034,11.736251062413414,14.17137452754672,16.528148383893463,18.641873403711337,20.763131025931518,7.9990600697832,6.96043331984439,6.745270491240511,7.101354377863423,7.968039407533072,9.617016429225854,11.786889835745475,12.666341934433952,15.023939064040428,17.102694202961125,19.366367780252443,21.38965754751581,9.21957987112211,8.730501990149248,9.087144546005636,10.101384905051386,11.670546045494188,13.17987803433704,14.762417315602482,16.225865677984643,18.304198043071978,20.116772902232604,22.196212334540323,11.68785386630069,11.067293978204429,11.39506757329679,12.031616391823668,13.193817529434003,14.396187168830501,15.976935500902544,18.49816523334139,19.33455197308694,21.26142502279657,23.325435065610243,13.297144543096461,13.704056808113428,14.09535246100643,15.178647535271383,16.245107232640848,17.377294294567267,19.106977913840797,20.821211107906286,22.4542933533879,24.351156071119085,15.783618849934257,16.298377986781386,17.038017284883825,18.067565635690936,19.35167623230608,20.563865225195382,22.252663391153877,23.848195948540845,25.59506358655903,19.12381512669478,20.09961743417023,21.178055859780894,22.60410991390725,24.145296850525572,25.41923501996077,27.285139050406176,22.15923096589771,23.12791905900745,24.279417229414715,24.372945862164467,27.17684111518482,29.71546294439984,25.068734012709935,26.257252122032877,27.87256378591679,28.822452931698926,29.69284684903083,27.96475285068688,29.504995949838733,30.17985702418088,32.028130213922886
K05,20.597188278986042,20.04325055972708,20.211978873925236,20.243802335529754,20.517256005616346,21.160000590737233,21.95347940532434,22.810984897632103,24.83537638128321,26.696165717196166,19.988256802432772,19.03420000945666,18.40479961857776,18.032085292611058,17.930704977774855,17.841831212070133,18.33260442490373,18.688257115097706,19.790067862440495,20.794768669066748,22.16034902703475,23.617768247656254,25.088573195779787,17.200093633466068,16.386078237333056,15.762047709609307,15.524272607758471,16.003356210495348,16.181682390901138,16.96496970230127,17.76077053508659,19.215997189841595,20.575027509094614,21.845679893287826,23.75192044867109,16.178025404850864,15.113856556154026,14.126717169958491,13.610678307858135,13.4980463771614,13.660932508434406,14.32576315593693,14.863141020659127,16.273026639196534,17.192382499234945,18.61813207601665,20.503333631387846,22.391451069548843,14.451396956695916,13.020232601608928,12.092536706580633,11.398202709199376,11.37369878271796,11.26721127875039,13.007564145527018,13.116019556252574,14.003506168099474,15.79763026532777,16.65720120548467,19.298305469651993,20.875000790419147,12.896613702829127,11.39359161985368,10.092574349490818,9.302828494603133,9.061233911559729,9.072008212077412,9.808653373424917,11.051047235443345,12.795251970946097,14.024653186442794,15.951871677016463,17.355363580173133,20.044232736625265,11.288645711510306,9.644775632434381,8.253932214405445,7.025086618683075,6.697284524342683,6.828331641037948,7.873885063931274,8.922210096158912,10.952615121513217,12.899987790691897,14.651214352400965,17.616836038290188,19.906453476197107,9.766315221208048,8.288379153972144,6.50654601151794,5.082458558611177,4.475784288814643,4.710005732480588,6.123233541193738,7.71130404017375,10.034161898235446,11.7780382916681,14.050693434845128,16.120167865130934,18.555820677081357,9.227997453402336,7.28399739154264,5.233353418220482,3.23661752451537,1.9809341230843596,3.1162196649145257,5.0516064771516005,7.032216222500557,8.850183839898468,10.699565598658666,13.55421388351239,16.146348968110406,18.283634676945393,6.757476452049241,4.737038104132159,2.6520271491823006,0.0,1.832361590953052,4.311552968478991,6.491436358772995,8.602059869589377,10.745053187397446,13.22262553353153,15.541037191899388,17.735328838225694,9.526800984590787,7.383986050907734,5.188095797110921,3.314039529034016,2.4348151880584283,2.814011371689887,4.599252330542433,6.765205466207216,9.05872689730737,10.556437277794057,13.187991279948589,15.676079930901093,17.83985336262605,8.301129140062814,6.648103564175275,5.134591025583245,4.3957493104134135,4.747791591887749,6.038935750610367,7.587892724597522,9.298475412668466,11.672074708465502,13.990327551562187,16.076168822203876,18.177802562466123,9.713380564973248,8.13142545929064,7.172300188921263,6.6980392653372816,6.785452969404474,7.92190614688157,9.709826980950792,10.435820331914497,12.659987401257554,14.681224369922285,16.897440782556394,18.88711121373515,10.151473833882449,8.981618172690265,8.78027903884609,9.139239410366706,10.335557507943149,11.630509232187556,12.746083202301795,14.07113261255113,16.051049124589955,17.772212242711937,19.794537074657747,12.40036676876938,11.30577852250786,11.095506342659625,11.269696402299399,11.984974468057912,12.879086497108403,14.198721773455524,16.503932046636645,17.21130198445196,19.052719753358048,20.995755594881555,13.535114517432055,13.471411395989657,13.402135091096492,14.124345117562088,14.879724627828299,15.800477366206376,17.313700615408596,18.863070799845925,20.36836552107213,22.181598905399042,15.556086911559733,15.73295690580763,16.149972910194,16.887536706103706,17.92479458738649,18.92223625790567,20.45210101676598,21.908693114834577,23.54639369415198,18.321145188006124,19.03291814199809,19.86059138092318,21.08710546756003,22.477024714138658,23.592877505721933,25.340627399494274,21.18777395103129,21.936684161467976,22.87155012236818,22.800284778923267,25.46932580576094,27.892845856957656,23.97975965267375,24.968954503542996,26.43077577370744,27.225180568730853,27.984312212380708,26.794062215349133,28.148837595893724,28.60870150845718,30.41062993428449
K06,21.012070293048232,20.278339281114715,20.233457069912696,20.04640102362516,20.126449587545242,20.592566474337286,21.206054064818378,21.916030137778147,23.6992885336248,25.456494750848947,20.79475907530549,19.69044298638301,18.881361073820923,18.28784528040414,17.947553872324775,17.672876392936153,17.920821632949757,18.04476048608016,18.98069200529844,19.820198813331817,21.047373612876264,22.383656359049116,23.772953245232284,17.94298971743561,16.924338244079145,16.067308081940794,15.550236171839964,15.76241393315123,15.711688706183049,16.24623377894089,16.87082289042239,18.170587359796603,19.380478838253712,20.529830320779567,22.348577046425124,17.204615107580874,15.960871561415436,14.7524448482277,13.964633937200073,13.592322281346922,13.436152425452757,13.78193168608813,14.06546479857669,15.282556755988182,16.02914610950939,17.30061169438815,19.09623033480692,20.93387135720481,15.612249069240471,14.007863220348776,12.84439025411483,11.839314253790208,11.485718305791762,11.012255400234777,12.301612008188194,12.231229946330009,12.898070863505131,14.58373563254628,15.227132527170044,17.780547263793654,19.30012240893824,14.206247217333647,12.539129036739354,11.002001636066048,9.863981194223761,9.225203791786933,8.789016440990425,9.126533295835829,10.00559493483521,11.507994177961685,12.614861156588287,14.42999767844749,15.736758306589067,18.374572675303227,12.778169548100385,10.981600065564216,9.369164957454855,7.789692227553024,6.9238729768822305,6.388430949771625,7.025039857538176,7.692559002048668,9.48622922978356,11.318107438966994,13.007002613976827,15.91455425074796,18.162381589428186,11.413676883458722,9.841604950413323,7.8666660028248305,6.112409181329404,4.883126252719665,4.18458277490122,4.979677499597741,6.258698027545345,8.423802585531073,10.11269128372858,12.333233355450629,14.3361744199769,16.773704242056972,10.99348725382442,9.014630829934191,6.891089101150848,4.722120286481487,2.7825817148827814,2.1428896378488558,3.471588829340249,5.312944569633679,7.052739396858501,8.886618085638652,11.735990499314491,14.329518903298881,16.4644851726375,8.589758378441154,6.567955008981106,4.482731867957306,1.832361590953052,0.0,2.4793563680923323,4.670647599637549,6.778114265782188,8.913142262973254,11.390564560196303,13.711126941283856,15.9062700215984,11.330062753577316,9.16430188284956,6.925273207607047,4.899864181791165,3.381170507383501,2.2612865806880826,3.2446289464282354,5.0692533967044895,7.323988667386098,8.807038378478886,11.401474685320316,13.883400339974354,16.03111115924283,9.931023008733794,8.12590634944804,6.278904522287307,4.894005006127395,4.546369320677765,4.953577293229611,6.184823764667835,7.754235616745212,10.037852608999597,12.304545176478486,14.355792315299075,16.433685800817784,11.174098845097085,9.373979571131997,8.069524459347031,7.112624339862187,6.597819715633339,7.19766642739159,8.545810260004606,9.100780461037393,11.162538241815792,13.113388044285122,15.27430495963728,17.22627252193579,11.204236520173964,9.680555562569744,9.126770129678954,8.98681033515229,9.832502224764559,10.908116977737267,11.584854336589649,12.765271011615852,14.638107972002391,16.265507339151767,18.2280303104861,13.272330051652574,11.914359781373063,11.354269681489866,11.189888381927677,11.537268307532768,12.156851977382962,13.230804548477012,15.322036548709836,15.909717313641998,17.66474389851152,19.492054637723548,14.089261300721198,13.713336355533617,13.317365655413987,13.75156965586111,14.247479496388125,14.982220729918511,16.298065468024113,17.695236110320767,19.082196545471383,20.815679498877763,15.761761481509609,15.697125851569133,15.869974921215219,16.373879839549332,17.204313703254776,18.018762277137686,19.406733393335415,20.7396389795001,22.278813366065975,18.076079331536473,18.581838283657515,19.208151004196107,20.26755836305893,21.527505684588725,22.509429935029452,24.15328284105496,20.78841908371101,21.3650255558003,22.126062505561176,21.92540920940816,24.473562102808003,26.79587858234919,23.47154639132241,24.3034817670226,25.63968075074259,26.309441689249127,26.977990010376978,26.20834143932042,27.41604874886241,27.708094214507067,29.467769002759606
K07,21.847833439496924,20.89204259999486,20.567697513333865,20.08839092610456,19.90012665788839,20.110476722345496,20.456580481595648,20.941797367943373,22.347661913497795,23.936164960160177,22.118207002377027,20.841500449823663,19.819501204621677,18.95462837936951,18.308307240157404,17.789092613171704,17.69736748784971,17.488031135608146,18.16664704891907,18.747997573074304,19.75163810928096,20.8902855892398,22.144219516614264,19.21896417604237,17.965923215910728,16.8335256259644,15.967210182120107,15.816700066701651,15.447256390699287,15.61008007666841,15.96697707770635,17.009671631163254,17.973564810576672,18.921410121869883,20.589404071026436,18.821884735594363,17.385475115739577,15.936120261845415,14.835421564620265,14.144974407894841,13.570435217781336,13.458321329200013,13.35846533101763,14.252186674331767,14.712789300469167,15.718499196806292,17.351766970542222,19.095361373904396,17.39728062083267,15.62113542608219,14.213657270386113,12.87295218665866,12.127385249920941,11.1910369939519,11.78427876452352,11.442150934155693,11.73699314134587,13.208998334468816,13.481144795602486,15.86228334761424,17.276756205954864,16.166542363783297,14.346666267812882,12.589190283731515,11.105651219086614,10.0322251270593,9.04811416815681,8.79071749062612,9.042975284716862,10.077495422970927,10.943494962762124,12.534023974765645,13.658335550132016,16.193383988530623,14.93595008695463,13.007910362544784,11.210278319470932,9.342363566036166,7.96195735984563,6.647809413633937,6.595903349807363,6.5392904813901644,7.788847732495481,9.35386486966751,10.903326877609421,13.685170989066961,15.850836602526694,13.73209743629865,12.08568161089808,9.972011331722403,8.003175494764562,6.331243953600272,4.716307984006134,4.322603382222338,4.772562519234295,6.466954924846778,8.00219476143889,10.094410780228829,11.958786100604025,14.39539961237617,13.419457589634538,11.416972847475813,9.251618723228924,7.012965421275083,4.875654315063774,2.922259399848001,2.1696702514437534,3.2230004654048683,4.679076938884421,6.461166535541396,9.29249057034765,11.886536922081218,14.015454327277443,11.069029270898149,9.04708024723999,6.961908430883014,4.311552968478991,2.4793563680923323,0.0,2.2258986949095414,4.314675074672484,6.436821342867922,8.911213441501667,11.233884902383503,13.429982055088532,13.776083696029144,11.591407550422856,9.324732972048047,7.2211235275405725,5.418556449830526,3.4365455038453954,2.572315105114457,3.0065664802229133,5.064763962910809,6.494134661369443,9.000702916994873,11.466487910428372,13.58550289831039,12.212862154302734,10.289665203494232,8.209607176960418,6.365405328806642,5.33188840843467,4.324739992184501,4.734262455758024,5.898412159217089,7.938520328121609,10.083184417633152,12.06193288822318,14.09333122437701,13.276908412729222,11.288346956042767,9.681377019825227,8.272858091373259,7.088364903135278,6.861253675531899,7.3726818051506875,7.592312493568741,9.296766964918502,11.093496202730678,13.141299783506957,15.020710935238718,12.879308211235571,11.013449414238938,10.080386946938098,9.32340881866713,9.632988529008015,10.331677888900717,10.28839005870209,11.198501685493465,12.8625186102878,14.318708216874873,16.171118854303185,14.701745100497423,13.069109724843539,12.103565425113379,11.510734555188039,11.338128593379068,11.532963972890924,12.1986002885577,13.910445715360813,14.299123784344271,15.897656839924554,17.528552535791427,15.124615829831844,14.368821593993015,13.557626488438158,13.584622041116933,13.695587902678731,14.137667487955712,15.12967897874902,16.273183615998438,17.462616441988295,19.059641051184567,16.324030170273517,15.943317847926133,15.780694027830336,15.946187788935637,16.462732276265687,16.994243554804083,18.15228429151549,19.285497478675524,20.663963825945885,17.994064021226556,18.204998049986163,18.53530784745697,19.33882835127299,20.394745230083164,21.16975172268206,22.647603846764895,20.454176883952087,20.781278521784937,21.28538489198633,20.898634524772188,23.249216115817756,25.40917332382146,22.956024786534797,23.557923040879476,24.70414104962972,25.189675067376317,25.72274909491596,25.561003990453898,26.55203097693282,26.601882358209163,28.291478469673514
K08,23.247245621793564,22.1390377613843,21.60657835012291,20.899307476564864,20.487703629250397,20.46935174840669,20.562408613778686,20.82223739178862,21.82079929791757,23.20976591868173,23.841630565043157,22.461746770899186,21.30525148877619,20.258396234647993,19.392645435834687,18.689180747159572,18.31751099358207,17.816,18.241282849624362,18.55685064874964,19.31253740449452,20.22076321507178,21.307984536318774,20.929191025933136,19.536441282894895,18.23078654364644,17.126234203700474,16.698356925158834,16.071548680821024,15.898815207429767,15.991497991120157,16.75303823191483,17.435815467020753,18.140873297611666,19.611169393995862,20.734994670845712,19.197456341921967,17.616006017256012,16.32932901254672,15.432991997665262,14.560714439889274,14.077114050827323,13.634127658196546,14.186600508930955,14.332699745686435,15.014767264263538,16.426636417721067,18.032641431581787,19.405149213546387,17.54976082458106,16.020543873414535,14.500192998715569,13.518123908294376,12.280050325629778,12.283138401890618,11.701017092543706,11.60802209680874,12.799895155820614,12.619596903229516,14.733505217700232,15.987715283929722,18.26142582056505,16.379918559016097,14.52867925862499,12.883748678082787,11.583309458008967,10.277075702747354,9.57935472774654,9.243003462078763,9.713057448610092,10.248494767525619,11.494977337950694,12.336112718356622,14.683937619044832,17.111012828000568,15.140719302595897,13.278851795241938,11.307100247189815,9.711352223042887,8.016856304063333,7.469327412826406,6.739272438475833,7.218217231422174,8.314627171437094,9.597213137156015,12.12469422294847,14.12876739138981,15.950960002457531,14.290393451546391,12.144003664360449,10.120983400836106,8.324836154543824,6.414994933747026,5.319923401704201,4.838671305224193,5.618896065954593,6.78803447251117,8.578231286226783,10.140588247236943,12.555772576787142,15.642448177954753,13.642436292686142,11.477010847777395,9.234107699177002,7.080365103580464,4.953486146139908,3.305930731276746,2.7400899620267944,3.116706595109652,4.61555045471285,7.333694839574387,9.90854868282939,12.009851997422782,13.237010916366279,11.225247614195421,9.141956573950676,6.491436358772995,4.670647599637549,2.2258986949095414,0.0,2.112008522710077,4.361523816282562,6.770342975064114,9.061758383448545,11.251455950231508,15.856096776949867,13.649698018637627,11.360960698814164,9.205402109631061,7.2606267635790225,5.053327814420909,3.2873484755954916,1.5970450838971328,2.9824796730237746,4.328132391690439,6.777380319858109,9.240620974804669,11.364969423628029,14.10262347933887,12.088714778668574,9.863364385441713,7.780096786030365,6.375172232967514,4.392836099833454,3.7818675280871483,4.2725511114555434,5.947427174837872,7.959415619252459,9.881765530511235,11.886837258076683,14.982855402092085,12.853869222922723,11.037065189623554,9.333641733000041,7.703104958391778,6.776526027397813,6.4010588186643,6.2444625068936075,7.504201289944187,9.126299414329996,11.066118425175107,12.88757572237696,14.208399241293863,12.097993428664111,10.88424154454503,9.642526691692382,9.455762740255278,9.767004914506801,9.029244763544733,9.649052440524926,11.088957570484252,12.383068198148631,14.138526372999415,15.782859119944016,13.94510157725644,12.657445121350516,11.711850622339751,11.079305258002416,10.873165546426671,11.13179347634513,12.45094506453225,12.653728383365907,14.099250760235453,15.560765823056396,15.850919247791278,14.777048453598574,13.61901718186742,13.278727687545972,13.034762636887562,13.196214949749796,13.8714543217357,14.770510146910972,15.776228446621836,17.248557736808028,16.607638543754497,15.952200005014982,15.491464779032356,15.347359186518052,15.56960362372787,15.837264946953436,16.77623658631458,17.725424226235038,18.959310166775584,17.670640197797024,17.613013739845886,17.672568800262173,18.23769242530425,19.103225120382163,19.69316635282402,21.022108481310813,19.870034448888106,19.970662733119298,20.241879285283765,19.69520246151331,21.856823305320468,23.868316153428168,22.18421071392895,22.57811021764222,23.55031842672196,23.87453214201275,24.2900372169332,24.652214910632267,25.448328982469558,25.29046492257507,26.91284089426458
K09,24.349095198795375,23.0989351486167,22.36982682096578,21.451069646989637,20.831382575335706,20.59629697299978,20.44829587031643,20.491469688628975,21.094622300482175,22.284922660848522,25.266839770735082,23.787794181050078,22.503947942527773,21.28736305886664,20.219252236420612,19.348613619585254,18.717228347167215,17.946705212935324,18.1260039721942,18.184622569632836,18.694898582233602,19.374626835116075,20.294873367429517,22.354044846514913,20.830256503461495,19.367065704437522,18.048254264609636,17.365959576136298,16.50811233908953,16.02322118052422,15.86407879455974,16.34451865305308,16.747886583088626,17.21165395887333,18.479220573389995,22.371879670693744,20.735047094231543,19.031036755783955,17.57636759970615,16.497399613272393,15.363371537523918,14.546325996621965,13.793636540086156,14.009948251153535,13.850676012382934,14.205268036893917,15.380583734045988,16.836100171951937,21.15059876221002,19.216677262211594,17.572601913205684,15.893094255053041,14.705557384880043,13.219034155338278,12.686215235443548,11.899549277178526,11.442639774108072,12.326949338745576,11.705513316382158,13.514610908198577,14.597912316492382,20.111331656556214,18.16470533754952,16.2240477378489,14.436693527258935,12.948647883080303,11.392095022426735,10.337807359396866,9.48885667506892,9.395775912610944,9.577045734463212,10.431737918487023,10.967040302652308,13.098464795539972,19.06883876904936,17.04583189521708,15.1167151524397,13.05344398999743,11.285873382242068,9.327844820750396,8.408937150437028,7.1610941203142975,6.854259989232974,7.376405967678298,8.31483734056175,10.52170337920624,12.349757568470727,17.98970286024758,16.30035892242867,14.108535891438203,12.030427465389582,10.133891305910085,8.044209097232617,6.530606480258935,5.385554753226449,5.132743613312475,5.756785908820998,7.103721278316035,8.311021718176413,10.681879282223704,17.730731090397825,15.72182177738954,13.543459306986527,11.286351270450517,9.108594732449127,6.863705486105883,4.888645006543225,3.3984645062145344,2.270198229230214,2.9575222737960907,5.404118799582408,7.930382903744308,9.997257473927537,15.349017232383316,13.336856151282431,11.25318843706085,8.602059869589377,6.778114265782188,4.314675074672484,2.112008522710077,0.0,2.369786910251637,4.677548503222601,6.951789481852856,9.139913183395125,17.952122019415977,15.740859061690374,13.448133848233367,11.281394594641213,9.301014407041846,7.056127691588355,5.09785366600494,2.634631093720713,1.8931732620127508,2.662298630882719,4.769399123579405,7.190276211662526,9.275234228848348,16.12887413925721,14.081096015580606,11.803161144371451,9.636267015810636,8.090450481895306,5.706925354339235,4.365761560140453,3.860735292661231,4.628394322008444,6.257952141076185,8.01250435257292,9.930278948750635,16.916648604259652,14.724164696172073,12.808418013166186,10.963121453308815,9.10753808666206,7.729811446600751,6.5513652012385934,5.954678496778814,6.45738097064127,7.713695158612375,9.416061437777474,11.105160782266953,15.93035608516018,13.69026460664658,12.313426899121138,10.759022492773216,10.17548883346643,10.114860602104212,8.653112561385065,8.867678895855443,9.941916515441076,10.95977527141866,12.534196583746404,17.329360807600494,15.370474618566597,13.870191382962242,12.67144336687814,11.663989411860763,11.08193453328434,10.89593841759396,11.703711761659203,11.65576569771373,12.861378619728136,14.051386586383565,17.14319308063699,15.839188394611638,14.41697253240083,13.757698826475306,13.176252312398999,13.039552177893228,13.340057158798084,13.92252053329425,14.673273254458255,15.95829677628537,17.541474339404882,16.661875794759727,15.939983343780506,15.50036676985419,15.415037495899904,15.387157274818504,16.055401894689524,16.76557627998513,17.800263874448603,18.05270464501095,17.735850839472008,17.517030456101857,17.81614282048727,18.454775262787678,18.81803531190225,19.950435007788677,19.972083541784016,19.841288516626133,19.861223854536256,19.141908473294922,21.064952812669674,22.88417322080918,22.073047931810414,22.244808225741124,23.01925181234177,23.158496432195246,23.433800203978866,24.37851447484034,24.959659052158546,24.56981505831902,26.10565159117849
K10,24.747483124552282,23.33255667516957,22.374539861190442,21.2195470498312,20.37143416649893,19.899932989836927,19.494999410105144,19.312348381281858,19.520068237585644,20.520250485800606,26.08065248416918,24.479075023374556,23.04086346038273,21.623898353442193,20.323615647812275,19.26805919131452,18.348699708698707,17.291139754220946,17.201757177683913,16.990369154317985,17.247325850693493,17.701892695415367,18.464802327671965,23.188727282884674,21.50566809006407,19.858955964501256,18.296796003672338,17.325794238648914,16.21901972993436,15.39527826965138,14.965309552428241,15.14016182212066,15.254755881363687,15.482228069628738,16.559004106527663,23.503809435919106,21.738091268554378,19.884691247288707,18.231478382182836,16.943548624771612,15.519641265183935,14.337612423273269,13.257230668582332,13.099162874016034,12.6182410818624,12.631066542457926,13.563804849672527,14.873319905118695,22.454073884264297,20.41738878995059,18.62795329605483,16.760274132602966,15.336535462743859,13.588473718560154,12.45634460827092,11.467803146200234,10.624254750334256,11.143857590619147,10.079049558366107,11.565062645744725,12.495462616486035,21.58912006080841,19.551931720420875,17.49699051265674,15.538019500566989,13.839207491760503,12.026181480420126,10.604703343328374,9.224692135784261,8.504711929277793,8.28200006037189,8.688212819677014,8.921121061839706,10.864217321095891,20.744725064459157,18.638799237075332,16.616497615321947,14.444197520111665,12.482514009605596,10.273888309690738,8.98769881560347,7.27597945296714,6.112695804634809,5.910108713044118,6.416149156620348,8.293641419786606,10.012230221084613,19.842085097085942,18.096666239945964,15.831859808626401,13.682833222691855,11.671022277418546,9.420522809271256,7.547773777744005,5.867634105838571,4.504088031999375,4.334130824052268,5.05341646809364,5.964359814766376,8.317218585560921,19.72475310365126,17.69311238872347,15.488358079538322,13.212790204949142,11.01024849855806,8.635084076023812,6.43594406439335,4.4575604314467805,2.4173642671306284,1.2063598136542844,3.035867256650066,5.567335179419324,7.652273714393651,17.50057301918997,15.474720869857395,13.391019378673157,10.745053187397446,8.913142262973254,6.436821342867922,4.361523816282562,2.369786910251637,0.0,2.5165408798587,4.877633955105693,7.070727614609405,20.194944045478316,17.99627122489545,15.712630651803664,13.56440938633157,11.618717356059575,9.39269269166196,7.46615148520307,4.982845070840553,3.5141464112925065,3.139040617768429,3.6504095660624167,5.670961999520011,7.485038410055088,18.458121166575975,16.427227550624604,14.163947931279612,12.005552881895943,10.454803345831044,8.011667803897014,6.477562813280933,5.461180183806427,5.111271466083561,5.817789013018605,7.038312581862217,8.636210395769664,19.28023137827967,17.093673449554373,15.174092196899293,13.307811014588388,11.39971104896962,9.86512366876361,8.27718623688026,7.392800416621566,7.0620113990279005,7.677067734493424,8.853070710211233,10.205689099712963,18.287013780275885,16.019988920096043,14.59581433151299,12.922795247159183,12.136896843921843,11.834836923253315,9.831558625162137,9.611610531019242,10.169370973664005,10.730600728756988,11.94422379227717,19.63853884585103,17.640311675251095,16.05451416268957,14.735066100971519,13.513118107971971,12.673264180944072,12.114569245334314,12.364863808388671,12.012737406603042,12.852450116612008,13.589334825516664,19.34996312657985,17.934419226727137,16.367298524802436,15.50018196667381,14.667368168829745,14.273026903919153,14.193538846954272,14.400846919539143,14.807160767682642,15.801248115259755,19.5517268802528,18.53383999607205,17.631961121781092,16.96209444614668,16.603684922329744,16.28235158077604,16.639379435543862,17.0461717109737,17.79955167974744,19.671281732515553,19.14288173186054,18.67311141722236,18.701680272103896,19.083522735595754,19.173213841190005,20.038877039395196,21.3376347564579,20.99482317143919,20.76349587617654,19.86797448156203,21.493805456456517,23.055620963227167,23.222887955635493,23.171903439294756,23.728422872159033,23.65630936980661,23.760962817192404,25.349093908855995,25.699338240507284,25.050114770196164,26.47105636350767
K11,26.616009336487693,25.09219011963683,23.966339812328457,22.625972354796158,21.582037901922053,20.886236161644824,20.213106639010242,19.768909580449805,19.442913619105546,20.133437510768,28.206257532682354,26.538624003516084,25.01099536204027,23.468618919740464,22.01020756376459,20.820676670079674,19.667948876280924,18.3562246663087,17.988074493952933,17.46659766525811,17.388121491409013,17.502970633581032,17.994205094974326,25.3368896473107,23.57008005926157,21.82026420554985,20.108005221801587,18.93371986694638,17.639386185465753,16.5220265403491,15.82417846208769,15.642427497035108,15.372121031269563,15.23419272557624,15.955184016488182,25.80200961165622,23.98049628343834,22.058549816341056,20.30485838414048,18.900725964893518,17.298885542138258,15.858891890671302,14.519265029608075,13.99311437815042,13.155315351598379,12.70205101548565,13.213593303867045,14.219127153239752,24.827832446671618,22.754948934242854,20.90836660286977,18.96015255740312,17.421400230750685,15.539190326397318,14.00264307193467,12.874388101964303,11.700654896201325,11.795532205034243,10.174061627491746,11.027454103282407,11.594378292948699,24.02581338893649,21.963056708937398,19.873184067984674,17.85483654363713,16.07423260998795,14.154395536369611,12.550669185346255,10.850606849388656,9.61469671908584,8.950086088971435,8.672944598001305,8.294488832954084,9.647424526784338,23.233643192577443,21.111775505627186,19.069267972316084,16.871977358922692,14.85639290002792,12.574337875212358,11.147845172947102,9.248344987077418,7.552418685427868,6.581668253566112,6.313695906519413,7.202784600416703,8.391877263163469,22.356024534787036,20.606195306266514,18.333638727759418,16.176102033555548,14.147103060344191,11.871432937939717,9.919645406968941,8.095498255203319,6.227544379609029,5.322079668700948,4.809520974068,4.470770179734136,6.517667450860008,22.238560677346005,20.208151325640852,18.004271993057646,15.728921545992911,13.526560612365584,11.14982676995477,8.938875208883944,6.918390636557031,4.8351235764972955,3.08577931809778,1.8024205946448792,3.56328009002941,5.453855608649719,19.98001326325886,17.958099231266097,15.873016663507917,13.22262553353153,11.390564560196303,8.911213441501667,6.770342975064114,4.677548503222601,2.5165408798587,0.0,2.3627316817616,4.554190268313348,22.625586423339396,20.416596582192636,18.124874068528037,15.958912870242761,13.971482419557345,11.716993214984807,9.69326962381631,7.112225319827824,5.143463132948461,4.045631965465964,2.523163886869024,3.5579685215021226,5.063806670875183,20.786715781960364,18.719294564699812,16.408992199400913,14.19096790215523,12.555230025770138,9.95276509317888,8.173804622083892,6.711608525532459,5.356295174838668,4.922170760954967,5.383910288999994,6.567843177177726,21.50137716519572,19.256896375065217,17.256629566633226,15.291307465354295,13.251610090853111,11.458506927169873,9.405008133967774,8.268672928590172,7.103442616084119,6.9672583560536925,7.486946306739483,8.437714382461639,20.297988200804532,17.932593147673874,16.388561193710693,14.498569757048452,13.414203703537531,12.79910610159944,10.249295829470434,9.56985605952357,9.542007545584944,9.598806696668081,10.406905399781435,21.468370268839692,19.378839232523706,17.62705241950565,16.11566197833648,14.601854437022718,13.45062901874853,12.46964097317962,12.091216853567717,11.429066541060998,11.857129500853063,12.12547256811049,20.93849997015068,19.327872645482742,17.549024844702913,16.403654867132506,15.267052924516898,14.574626341693978,14.066328056746011,13.861086609642118,13.897706861205558,14.57803717926388,20.788778559597965,19.571395274737057,18.431601693830082,17.476969130830437,16.796616831969466,16.146859168271707,16.15540931081599,16.23501204188035,16.690956892880646,20.34482364140815,19.553738900783145,18.78921988801025,18.507514717000767,18.60104518568782,18.400697513953105,18.98363086977831,21.66762361220076,21.073474938889408,20.556197727206264,19.47851698667021,20.764563106407994,22.04635924591632,23.27055377510385,22.96263157828388,23.271294119580027,22.97407062320476,22.90112320389548,25.167154229272725,25.256153309639217,24.335702989640552,25.625486395383795
K12,28.532932341419098,26.930781087818453,25.67993709104444,24.201642340965208,23.00917419204783,22.13730543675088,21.248005012235854,20.58536978050188,19.786068558457995,20.175277866735815,30.312752250496818,28.599371479107717,27.00907051344048,25.377966053251786,23.80665486791456,22.52192553934943,21.197400265126852,19.698126433749987,19.108091087285512,18.33360425557397,17.962841924372658,17.76500813396943,17.988907026275943,27.464673054671522,25.641204359389988,23.82190876063461,22.007516647727428,20.690087795850456,19.265861724823004,17.93604332064349,17.03679139392157,16.56455351043305,15.966437861965328,15.498022228658726,15.859842685222322,28.03510622416116,26.17721270494626,24.211033951485838,22.391806648861543,20.911431921319974,19.192593206755568,17.579317421333513,16.0663850943515,15.268410559059511,14.164418131360003,13.327968074691656,13.437262556041688,14.116901926414307,27.112657652838095,25.01770880796241,23.1356608939533,21.137779069713073,19.526939263489297,17.564382625073957,15.763907129896447,14.554472164939545,13.168636755564336,12.937109143854357,10.922259335870029,11.154517694638347,11.328587952609098,26.350902565187404,24.273512086222713,22.163639998881052,20.110863059550677,18.28293764688815,16.303764595945317,14.597122182128915,12.71701600219171,11.1710701367416,10.219187051815814,9.412528087607495,8.498483864784353,9.130944146143923,25.588034801445772,23.458423178039908,21.405640611763992,19.19573997010795,17.151974026332944,14.833891599981442,13.335385446247889,11.351363001860172,9.399752815898937,8.009286235364547,7.189394202573677,7.017002565198334,7.462681086580077,24.718669260297975,22.96857962521845,20.69387735539186,18.533305047940043,16.497358818914012,14.211550830222578,12.225923686985782,10.344427533701419,8.28103278583052,7.0597312271785535,5.793007940612545,4.2300029550817095,5.497390289946676,24.59150593192698,22.563389483851935,20.36150645212677,18.086849863920474,15.885170600279999,13.512221504993175,11.300371011608425,9.26913296916168,7.18128658389289,5.374864184330614,3.1007736131488217,2.7768287667769505,3.875080644322128,22.29510002220219,20.278069262136373,18.193013301814517,15.541037191899388,13.711126941283856,11.233884902383503,9.061758383448545,6.951789481852856,4.877633955105693,2.3627316817616,0.0,2.198590457543196,24.893172236579254,22.676949905134947,20.38103179429344,18.20392037446879,16.188508640390566,13.922241665766329,11.846688355823328,9.245557635967666,7.101299036091918,5.7641933520658375,3.2778738535825322,2.3031953890193515,2.8746848522925084,22.96679429088875,20.873252262165565,18.532276924328535,16.278802443668884,14.59202700107151,11.911628687967067,10.016365857934703,8.340978599660833,6.432464924117348,5.053144961308749,4.484964325387661,4.9117293288616795,23.588500863768346,21.30277270685673,19.246130753998322,17.21582786275467,15.096221149678486,13.140306845732331,10.805398882040404,9.538251464498092,7.798877483330533,6.972926215011887,6.707021544620234,7.085228366114955,22.213661247079465,19.7810542186204,18.153043629099777,16.113218734939334,14.81143889026316,13.958412015698634,11.046606899858435,10.001148034100884,9.415770016307748,8.937414447142977,9.24409200516741,23.226880139183567,21.07447093048839,19.20112626904995,17.550549848936356,15.822226455211668,14.437862445666948,13.123710489034721,12.185292856554577,11.248936171923104,11.237751954906283,10.98650535884819,22.497309216881916,20.735952160438643,18.799225994705207,17.435333607361805,16.058850332449083,15.119640207359433,14.232648804772777,13.637435426061602,13.301278021303066,13.636603866065775,22.049710859782266,20.67334752767437,19.34180658573547,18.151386200508213,17.193651037519633,16.253232663073522,15.928153722261724,15.682353044106614,15.826417314098602,21.118488819041954,20.102491885336008,19.080370567680284,18.513271023781833,18.328988542742884,17.84714122765884,18.13723380231947,22.11559653276393,21.297264354841445,20.518586403551293,19.282478186166838,20.220002472799056,21.209194161966643,23.43996604093103,22.893842840379595,22.9625002340773,22.450180400166055,22.203593605540522,25.10229680726447,24.94161031288878,23.76707321064165,24.917465119871242
K13,30.231947671296336,28.560369920573507,27.198147234692293,25.600522260297737,24.280640292216347,23.25682360082735,22.181363912077185,21.329250455653614,20.110158651785916,20.216757430409064,32.192297727872734,30.43637319064149,28.788693092948836,27.078083628646986,25.40796489292285,24.04251837890532,22.571775517225046,20.917832703222388,20.137780935346377,19.148332172802938,18.52148077233567,18.042981183828797,18.016746432139186,29.369439388588948,27.49375734598674,25.612745362416735,23.709942070785413,22.269546582721436,20.73921782517364,19.235124382233664,18.171066919694066,17.45224653160733,16.57463731126567,15.817860316743223,15.841109872733034,30.046958065667813,28.153119844876873,26.145484983071167,24.266792639325043,22.719639191677317,20.90227379975681,19.147079072276274,17.499191124163428,16.480239955777343,15.168251876864387,14.019922146716791,13.768751758964935,14.130695665819147,29.181957182478353,27.064152859455994,25.14683727628586,23.102628768172682,21.42726303100795,19.398975978128327,17.381568398737784,16.115933109814026,14.574090228895937,14.077634637963865,11.790011747237575,11.47245069721374,11.275425889960875,28.4689335592326,26.374444468083116,24.243084003484373,22.155824719472754,20.28407387582682,18.255099123258685,16.465909024405548,14.45207279250973,12.684156416569452,11.53184113660954,10.333360779533443,9.017779992880731,8.940781229847872,27.74939467808262,25.607342736020072,23.540683295095747,21.31609900990329,19.242557028627978,16.892239756764052,15.332728556913802,13.289791947205192,11.168691463192992,9.517833892225688,8.341785480339325,7.304701568168271,6.965995478034708,26.906396897392263,25.15070611334799,22.868577043620355,20.70156448194194,18.654444403412285,16.356199222313233,14.336057268300793,12.408618658013468,10.21678657895916,8.815251839851202,7.133679625550898,4.889386975889718,5.125648836976642,26.78944754936167,24.760642257421352,22.557832453496058,20.282743256275765,18.080577894525383,15.701996115144087,13.480762775154824,11.432615536262906,9.343155409175212,7.50332093142763,4.961454726186665,3.425432235499631,3.1215460912823314,24.48754918320737,22.472176240853933,20.38735316317447,17.735328838225694,15.9062700215984,13.429982055088532,11.251455950231508,9.139913183395125,7.070727614609405,4.554190268313348,2.198590457543196,0.0,27.066212147251044,24.847319956083798,22.550372169877818,20.36930693469957,18.34250593566757,16.073552220962235,13.978397798031075,11.377782209200527,9.178467410194362,7.77276327955509,5.101154869242846,3.1009832311703978,1.700049705155705,25.096017213892726,22.98993423218083,20.63493968975921,18.36610130103828,16.65591078266211,13.94532502310362,12.00370796879031,10.24163990774915,8.10117331008293,6.2541718876282895,4.907477254150039,4.302162363277333,25.663564386109737,23.356160322279003,21.269439884491554,19.205458937500037,17.046419477415192,15.004741917140727,12.525736106113683,11.204224426527702,9.15723593667871,7.878102563434929,6.927318817551275,6.623584603520967,24.18368528574584,21.71420092934575,20.03786528051329,17.91114965601036,16.474617628339665,15.46676831144761,12.353825804179044,11.068648065595003,10.052476759485694,9.103353502968014,8.859437058865534,25.08950786683549,22.901197021116605,20.952695530647123,19.215614484059575,17.35079692694258,15.81477208182274,14.273077769002732,12.904178005591831,11.759240834339606,11.335784092862744,10.550075829111373,24.222695019340847,22.361304613103414,20.32205821269096,18.807626378679473,17.264011874416674,16.14427576573195,14.960766958949666,14.035179264975564,13.355061999107305,13.331290447664847,23.558821553719532,22.07077511099236,20.60188423421508,19.23680870102939,18.063920393978712,16.8901700405887,16.272087419873333,15.72324778790947,15.552733039565746,22.25432870252437,21.063817792603505,19.83589960148014,19.026478917550666,18.59159425654508,17.849292703073697,17.843638922596476,22.973331713097252,21.969973714139943,20.96779902612575,19.602334580350373,20.198606387570404,20.88680753490107,24.04520875351262,23.290521677283227,23.136814927729358,22.424618614371127,22.01069587723205,25.483972158986518,25.09348969354402,23.686032951931818,24.69035285288568
L01,22.775792851183027,23.128521829118263,24.217325636824558,25.140663873493875,26.13452438824935,27.379138993036285,28.757375836470196,30.071875980723252,32.8041380468989,34.94466163808143,20.17672721231072,20.1781223358369,20.549796349355873,21.257781375298787,22.18971022794124,22.84617223956784,24.19043633339424,25.31899928907144,26.901075907851716,28.382559169320867,30.124745476103193,31.9048342731944,33.58412601215045,18.158082773244537,18.535330291095438,19.09304179537666,20.04918454700839,21.471027572056258,22.42640060286091,23.952085378939348,25.22471345724268,27.075013665739856,28.818167776595377,30.395266490030977,32.50627056430805,15.67542921262445,15.899055978264872,16.285768541889574,17.121068453808597,18.078447416744613,19.366265773246013,20.98749067897351,22.235852715828102,24.103877302210115,25.452814873801287,27.237556590120196,29.312464464797223,31.301036660149133,13.473116380407319,13.532747319003633,14.152774462980748,15.06585437338354,16.31330797232738,17.44581775096828,20.277448557449233,20.859923777425458,22.25184167658938,24.237573909118872,25.5857490216722,28.3836601762352,30.070220700886118,11.315000397702159,11.497783829938708,12.063708965322398,13.155142910664255,14.426140890757999,15.758773683253402,17.38487848677695,19.340848585312898,21.517109471302135,22.966305754300144,25.08674058143066,26.6621800308977,29.42806009576574,8.845057885621777,9.28263076934551,10.070105957734507,11.139749952310419,12.715922656260537,14.408319402345299,16.079722043617544,17.727962375862603,20.080695331586504,22.185238560808852,24.0202669635456,27.05999277531315,29.399441168158283,6.506121578943941,7.1126030396754185,8.253389606700996,9.578476914415987,11.179149520424172,13.010949427309292,15.030732583610156,16.924203526311068,19.399681853061402,21.197700842308347,23.52364820770792,25.645501925288965,28.080125711969313,4.569212185924396,5.184129338664305,6.493639734386256,8.149670545488327,9.981126239057394,12.304852132390703,14.486913991599453,16.53448257430513,18.376019835644495,20.21665019235383,23.063485968083835,25.657584336799907,27.789997373155686,3.2207230554644095,5.055909908216324,6.988168930413746,9.526800984590787,11.330062753577316,13.776083696029144,15.856096776949867,17.952122019415977,20.194944045478316,22.625586423339396,24.893172236579254,27.066212147251044,0.0,2.2260271786301264,4.521159696361101,6.710387842740537,8.776311981692537,11.035992433850252,13.182114739297333,15.743873221034269,18.03452799493239,19.53302621203381,22.267392236182484,24.752044622616534,26.993780487364123,3.151375572666641,4.973258489159798,7.169752018026844,9.350816702299324,11.103007340356035,13.751710075477886,15.74301562598475,17.659076872815294,20.17558804595296,22.600169424143704,24.78105479998783,26.957374223021056,4.841537875510219,6.281830386121548,8.077370921283732,9.94771235008331,11.933983785811005,14.180162199354422,16.8728454328249,18.03517244164857,20.612691866905692,22.78678608316671,25.14535094207277,27.24805991258827,8.009111436357967,9.506011256042148,11.003456047987832,13.128882435302708,15.193709290360928,16.97461428133199,19.49000123140068,21.21337903305365,23.467823780657636,25.48857636275514,27.69838163142388,10.292655876886197,11.106915728499969,12.669611911972678,14.240693241552533,16.226861002670848,17.990977516521998,20.051539516954804,22.964376978267882,24.105806790066165,26.204958939101584,28.576851681037223,12.827890005764782,14.36112224027078,15.809965528109162,17.611635074574988,19.31102633212435,20.864415831745685,23.027575208866434,25.091756435132236,27.015122006017297,29.09786371883682,16.116306059392144,17.415781636205708,18.87284615525703,20.52895615953232,22.334001432793006,24.0206155624705,26.04635062729518,27.9588150142312,29.960690262408843,20.55772385260586,22.125528513461546,23.7719121864439,25.63773195897016,27.51170487265375,29.168313801109587,31.310179718423846,23.80850306088142,25.28982848893998,26.951228617634484,27.47595430553778,30.544866737309558,33.33429190788369,26.86857197545117,28.53058008523486,30.49649758578844,31.838732135560928,32.992200002424816,29.859831563490104,31.84457594316495,33.085734886805824,35.014863415412606
L02,22.43891184973104,22.58749904261204,23.480681846999246,24.210968031039155,25.049389293952856,26.16485476741654,27.41428547308866,28.625276278142714,31.189193160452227,33.260685410857064,20.25922851443263,20.0341932705063,20.17955571859797,20.652323113877525,21.364923613249825,21.862215372646936,23.02927669294023,23.99079456791709,25.471915829006658,26.846364260361216,28.501357669416382,30.202273705799037,31.82823848408831,18.010000027762356,18.117632571613765,18.417924367311315,19.12592925847003,20.36202003731457,21.156088603520264,22.528522299520667,23.699276782214262,25.464517627475296,27.117161300549142,28.61639005884565,30.67337485507586,15.805473608848297,15.72311069731432,15.798971738692364,16.352921268079292,17.098872068063436,18.168264556638313,19.60471626930622,20.70673757500201,22.482415039314617,23.73290850275204,25.430013212737425,27.45674707608314,29.419080560071894,13.635774418785315,13.324234199382717,13.603525792969998,14.191593462328322,15.206576011712826,16.10572879443833,18.74984333267881,19.231913295353635,20.51651493309719,22.465743967204823,23.68574343355091,26.441287109367426,28.092986455697442,11.520509754346811,11.272008694105946,11.417685273294234,12.151190394360547,13.163939000162527,14.271790812648565,15.749040002489041,17.572681781674643,19.658787678796475,21.054561429770985,23.122367525839564,24.64016812036801,27.376377700492082,9.102372877442452,8.986193688097314,9.293299575500619,9.944444278088142,11.2470000444563,12.709389953888424,14.291075396904182,15.824805622818879,18.105137061066397,20.164938507220892,21.970805447229285,24.97850039533999,27.287924435544745,6.7307720953840064,6.740012537080328,7.246088669068299,8.146173641655327,9.497430441966923,11.142372458323226,13.07959972629132,14.911459351787135,17.345264051031336,19.123753711026502,21.424185305397263,23.497882500344577,25.934753536519292,4.943834240748774,4.619262711732252,5.173824310894215,6.396557902497248,8.021785960744651,10.262164732647785,12.395422461537969,14.41356878083981,16.21698381327428,18.044341883260802,20.883687988475597,23.477841148623522,25.60634720142645,2.049940974760005,3.2272403071354945,4.940066598741357,7.383986050907734,9.16430188284956,11.591407550422856,13.649698018637627,15.740859061690374,17.99627122489545,20.416596582192636,22.676949905134947,24.847319956083798,2.2260271786301264,0.0,2.297439444250925,4.485147489213705,6.550551503499533,8.810065266500583,10.9561987933772,13.51849492362223,15.808510144855523,17.307053417609826,20.04141322362273,22.526028766740044,24.767986958975897,2.1994010548328835,3.167623872873798,5.103583544922137,7.200680662270756,8.931401065902259,11.55113609131154,13.534577422291395,15.448091306048136,17.963553601668018,20.386605038603168,22.565181009688356,24.739630474200702,4.344501352284287,4.923601324234122,6.3389999211232055,8.014627876576679,9.885150580542513,12.085977701452208,14.736444957994449,15.872774678675432,18.43594589382384,20.605297110209307,22.95835240168597,25.056011653892565,7.0244117903209515,8.008203606302727,9.301099397383087,11.263675110726517,13.276118747585832,15.032022651659357,17.41685611699195,19.111557053259684,21.349836252299454,23.348362212369416,25.545968135891815,9.512981972021182,9.898216910130834,11.18026748338339,12.570993477048662,14.418747969223958,16.09596374871663,18.08765462960856,20.950577867925265,22.04740315774173,24.126746154423728,26.4591018932994,11.838117460136978,13.08318099698999,14.289126110437964,15.952116630717066,17.534913886301236,19.016858441919368,21.11115792655628,23.12148978764128,25.00132684478966,27.05882850383586,14.96904706385814,16.07581702433814,17.371546419360598,18.89819001915263,20.603187641721853,22.201392411288083,24.170230160261195,26.029434569348602,27.990477416435755,19.178368569823657,20.613657923813523,22.139088508789154,23.918256144627268,25.730154488459643,27.314342185013352,29.40845315551296,22.405706527579085,23.77039170901481,25.32112250671364,25.751230960868646,28.7758975012075,31.521334045373145,25.44989062844868,27.003916549271143,28.895461546755055,30.152503660558605,31.24691760798175,28.43421213960394,30.317670227113428,31.429346032012823,33.34637870893929
L03,22.173199250446473,22.10442899058919,22.7802570661527,23.29646593369904,23.960360681759365,24.92867170548804,26.031805546292787,27.125506262556648,29.49997088134156,31.49312804406701,20.453277292404756,19.997824681699758,19.904343872632428,20.121084115921786,20.589221087743947,20.908225008354965,21.871306431029677,22.642560367590942,24.00465263235442,25.25600938390703,26.810527503202916,28.42153980698442,29.987088238106747,17.998405068227573,17.821084871578385,17.84054511499018,18.267742115543452,19.28464363165677,19.892127211537737,21.08387291272645,22.134804178036,23.798267205828243,25.34632425027345,26.757411683494354,28.752559694747177,16.118735682428696,15.724360527538154,15.470021848724068,15.707271246145844,16.206104343734186,17.015336170643238,18.227884572818645,19.155869935870832,20.817363185571796,21.952837857552723,23.548044674664606,25.51772568235657,27.44836995160186,14.032314848235126,13.350690057071958,13.259083301646461,13.472301844896439,14.201795449871822,14.81708095408809,17.215585525912267,17.57890283834574,18.733500393679765,20.632955386953174,21.707433058747412,24.411396109194573,26.023685288598152,12.025744924951635,11.35071063854594,11.038127241520638,11.33867329099838,12.0200133943353,12.837590934439374,14.117338453122104,15.769343708601193,17.740298672795788,19.07075889942506,21.075196891132478,22.528482527680374,25.230539035066215,9.767147587704407,9.106034976871108,8.866284283734647,8.984553856480575,9.899129759731407,11.040704732941643,12.490846568587735,13.874045012180117,16.05931605019342,18.063152022833666,19.833963799503117,22.804382955914416,25.08182991729272,7.5394960706933185,6.965383334749064,6.693345426615902,6.972784307577569,7.924220150904441,9.280737255196916,11.090010144269481,12.835350248434985,15.212383672521542,16.96536259559459,19.235231217742093,21.258722492191293,23.696546436137062,6.09564311619373,4.966030205304837,4.4651076134848084,4.8716564944585325,6.09559135769451,8.179598339771948,10.235898885784287,12.212798246102324,13.971878327554961,15.784512979499874,18.61552481129662,21.20890107949962,23.3335251730209,2.7626918032961987,2.128046052133271,2.991708876211053,5.188095797110921,6.925273207607047,9.324732972048047,11.360960698814164,13.448133848233367,15.712630651803664,18.124874068528037,20.38103179429344,22.550372169877818,4.521159696361101,2.297439444250925,0.0,2.190022830931221,4.264928252620435,6.517033834498637,8.666895176474677,11.223035284627773,13.516035550411962,15.01634529437839,17.748180301090027,20.23436779343501,22.4735569503361,3.258519449074994,2.4387359430655873,3.311852200808484,5.118574997008444,6.781053974125261,9.328361324477092,11.291946599236113,13.198261893143354,15.709946721742885,18.128836614631396,20.302045463450227,22.47213403306415,5.0821420680653935,4.497136199849856,5.104661790951482,6.336323224078772,7.95607302631141,10.054815015702676,12.620994968701952,13.710749797148221,16.245484080199027,18.40457891395508,20.746702991077886,22.834840835880595,6.814162090822319,7.027016507736409,7.949717605047365,9.609160889484576,11.511800423912847,13.213285019252403,15.391230132773664,17.037670762166993,19.247062529123763,21.209456617273343,23.38651962135452,9.363634443953908,9.207567865620106,10.068932068496638,11.175609021435923,12.799432838997204,14.336949780200808,16.21814471510228,18.99902958048121,20.02983819205737,22.07689045132942,24.349638210864654,11.340402682444747,12.194798604323074,13.062463205689806,14.5174572498079,15.928050006199754,17.302860139294893,19.29322650569365,21.223392612869414,23.039229240580077,25.05845494039886,14.199278925353921,15.050083621030149,16.12530474130644,17.47082510930723,19.033766968206795,20.507984615753934,22.39432539729652,24.177952022452192,26.080709691264154,18.06393846867288,19.322179509568787,20.68528452789567,22.345287310750784,24.07082188044272,25.557402156713817,27.585019430843253,21.233986177823514,22.447459767198605,23.853592706340905,24.16371635324335,27.122500566872517,29.805835804419242,24.239199594871117,25.655267782660154,27.448836951681578,28.59759844812148,29.61622312179593,27.200220293225566,28.955349695695265,29.907162018486474,31.804371979336427
L04,22.280377577590556,22.000504562395836,22.452668260142268,22.7450131897082,23.220806273684815,24.025463429453342,24.963607511735958,25.92306328349333,28.077102450217332,29.97613507442212,21.008692296285364,20.34613457146099,20.02731846753329,19.991000625281366,20.20693853605736,20.337663902228297,21.075049347510433,21.633243399915788,22.854560770227025,23.96126227893681,25.39521933356749,26.897943136976107,28.389660811640567,18.396095373747112,17.951928754314952,17.695000706414227,17.828892338000138,18.601017176487957,18.99925222212706,19.97935326781125,20.887049480479522,22.424418877643184,23.8447422506514,25.14806235080548,27.06517742413672,16.83984798031146,16.17160950555015,15.61071734418377,15.52934158295193,15.763109401383979,16.279492774653637,17.22710817287684,17.946705909441988,19.462426621570085,20.455794533578988,21.92236045684862,23.81700577318652,25.704643802239318,14.86538058712255,13.873238446736218,13.436523731977703,13.269265880221106,13.678704397712528,13.965901617869145,16.045530374531097,16.26466738055224,17.252905175650852,19.079924737797054,19.97110838186003,22.60273302058846,24.162477439203126,12.998750747668025,11.979684136069698,11.253791938720033,11.10414120947676,11.3996369240428,11.857603509984637,12.872683675131615,14.28951997094374,16.098749547713325,17.338692713119986,19.2542713183335,20.620557339703502,23.27341702457978,10.93931131287523,9.865092650350528,9.140068763417483,8.69802782244343,9.115400704302582,9.81320442057537,11.059179354726101,12.222660307805334,14.262232363834212,16.181138433373594,17.899213390537586,20.813520653652038,23.04486910355535,8.915919526330418,7.9475244573389014,7.01180240737002,6.585415780343713,6.9503902768118,7.839250219249288,9.420876020837976,11.019532476471042,13.299365285606678,15.009228094742248,17.230199070237116,19.178713251936376,21.615823208936547,7.770706853304917,6.239741661319001,4.950586429909087,4.285437783937599,4.708850602854161,6.424544263992583,8.317436263657209,10.212591297021536,11.893449625739372,13.678476888893734,16.492783997857973,19.083205836546437,21.200524922746606,4.612828416492423,3.05672046481192,2.1522922663987805,3.314039529034016,4.899864181791165,7.2211235275405725,9.205402109631061,11.281394594641213,13.56440938633157,15.958912870242761,18.20392037446879,20.36930693469957,6.710387842740537,4.485147489213705,2.190022830931221,0.0,2.083418584922387,4.32711104548982,6.478227535367988,9.033487753907679,11.326074209539685,12.826735594062894,15.558157474456928,18.04448281331443,20.283668356586784,5.03152948913151,3.34594276699408,2.3936217328558826,3.301110419237745,4.784277688429049,7.2075228060686705,9.143656708341581,11.04032685204564,13.546650729977502,15.960871436108995,18.12915690262512,20.29557114249313,6.406438011875242,4.9957055557748795,4.594341302080202,5.068924146206964,6.24698151109798,8.166328734504877,10.609323918139177,11.642804644929845,14.142073857818731,16.28823210173529,18.618016677401492,20.696309719367846,7.181305243477678,6.578232361356658,6.9924366282434045,8.202265113979188,9.925351832554854,11.537819594706793,13.465384695581482,15.05322971989732,17.226826057054154,19.149737596113425,21.30449013705796,9.601233774885392,8.916278708070985,9.280953237679846,10.027447182608343,11.358243746284018,12.715989501411206,14.458123598863029,17.13638307811774,18.094972174612483,20.104215776796668,22.314504274126282,11.148145720253211,11.571652129233751,12.053539106834972,13.253408052270931,14.457312232915218,15.703277014687094,17.56995870797652,19.40800953214935,21.15289682289402,23.12936670123071,13.64642524619543,14.214244862109277,15.039390712392573,16.176049270449198,17.574448070992158,18.9087506990811,20.700445647376775,22.400569724897625,24.239744594364026,17.090054798039706,18.151122306898824,19.334339295667693,20.860663580049412,22.48939185482791,23.87142611994516,25.826694658821516,20.168924339190724,21.218722157566415,22.46879491650587,22.655100706022033,25.53574939178406,28.149450580783988,23.112687792638916,24.381586187120803,26.068514533820295,27.104650837079603,28.044594345434913,26.033970576921224,27.653350538406734,28.442620484055265,30.314673295287218
L05,22.83455626895342,22.363163863818553,22.59930806462888,22.66984358128657,22.951797947001886,23.580793031617915,24.337469732903624,25.145550242537944,27.0435442388752,28.828122189972763,21.96533962860579,21.131294446862455,20.6165524276005,20.34884529893527,20.322303904823393,20.266084624317543,20.766269043812372,21.094771603409217,22.153810981409045,23.09279517511901,24.382365635844277,25.75352096316152,27.153381004950376,19.243659371335795,18.571754494392824,18.066174830328638,17.91788282694136,18.435083536561475,18.611071973424853,19.35278589764275,20.093327872704414,21.47620248088567,22.740221678778774,23.9099942492674,25.72613865312865,17.972940799991523,17.08876663191349,16.272928224508338,15.903859563011741,15.880000031486146,16.09283822077386,16.745581058894313,17.225455175408282,18.559079745504622,19.3779003248546,20.680459786958316,22.474016218735805,24.301396585381674,16.110853763845043,14.888758242378712,14.171698169238576,13.666775040220719,13.758400670136046,13.70153002405206,15.393531758501686,15.444096088797169,16.22318865081708,17.945528607427537,18.60302762993164,21.12938780466675,22.615805380308704,14.37619038549504,13.117451924821374,12.076658561042453,11.533845542575989,11.444463508614112,11.506664503669167,12.193376726731607,13.299537585946362,14.882182232455023,15.994318116131115,17.780883695699714,19.02453153168298,21.601795318908103,12.490240069750461,11.154197505871949,10.085341937683621,9.18185803636715,9.084179929966162,9.247443322345912,10.198532296365002,11.048604346251159,12.860383081386027,14.644450484739943,16.27831370259217,19.101859516811444,21.26146102693792,10.633214847824716,9.45055522178459,8.103344741524946,7.122800011231538,6.852948270635055,7.098280707326246,8.293090738681206,9.638615305115149,11.742944264536044,13.374613302821132,15.510900715303414,17.33862269616592,19.7696164859109,9.66882371335831,7.976062499755127,6.327147303485197,4.941074579481674,4.364548659369031,5.312175637156588,6.840119370303416,8.556703220282914,10.085518776939537,11.811993438873897,14.587921339245012,17.16815336604377,19.269881213956666,6.634176135738333,4.8858596991727055,3.2484724102260745,2.4348151880584283,3.381170507383501,5.418556449830526,7.2606267635790225,9.301014407041846,11.618717356059575,13.971482419557345,16.188508640390566,18.34250593566757,8.776311981692537,6.550551503499533,4.264928252620435,2.083418584922387,0.0,2.2698821555314277,4.406040966672916,6.980219194266036,9.260426987995748,10.757081992808272,13.493866347344634,15.976458212006815,18.222296589617898,6.842737756190865,4.8719745483735855,2.8977543029042336,2.032805204637178,2.9560108254199613,5.1619463383495185,7.071461023013561,8.961723048610686,11.465425112048834,13.878210619528728,16.04578352714507,18.21225853649129,7.86832491703285,5.994184264768643,4.784602909333229,4.303901137340401,4.7623730429272335,6.377884602279975,8.655796035027628,9.63116301388363,12.096636970662548,14.23182293313123,16.552710050018998,18.624951677789664,7.855639121039102,6.551992826613899,6.3853852663719515,6.995707398112073,8.451373497840455,9.93402687735442,11.581928682218692,13.107726652627449,15.244706392712192,17.13282092943249,19.26918454424058,10.01941121024584,8.871591345412615,8.712399554657717,9.040383398949405,10.013264103178344,11.15437510576007,12.734678048541312,15.29780696701328,16.18638505040579,18.158093099221624,20.314034754326872,11.100299545507768,11.083289222969867,11.154020351424862,12.060587464962062,13.03122288966005,14.13260414785612,15.863772060893966,17.60596276833505,19.280962864960866,21.21614821309467,13.17247603907481,13.44427975013909,14.00095889573282,14.910081857588844,16.129464219247954,17.316495026419176,19.008552838130523,20.62493755142061,22.40221643052312,16.136284144746583,16.988800075343754,17.9835131439883,19.369383882818784,20.89752341785983,22.176409853716176,24.06042231549563,19.09333731959921,19.974760999821747,21.065795973568147,21.132090313075988,23.928427278030625,26.47110925140841,21.956232554789537,23.0761938802741,24.654083495437426,25.580456055356013,26.4445034931647,24.823936130275552,26.30740794909297,26.941117961213116,28.7849107693597
L06,23.157697575536307,22.481092878238815,22.479190599307618,22.30767054176657,22.376757986804076,22.810680502782024,23.366998309581827,24.008918426284847,25.629778071610374,27.29078474503802,22.739726691409466,21.724328528173203,21.00037097291379,20.48316791905002,20.19266730771346,19.93349164095443,20.169877466162255,20.245950360504196,21.120551176519992,21.873630151394625,23.003451067176854,24.232085939926836,25.533497703996606,19.92548601665716,19.01389355182152,18.245294187817308,17.792241567604684,18.023641197050054,17.954518233581204,18.427252453906416,18.97904576104921,20.184571731894632,21.275660295276385,22.301846605158058,24.00928572448585,18.981893741141846,17.874168400236137,16.79595671582896,16.123144110253435,15.820258025708682,15.697318528971755,16.014619883094323,16.223922737735162,17.34252230789974,17.965976399850916,19.086382213505,20.7667014713459,22.526508140410932,17.265400835196385,15.814862282043432,14.8136591023285,13.960410058447424,13.706312852113072,13.273464129608367,14.498070112949515,14.360871874646051,14.89759540999822,16.486685112538545,16.892495967144704,19.298414079918587,20.708038873828684,15.69735369417406,14.206813646979395,12.863373624364643,11.926007965786372,11.427231510737847,11.05012710334139,11.342803577599323,12.067699573655288,13.370014248309536,14.330546709738606,15.967885583257415,17.08308300629602,19.580766328210956,14.025113831980118,12.44456913677609,11.06257262123056,9.732854976829769,9.09632892984857,8.6484847805844,9.20835023226202,9.660031314649038,11.172827126560225,12.790076817595741,14.32631683301748,17.05168343595435,19.143678068751576,12.372789055019082,10.998601047405984,9.309532587622217,7.865078829865598,6.968351670230199,6.445598343055515,7.069940947419576,8.045153199287133,9.90020227066094,11.429426669785322,13.467408733679987,15.18183546215674,17.603604659273625,11.615539978838694,9.787071165573488,7.8862153153461385,6.032734123098747,4.602922549858947,4.3901868980716525,5.244796659547442,6.658640476854115,7.990890939063053,9.649739685608106,12.385834570185411,14.954735871957084,17.04407383814093,8.753795291186561,6.875475401744959,4.951698294524819,2.814011371689887,2.2612865806880826,3.4365455038453954,5.053327814420909,7.056127691588355,9.39269269166196,11.716993214984807,13.922241665766329,16.073552220962235,11.035992433850252,8.810065266500583,6.517033834498637,4.32711104548982,2.2698821555314277,0.0,2.1565755261525155,4.711447017636939,6.99900714387405,8.499906117128589,11.231454135596156,13.717371832825703,15.958061160429233,9.07288184646973,7.036756141859685,4.830716820514322,2.93833286065415,2.2862294285569855,3.263923559153921,4.986953378566918,6.8220469801959,9.297195491114511,11.69146992469296,13.843382534626427,15.998730012097836,9.942081572789473,7.877239364142746,6.249992799995852,4.987156504462238,4.338259558855372,5.141920750069958,6.925737505854522,7.7296453993698835,10.074136637945704,12.165312203145465,14.450187715043706,16.49662323022503,9.446213262466607,7.664367227632038,6.9396766495277,6.729096596126407,7.666478787552993,8.86475521376648,9.95112883043929,11.326735849308044,13.366716649948108,15.165107978514364,17.249464049645134,11.328522763361514,9.816538697524704,9.12695617388404,8.929754363922894,9.354391963136887,10.116234329037658,11.386105567752304,13.708153230833101,14.456242388670717,16.341784296703956,18.37486481582926,11.95019434988402,11.475684075470184,11.058752054368522,11.547762423950363,12.1565722553687,13.013148927142884,14.499804584890102,16.062018428578646,17.601440906925774,19.45129944245371,13.514668327413736,13.436867231613178,13.6437137539601,14.227382752987284,15.170047231304192,16.119394064294102,17.63811441169379,19.106075525863492,20.769163777099934,15.844082712482916,16.412139318199806,17.134920425843827,18.30373866181442,19.668901850383005,20.77977384381264,22.54008768838311,18.601883372390013,19.250899303668906,20.11198461117152,20.004653508621438,22.657305510585324,25.080052830885347,21.329528850867757,22.241502669558997,23.658257754957358,24.42325025462418,25.171851938226556,24.10441009442048,25.39648404799373,25.809837078137477,27.605097011240517
L07,24.048454690478554,23.199458722134015,22.983545070332383,22.586875768906154,22.44795162147317,22.680903355025343,23.022713393516412,23.47959697269099,24.77613194185081,26.282743426058097,24.00265868607059,22.850020218809437,21.96001696265283,21.234372747976334,20.71088122219815,20.26545990102371,20.242533759388916,20.059968594192764,20.728905904557532,21.269542778348576,22.20740743535814,23.259294679761894,24.433885098362886,21.136551303370187,20.04103255822913,19.060351570734472,18.3438304069788,18.30469688358701,17.995147484808232,18.18233827097054,18.521847532036322,19.513685915274948,20.39186683459854,21.235434725948043,22.796061611603,20.448795954774454,19.184293836365207,17.914147481808897,17.001817843983627,16.461864110725735,16.031226060410976,16.010609482465057,15.930105617980063,16.791366412534746,17.178039061545995,18.063032082128405,19.585382814742225,21.24620448456618,18.849367628650036,17.251122543185414,16.052190193241543,14.93864481805495,14.396482973282051,13.628935101467025,14.351714636237721,14.012197008321,14.258420284168931,15.66099256113737,15.741130645541318,17.9633521370595,19.25767016022447,17.405830661017013,15.776284226648555,14.241444203450715,13.028467599836906,12.20845747832215,11.446171630724397,11.331110316292927,11.605469443327141,12.530930252778521,13.275673579897934,14.68725229578358,15.607854849401951,17.970946441409254,15.878680675673278,14.16627378670905,12.606677793931278,11.018571958289332,9.991837568735793,9.01722490570131,9.136423808033426,9.091972118303048,10.151719460268787,11.493223264167455,12.860958906706763,15.410134652234548,17.38152996718068,14.350040592277082,12.886849304620583,11.033408584839048,9.351938889877328,8.069148220227461,6.9301235198227165,6.8694282877107025,7.283371197460692,8.686422105792465,10.016827841188048,11.865242348978802,13.367843879998002,15.762155468082403,13.693132913982835,11.816046716224509,9.824225669232156,7.803851164649412,6.015879819278307,4.892713459829832,4.739520017892107,5.500927285467424,6.391111953330187,7.872202360203909,10.495567254798571,13.027598896189582,15.083299539556988,10.897066118914761,8.991083805637672,7.0104449216864975,4.599252330542433,3.2446289464282354,2.572315105114457,3.2873484755954916,5.09785366600494,7.46615148520307,9.69326962381631,11.846688355823328,13.978397798031075,13.182114739297333,10.9561987933772,8.666895176474677,6.478227535367988,4.406040966672916,2.1565755261525155,0.0,2.601607387750888,4.8558370030304765,6.351041646848176,9.089085322517333,11.570449602327473,13.8184737941641,11.120480430269188,9.031329082698736,6.717714864446094,4.540567585665915,3.0899898058084267,1.83332839393274,2.9921513999127782,4.727848242065305,7.168989468537389,9.549221381871927,11.693301073691723,13.844821414521748,11.823103145959609,9.629027469064567,7.758886775820356,6.058704812086491,4.594533491008636,4.325978386446239,5.30758796441472,5.87743787717063,8.062358525890549,10.104227085730011,12.356095378395231,14.382768718157154,10.922894350857742,8.826433084774393,7.697852817506971,6.7665214844852155,7.0896993589291215,7.906439211174648,8.342389885398548,9.536906049657825,11.463641655250743,13.173854485305354,15.21057697787957,12.51836035589326,10.739650366748444,9.61698419464231,8.944636661150636,8.802073903348006,9.135203172343786,10.040177388871173,12.077411850226852,12.682541149154613,14.476364322577684,16.39676995630542,12.718858321406053,11.844589355482105,10.985553832192531,11.049183363488906,11.276326041756686,11.864344271808704,13.080736867623322,14.450675070736315,15.852287279758716,17.616897002593845,13.776366502093358,13.371004188167769,13.235811913139292,13.487362455276422,14.139484467264003,14.842023345891894,16.177438177906907,17.495011060299447,19.04544486222362,15.45129331156457,15.734435007333436,16.182623891075266,17.127846595529746,18.325097162088937,19.271045768198466,20.909314312047634,17.97427342064207,18.392427626607642,19.024933455862598,18.753715898455965,21.25328974535472,23.554646080975193,20.54236629504985,21.249066920690893,22.50409478295006,23.11454358190964,23.75341120765605,23.20663525804635,24.310926350100278,24.51786622037081,26.260627810469423
L08,24.66054216760045,23.606631314103247,23.13070169709514,22.465116870383735,22.07698170040461,22.066394812021286,22.14952868573054,22.38417228757856,23.295850381559372,24.619626418774107,25.08604594191759,23.768718960011288,22.6798372569117,21.705258003534535,20.903975507065635,20.238983423087237,19.903324596659726,19.413003708854536,19.827249758854606,20.110343930425458,20.81487780410925,21.65608353327074,22.681179687132676,22.18085665613481,20.86813899225324,19.64036051094786,18.615128820397672,18.249372728946057,17.655575549950218,17.495634484064876,17.57496870551979,18.298241035684278,18.91701609662581,19.54374183722247,20.929676777246225,21.827892912509903,20.376349648550892,18.884367000246527,17.694875331575524,16.879121570745323,16.0875676843953,15.659903479906893,15.231072516405401,15.763285476067482,15.85976535135372,16.454801518097995,17.779737034050868,19.3175122621936,20.397180515943862,18.627520339540634,17.20154914535316,15.795544941533358,14.922699655223246,13.778698958900291,13.87341918922657,13.298038501974643,13.182394698991532,14.325817009860206,14.017236710564605,16.00185342390062,17.160431492244008,19.133046019910157,17.341865095773294,15.595648688015514,14.082623512683991,12.912377046849274,11.729122899859137,11.131745236035542,10.8400184501688,11.26039608539593,11.717089399676013,12.828957440104007,13.515374504615105,15.716718137066657,17.818267620619014,15.94919113936503,14.196221539550587,12.348921936752213,10.923381024206744,9.408430474845419,8.996156123589675,8.335338385452628,8.744393918391372,9.683945580185794,10.817209852822492,13.140942926593967,14.982866247817872,16.480764363341887,14.90563792663702,12.873916575774444,10.969480024139704,9.337676798861695,7.641225098110905,6.796181427831367,6.434500524516259,7.101409437569418,8.10711076771497,9.679206424082503,10.94106489332734,13.299211555577271,15.990547332721292,14.046309728893208,11.952712537328084,9.788444718135766,7.74932545451538,5.9287241460536855,4.681723721024127,4.336040820841058,4.409560182149689,5.560105484610881,8.01636208014583,10.503741143040417,12.530432793802454,13.34694710411336,11.388083464745067,9.343800351034904,6.765205466207216,5.0692533967044895,3.0065664802229133,1.5970450838971328,2.634631093720713,4.982845070840553,7.112225319827824,9.245557635967666,11.377782209200527,15.743873221034269,13.51849492362223,11.223035284627773,9.033487753907679,6.980219194266036,4.711447017636939,2.601607387750888,0.0,2.3144934651020295,3.823018310183722,6.5305087856919695,9.022133062641007,11.251270372717919,13.722056114154322,11.629296969292684,9.30112294295694,7.080092160417123,5.478965230771227,3.093388110147189,2.185979185628262,2.9054906642424445,4.985345424341226,7.237171408775669,9.31098797120907,11.420182704317826,14.38917137989537,12.15494915661929,10.198367565448894,8.32961229589949,6.492063847498729,5.30033055572952,4.81128974392522,4.7408202876717445,6.290663716969776,8.110757547849646,10.217734484708437,12.15715941328401,13.304169045829205,11.055923389749045,9.699473439316177,8.256218141497959,7.920541016875047,8.17462182611526,7.510202394077007,8.259149229793588,9.860717468825483,11.321107763818874,13.20844657785313,14.69951349535079,12.761355609808858,11.33160579970906,10.26200643149282,9.519503873627029,9.276279426580464,9.570551969452962,11.020865029570048,11.32951389071923,12.894412937392692,14.53650480686468,14.577749140385151,13.378038720231006,12.117442386906571,11.705511949504814,11.437727484076547,11.617964709879265,12.364822521977418,13.36566365729738,14.483539795229618,16.05597424636699,15.157780213474531,14.429744626984913,13.916627824297091,13.750497772808082,13.98774220523098,14.30445874544018,15.316396736830763,16.354674102531057,17.681760234773005,16.089271518623832,16.01603608887043,16.08880744492891,16.693979872996135,17.614392893313127,18.280701791780313,19.69247434935488,18.273017101726797,18.382963553246796,18.687507806018434,18.179157653752828,20.40840895317418,22.4913024300506,20.594116635583088,21.01344350647937,22.023472046886702,22.39765648455213,22.860467208698953,23.077575804230392,23.91012080688845,23.81308264379058,25.46179451649078
L09,26.043227833738275,24.84917113305794,24.180929862186854,23.30757241756421,22.71460202160716,22.489449704250212,22.33116559877697,22.345406351194423,22.842714133832693,23.948404644151143,26.78160318203524,25.365469619149575,24.150836714283837,23.009695021881537,22.010678499310284,21.182270180507093,20.593674417160237,19.83970486171606,20.01008108429349,20.033828116463415,20.48374169921111,21.080486000090225,21.920325727506878,23.86761274195641,22.424672684344806,21.04116767197106,19.806666276786714,19.195649012211074,18.378288168379555,17.916109454901193,17.748704882328738,18.189734055230165,18.519781910162983,18.88845099525104,20.04549630216224,23.716093544258086,22.164526094640507,20.548992700373418,19.193244358367348,18.199321553288737,17.155350477329222,16.409673518994822,15.685073477672969,15.892034262485089,15.686407268715165,15.94412860585363,17.008824092217548,18.370486112239927,22.38371526355712,20.531981151364814,18.988919637514925,17.422361034027507,16.348441057177286,14.962708077082837,14.556195107238704,13.787954308018286,13.328770160821291,14.169172770490167,13.417611001963055,15.055758001508924,16.00953968732393,21.214200197037833,19.3532092687492,17.51115421667001,15.850044952617642,14.490405411857875,13.060264775263938,12.129066246005914,11.370368507660604,11.271956351938202,11.386077463288224,12.087424746404835,12.430135799740887,14.346806369363183,19.99709611418618,18.069667456818348,16.240787480907446,14.288125734329187,12.678421865516228,10.890085215460896,10.132765910648484,9.010620511374341,8.735022896363809,9.123556872185322,9.877267081536269,11.785184470342413,13.372116100303646,18.73194239794688,17.123486619260692,15.035321080708584,13.058000612651234,11.300545827525324,9.386110216697864,8.124786397192237,7.192752254874346,7.012,7.498720224144917,8.55629201231468,9.332865208498406,11.578204524018394,18.2867061003342,16.329699354244095,14.21475434188013,12.020060315988436,9.926312356560215,7.912526903587754,6.246077248961943,5.123819864124811,4.15631627766704,4.4765420806689615,6.362735653789178,8.672804967252521,10.594072776793634,15.661413122703838,13.70117443871145,11.652644549629066,9.05872689730737,7.323988667386098,5.064763962910809,2.9824796730237746,1.8931732620127508,3.5141464112925065,5.143463132948461,7.101299036091918,9.178467410194362,18.03452799493239,15.808510144855523,13.516035550411962,11.326074209539685,9.260426987995748,6.99900714387405,4.8558370030304765,2.3144934651020295,0.0,1.5086089619248586,4.23345544443307,6.718616300995317,8.962640514937547,15.936656863972443,13.819062920473298,11.457586831440555,9.188228610564714,7.490862967642647,4.825853914075726,3.0474554959834936,2.0233447555965345,2.977653606449212,5.018505155920436,7.032141139084169,9.119118652589187,16.49162566274168,14.201496998556173,12.15494586577826,10.1576163050196,8.109263653378154,6.400781202322104,4.80838403208396,4.089879338073435,4.663707752421886,6.153262874280603,8.093910426981509,9.956059712556971,15.164565869156954,12.789130150248688,11.259344607924566,9.46113534413286,8.622990780465905,8.382885541387287,6.762569038464599,7.006694084944768,8.214473872379166,9.414196566887691,11.157232497353455,16.335050443754376,14.269845864619562,12.597820843304607,11.228107943905776,10.018182769344946,9.290838498219632,9.012155846411002,9.843767673000007,9.867913913284815,11.191449816712757,12.581680173967227,15.904028986392095,14.43237360935477,12.855578788992737,12.04580366766784,11.35371806942554,11.16047454188217,11.452574383080862,12.091013067563859,12.936311877811233,14.32492362981388,16.037609204616505,15.037661054831633,14.203838143262546,13.672612515536304,13.532969666706565,13.49585076977365,14.19707832619092,14.973701112283496,16.09490618177068,16.284623729150145,15.895693630666138,15.633001151410435,15.924389470243435,16.585748249626846,17.001045673722544,18.20632247325088,18.12384622534632,17.95822054102243,17.968584696630952,17.260440463672992,19.22729070878162,21.10729667674191,20.19055719884917,20.351662929598653,21.13710616427897,21.305060619486632,21.615135646116126,22.48572918541892,23.074049081164755,22.71811931036546,24.275100411738773
L10,26.997736145832675,25.722620336971893,24.94005954283189,23.943074593710808,23.2261480663497,22.867708958266896,22.556755662107083,22.428549841663862,22.64962374963434,23.602876095933734,27.921626206222303,26.449572586338704,25.163236059775777,23.926412267617557,22.8127307659561,21.889445241942518,21.14941079557537,20.236325605208076,20.251071329685253,20.107198810376346,20.38632848258852,20.81526922718032,21.52415798585394,25.008167565817374,23.492496333936078,22.02219870948403,20.669684080798138,19.915710431716967,18.96845352157102,18.323404841895513,18.00177530134181,18.25673892019054,18.393031424971795,18.584232079911185,19.575560400662862,24.974581838341155,23.36793230048393,21.6852567888877,20.238500043234428,19.146195653445098,17.961223037421476,17.032211893937912,16.13436559025486,16.134895971155192,15.736073207760567,15.76558815902534,16.640852922852243,17.86833268662748,23.70102432385571,21.805519324244493,20.19988722740798,18.548409123156627,17.366455021103185,15.853232414873629,15.157403372609702,14.282280245114924,13.61663985717475,14.249330159695226,13.211253990443149,14.584708224712621,15.381945585653332,22.587060654277263,20.68927901112071,18.797865437330913,17.060966736970094,15.60491332882051,14.05101152942378,12.9450169949676,11.928513277018222,11.51238989089581,11.399999692982451,11.804659503772228,11.893562502463256,13.574296961537271,21.42638863644548,19.468342122533187,17.601076245502718,15.597662965970255,13.899387180735703,11.985225279484737,11.057664219897436,9.708557101856073,9.033625296634789,9.042490641410696,9.500805123777669,11.05535526340063,12.425699577890978,20.202723207528237,18.576639227804367,16.4602565289852,14.449000553671523,12.63525025474367,10.630303570453668,9.189809845693219,7.998600002500438,7.336765295414594,7.450179729375661,8.081319817950531,8.445298100126484,10.563087853464062,19.783314004483678,17.819386128596012,15.69368701102453,13.485207488207218,11.369088793742444,9.280481937916802,7.467341695677251,6.058152276065698,4.632553723379795,4.306040408542399,5.527320689086168,7.6067581136776,9.410629362587818,17.16996540474092,15.208388540539067,13.157383326482512,10.556437277794057,8.807038378478886,6.494134661369443,4.328132391690439,2.662298630882719,3.139040617768429,4.045631965465964,5.7641933520658375,7.77276327955509,19.53302621203381,17.307053417609826,15.01634529437839,12.826735594062894,10.757081992808272,8.499906117128589,6.351041646848176,3.823018310183722,1.5086089619248586,0.0,2.747407869246938,5.21959787723154,7.475529145150864,17.399096557005482,15.271579649793926,12.898556857261203,10.615044606594925,8.889104173087409,6.172585924877839,4.252273274379247,2.6664142588877673,2.0716177253537875,3.64704277463262,5.568010416656922,7.626753568852215,17.897478313997198,15.583838294848931,13.500298144855913,11.454276493956307,9.334264834468755,7.43882336125815,5.390802908658413,4.349180382554856,4.0072026402466845,5.058227851728311,6.788184514286571,8.561934010490853,16.44979066736109,14.020944939625146,12.416233406311273,10.4642680107115,9.381725054594172,8.86689218384886,6.694609547987096,6.53142411729632,7.355898993325017,8.298374298620182,9.8948060112364,17.496601955808448,15.374976162583147,13.587803832849517,12.07338167209171,10.623988187116927,9.624982337646133,8.977174833988698,9.328760957383354,9.126054350046356,10.22815652989335,11.393507668843691,16.898635832516185,15.286466334637314,13.547313276070646,12.514592961818614,11.571092472191207,11.134918993867894,11.100177881457576,11.456215780090737,12.078126096377698,13.308129320081015,16.77645969804118,15.625431226049411,14.606487360073949,13.85188391519363,13.464841811176246,13.182779411034685,13.649946080479586,14.223053469631617,15.178359858693561,16.605326404500456,16.018369361454994,15.5360675204506,15.608361637276348,16.0795432770959,16.30882917318101,17.352880020330918,18.205620588159032,17.85874262091259,17.668439348171077,16.82659591242388,18.59143256986938,20.314346113030567,20.08779731578353,20.073024909066397,20.698460715715072,20.72051893655176,20.92007385264211,22.241865254514963,22.659938261169206,22.12491541226768,23.610447285047353
L11,28.39784521755128,26.974705725920348,25.981350234350792,24.76165965762392,23.822197799531427,23.222502212294007,22.635669285444155,22.24914294978573,21.965815304695614,22.633975567716778,29.683892601880906,28.106296803385536,26.68612375374138,25.273346632371425,23.95199083583659,22.860618211238297,21.849343537049347,20.656631768030334,20.387349116547743,19.940180189757566,19.904392505173323,20.02256119980658,20.485769231346914,26.78442653856901,25.133441666433193,23.50609355039667,21.943084787695643,20.932520345147164,19.75971550908565,18.7918231419945,18.195630794231892,18.107709131748276,17.88846513818332,17.752629326384305,18.42778774025792,26.99229475239184,25.27895539772164,23.471714551774866,21.859499216587743,20.59192390234579,19.160750950836974,17.912659657348485,16.71924355346258,16.347176698133534,15.6069936246543,15.218779188883714,15.727176097443559,16.6868788273901,25.848757726436297,23.868073173174242,22.14380423504507,20.338590831225254,18.964636827527173,17.238212900414013,16.035718661787502,14.99056506606739,13.975092021163938,14.214553105884125,12.684408145435876,13.52621587880365,14.014610233609782,24.861567227349127,22.889125627686177,20.903429503313564,19.02790477167678,17.40368955135663,15.646989646574193,14.25510031532574,12.819467422634998,11.861693175934032,11.347773217684605,11.18817178988596,10.794061191229185,11.975964094802555,23.83782649487994,21.812103635367222,19.86732385098708,17.771034860131248,15.917624257407258,13.805565001114585,12.606833067824766,10.9262852333261,9.615242066635659,8.951499371613675,8.826038295860721,9.615063286323185,10.525306646364275,22.727541552046496,21.056037922648223,18.876285889973165,16.798794034096616,14.884395083442255,12.738888020545591,11.03102592690272,9.478952262776726,8.095284121017619,7.555334539251058,7.3220024583443015,6.814470045425396,8.578723040173287,22.394849787395316,20.40757271210861,18.25158387647494,16.011483535263057,13.851722853132747,11.633010831250868,9.615364475671216,7.859881996569668,5.973287871850812,4.735756117031365,4.325541353403063,5.643576614169422,7.125621165905468,19.85829181979155,17.879679751046996,15.814252116366426,13.187991279948589,11.401474685320316,9.000702916994873,6.777380319858109,4.769399123579405,3.6504095660624167,2.523163886869024,3.2778738535825322,5.101154869242846,22.267392236182484,20.04141322362273,17.748180301090027,15.558157474456928,13.493866347344634,11.231454135596156,9.089085322517333,6.5305087856919695,4.23345544443307,2.747407869246938,0.0,2.4941932563456266,4.730096193525032,20.145941849414736,18.01668362934755,15.640825969238325,13.353319063064433,11.6170387362701,8.884396040249444,6.917344143527919,5.141113206300751,3.164207641732761,2.417063714509818,3.3984728923444423,5.170789494845057,20.621492671482343,18.294788820863715,16.18841869979894,14.111116185475902,11.945595422581496,9.917325092987523,7.529261451165048,6.261675494626019,4.6948551628351645,4.452898045093779,5.2402516160963115,6.566260731953918,19.0837433696851,16.61361011339799,14.946347312972492,12.859684482910147,11.533565146995963,10.706498073599976,7.914041003179096,7.092763142809719,7.028903186130821,7.229984370660838,8.30499151113353,20.007612801131472,17.83552281263434,15.93511672376453,14.272832830240814,12.56124137973632,11.237394048443793,10.079204036033797,9.571057883013768,8.915941341215744,9.44243040747455,9.96929531110399,19.22684968995181,17.458430885964525,15.536234839883182,14.225945768208172,12.947769576262932,12.150291889497963,11.555058329580167,11.347517173373213,11.460580264541582,12.275392783939745,18.787257649800836,17.446413528287124,16.182264025778345,15.108732110935055,14.333132421072513,13.631698683583055,13.63920620857387,13.775068057908099,14.337159063078012,18.026389793855007,17.140801293988563,16.30442209954097,15.986658719069474,16.08665863378719,15.934696137673916,16.611164227711434,19.22523011565791,18.57847684822413,18.03414087224562,16.957971694751706,18.291478808450673,19.659939572643655,20.76854653075174,20.44006802826253,20.75727038895047,20.493103156915986,20.46466027081808,22.644994502096925,22.741699232906935,21.86275783152711,23.187419972907723
L12,30.171088959465816,28.64979359436993,27.508846722463666,26.130724922971424,25.02713351544679,24.240604716054428,23.431613260721083,22.827263918393726,22.087480299934622,22.470614811348618,31.69855719114042,30.05634455485231,28.551775373871237,27.0248154480285,25.564594677013755,24.35934327932508,23.15393117809587,21.756614902139532,21.25980893611229,20.560938743160534,20.244148710182902,20.068004210683235,20.281886721900406,28.81736110402894,27.0849546796741,25.361534851029816,23.665258460452108,22.481931945453443,21.156491793300702,19.955227610829198,19.149191627846854,18.77476950590872,18.242904072542835,17.80061527026524,18.146186734407866,29.174764437780812,27.40160685069399,25.523983388178266,23.81483575421002,22.44127024034067,20.856641460215975,19.398600568082223,18.00566813534005,17.350282130270966,16.34388038380115,15.595339816752952,15.74009262996886,16.405067052590795,28.109604977658435,26.085220968970148,24.297533249282733,22.408667988079973,20.925018757458737,19.07844626797476,17.548764885313155,16.401215717135116,15.148606569582563,15.067308452407815,13.15974353853448,13.457701586823807,13.60316036809094,27.193396716850213,25.185299204099202,23.1540054634182,21.208862298576978,19.497755204125426,17.636601061429044,16.0872881804237,14.407251125735263,13.09298991827306,12.286058481058928,11.645079475898823,10.798117660036864,11.372592492479452,26.23896347038122,24.184056504234356,22.20534100165994,20.068915865088478,18.14423462149892,15.943670750489048,14.609910335111573,12.771682152324336,11.10400468299613,9.985832413975311,9.370961957024475,9.315356890640315,9.607297642937894,25.178122189710656,23.48997200934901,21.286422456580155,19.18434228739677,17.231059311603566,15.033066619954825,13.215230039617168,11.511808893479772,9.776713813956098,8.84082349105557,7.922182527561454,6.5330937541106815,7.65588277078483,24.874818853611778,22.88146516287801,20.71718557140424,18.46871801181663,16.297402799219267,14.038341533101407,11.956234273382233,10.089999256689765,8.087087980231203,6.536583358299656,4.997292466926465,5.071250831895421,5.841870334062542,22.352386405035144,20.372628794537047,18.305669340398346,15.676079930901093,13.883400339974354,11.466487910428372,9.240620974804669,7.190276211662526,5.670961999520011,3.5579685215021226,2.3031953890193515,3.1009832311703978,24.752044622616534,22.526028766740044,20.23436779343501,18.04448281331443,15.976458212006815,13.717371832825703,11.570449602327473,9.022133062641007,6.718616300995317,5.21959787723154,2.4941932563456266,0.0,2.284007443070184,22.594810930831,20.45740699600025,18.07372969256761,15.778746781668055,14.02659962357235,11.280759238632832,9.283374925101324,7.429029075188763,5.120086132088014,3.1531953634369057,2.181909713989101,3.015124541374701,23.01266746815762,20.66737104713611,18.533148356391045,16.424469793573248,14.222171212582136,12.097211786192718,9.523740126651925,8.181141485147412,6.058250985226676,4.858470644143073,4.404019187060838,4.946912168211601,21.35654056723607,18.848582678811688,17.126461222330782,14.934395501659917,13.427048260879976,12.376390790533401,9.254113950022443,8.009110125351006,7.196084490888083,6.634254291176967,7.030341385736542,22.14524115921974,19.932399203307163,17.938477220767655,16.16315343613368,14.261957684693922,12.713805291886453,11.199584010131804,10.00861553862471,8.998642675426112,8.934559642198378,8.77162544799993,21.189583691049712,19.290952205632564,17.229982849672254,15.70703437953836,14.182176878039563,13.11149804560867,12.065694219563165,11.367297743967121,10.99814257045252,11.37239622946721,20.46341462219832,18.969886794601596,17.512683889113056,16.18801562885334,15.09949936256166,14.055162645803854,13.651589284768276,13.379157671542703,13.550505894615153,19.193423378855584,18.06258544616468,16.93416487459597,16.279096197270906,16.042278952817146,15.54405407221681,15.860824348059593,20.021344135696786,19.119752561160407,18.26973412504955,17.00536962256334,17.917011162579545,18.93386257476271,21.240038253261222,20.634760405684386,20.668184487274154,20.14708934312845,19.909824911334606,22.84145722146466,22.64589825994986,21.465146167683088,22.625921086223208
L13,31.399088856207275,29.782832991507036,28.498724778487897,26.972591217752885,25.717947235345203,24.759742183633495,23.749214765966475,22.948318456915313,21.796981075369132,21.916806336690573,33.18156888997264,31.47300420995746,29.883222199086898,28.243767808137783,26.650502678186015,25.340070343233066,23.9553468144379,22.37626854504566,21.671430271211914,20.747344986768788,20.175917054746236,19.732729790882964,19.716794490991685,30.329223745424148,28.513873816091703,26.69633180794695,24.872953664573092,23.52631093053052,22.064422516802924,20.654449714286752,19.662617577525126,19.028549603162087,18.2177516999217,17.502261168203383,17.54106031572778,30.85767356752612,29.019281383245865,27.0688970222283,25.262456016785066,23.786100983557603,22.058397153918506,20.409970357646284,18.845238788617138,17.93646085491784,16.703462156092073,15.641209735822866,15.449806536005555,15.830638174122987,29.891097571016022,27.817832140553296,25.961254284028726,23.986713176256558,22.394343928769157,20.4388409162555,18.607815051746403,17.38029024498728,15.931164709461765,15.559291821930714,13.359772453152038,13.151522877598625,12.975474789000979,29.06949337363828,27.018518723275708,24.935901367305735,22.91617878268539,21.117650058659464,19.16032100461785,17.470113708845744,15.58384050868078,13.974441849319062,12.929529960520608,11.881412458121298,10.659293644515099,10.639867386391618,28.21675775137888,26.12184405818242,24.10086083524819,21.91956299746872,19.91868961553445,17.635601520787432,16.177369687313202,14.215582189977308,12.268816161309127,10.801603816100643,9.79522791975766,8.974334961433074,8.650990347931272,27.241585875275323,25.52523357385785,23.286642630486686,21.15325944151397,19.15428675257839,16.903470945341375,14.980517647931931,13.152052691500288,11.149358232651778,9.923409192409633,8.49329488479,6.458946353701972,6.8250029304023005,27.00472745650287,24.997033143955306,22.81616698746746,20.55409752336502,18.366351080168318,16.05316345771138,13.90259745515204,11.940619121301877,9.874397703151317,8.147489429265926,5.968246811250352,4.9511979358535045,4.815619690133348,24.548101678133893,22.556057855928636,20.481025364956707,17.83985336262605,16.03111115924283,13.58550289831039,11.364969423628029,9.275234228848348,7.485038410055088,5.063806670875183,2.8746848522925084,1.700049705155705,26.993780487364123,24.767986958975897,22.4735569503361,20.283668356586784,18.222296589617898,15.958061160429233,13.8184737941641,11.251270372717919,8.962640514937547,7.475529145150864,4.730096193525032,2.284007443070184,0.0,24.867574409258335,22.733128799177646,20.351583746725954,18.05812227226297,16.30842766792679,13.563549719745197,11.567323804579864,9.710657495762067,7.367676431548824,5.223053608761832,3.5028793870186283,2.603453475674186,25.29653181762275,22.951274300134187,20.815536361093365,18.70365509733325,16.496515147145473,14.353323134382505,11.73760333287848,10.382809735326946,8.11694924217221,6.578734604770131,5.349243030560492,4.924035946253845,23.626801158853475,21.11109909502582,19.375540147309444,17.153714962071625,15.5842640185541,14.445096919024115,11.212650221959123,9.791279640578141,8.573836130927626,7.478154317744453,7.1597124243924775,24.375968657675944,22.151036905752292,20.12495180118452,18.307940162672587,16.330983467017532,14.68698896983313,13.006382587022419,11.429617535158384,10.213795572655643,9.681301255513125,8.85072658034356,23.35285363718961,21.399847966749668,19.279588195809577,17.656140603200914,16.009188267991604,14.791893624549902,13.475790329327626,12.440219933747152,11.686168319855744,11.63143851808537,22.491053865926336,20.922115691296614,19.364683137092637,17.900977850385715,16.624839638324335,15.360562261844454,14.654634352313265,14.047793065104567,13.852970800517843,20.935096488910673,19.656247378378204,18.341088571837822,17.448629315794406,16.950056047104976,16.166301648800196,16.143589842411135,21.512374973489095,20.437943145042752,19.367119068152597,17.97160120857349,18.511239099530854,19.187247275208602,22.485876122579704,21.672408472525614,21.47298889302558,20.73561846196057,20.3117166679727,23.859560809034186,23.424603006241107,21.99210153668812,22.990457259480507
M02,24.624565701754012,24.74193545379989,25.58586025522691,26.24785255978096,27.01465048820732,28.057122090478202,29.22037044597484,30.350738590683424,32.7570825471378,34.750807659678934,22.45261198613649,22.233047586869414,22.362956199930274,22.795573890560423,23.44600076772156,23.881655930860404,24.959694429219283,25.81632671392272,27.21954424673565,28.500462189234756,30.067514197219563,31.678680812180293,33.237112991353506,20.209041590337726,20.297036951239953,20.548524740233788,21.177085375471293,22.32767343455202,23.028606992173884,24.290120007937386,25.373130059178745,27.052873359404913,28.604226156286767,30.004968271937898,31.98344037154227,17.99216143213483,17.9220080627144,17.97170289649815,18.46363087261008,19.134395339283653,20.095093381221197,21.408377916133674,22.389642471464345,24.071202981986588,25.21060921516971,26.79182951946358,28.74379106868125,30.66041747921903,15.816442868104065,15.523044095795129,15.770626652102319,16.277317715151966,17.1945384642915,17.957164726091925,20.443983369196914,20.830240037023096,21.991484761152442,23.886462044430104,24.92008990754247,27.593598623593845,29.175886293307354,13.691648330277841,13.471116397685828,13.573976351828524,14.201473761550243,15.0839214065839,16.03051452698883,17.36342685071124,19.026830109085434,20.978174181753758,22.2835178551323,24.249623192948793,25.646308506293845,28.30494502732694,11.257299187638214,11.185012919080604,11.432574950552478,11.930786604411294,13.051216993062372,14.289684251235226,15.749106800069647,17.106368229405096,19.242719064622857,21.198732273416727,22.92893266159592,25.842705450474803,28.058910260378966,8.876980680389027,8.939047040932271,9.342142366716535,10.025691996066906,11.146301628791498,12.536879236875498,14.31367045869088,16.006055885195455,18.323891508083104,20.0404407386664,22.257540227976676,24.165744039859398,26.599936917218432,7.031926336360471,6.817319487892584,7.193236058965394,8.058995098645985,9.349266976613729,11.366669608992778,13.339353994852974,15.24314383583649,16.891934199492965,18.646312906309387,21.430459654426453,24.01074363696385,26.110248754081223,4.237766510793156,5.011478923431685,6.250223755994661,8.301129140062814,9.931023008733794,12.212862154302734,14.10262347933887,16.12887413925721,18.458121166575975,20.786715781960364,22.96679429088875,25.096017213892726,3.151375572666641,2.1994010548328835,3.258519449074994,5.03152948913151,6.842737756190865,9.07288184646973,11.120480430269188,13.722056114154322,15.936656863972443,17.399096557005482,20.145941849414736,22.594810930831,24.867574409258335,0.0,2.1594823453781697,4.552063268453109,6.849883283677175,8.628168983046171,11.36654503356231,13.38403844136739,15.300188887722923,17.805683390423408,20.229023753013887,22.42106502822736,24.60818337464186,2.147717160149353,3.130626934018169,5.017324486217729,7.0155915645082985,9.128781353499491,11.432165499151942,14.200240314867916,15.432518815799318,18.046094591351338,20.228509089895873,22.60131788192892,24.7205163578757,4.971725857285375,6.356773552675917,7.895301197547817,10.098694668124194,12.194205919206055,13.989670832439197,16.663642939045474,18.43390555471086,20.714703015008446,22.78351221826872,25.02124635185066,7.392490581664612,7.99709853634429,9.518244060749861,11.110787550844451,13.146273464370045,14.961128567056697,17.076327620422372,20.037336000576524,21.238411075219354,23.36493220619311,25.80895697233811,9.814104645865562,11.239681490149087,12.658672363245682,14.47445840092126,16.20825598267747,17.795263414740454,20.00208679113257,22.110826149196686,24.079147680098647,26.191193653592805,13.0402049447085,14.283762879577637,15.721828456003456,17.384591827247483,19.21091491834785,20.931341571910767,22.987173227693745,24.936184812436725,26.97225583817564,17.42037640236284,18.974522391881173,20.62653264608475,22.50898638322037,24.40246596145562,26.092484166901396,28.262903070986887,20.668673155285028,22.138829079244456,23.8046470253184,24.347680156433796,27.429092948911016,30.234822060002273,23.727240716105193,25.379546095231888,27.346702708004855,28.699747734082962,29.86754635051229,26.718191798847467,28.693692425339755,29.94138842806058,31.87202867719593
M03,24.610000081267774,24.539875672056695,25.192377279645523,25.66201878262893,26.267945960809346,27.170721300694243,28.19155286606256,29.204591505446537,31.4141448554628,33.321696970592605,22.82565427320759,22.41273104733111,22.341013987731174,22.554250441989865,22.99040086644859,23.266408446513616,24.155546650821215,24.831156255800895,26.114980853908357,27.270183736088025,28.73051454464399,30.24357138302287,31.733626644302728,20.4078201187682,20.25803378909217,20.27142158310561,20.65522677193354,21.606516355025864,22.133585159209975,23.218780545067393,24.18029058965173,25.7513068600411,27.18913360149602,28.4914883605613,30.39650259487101,18.453383131556123,18.12886882847355,17.907388782287605,18.133526987323783,18.589870279267686,19.315575321486026,20.415527056630207,21.224418060337957,22.78370972866359,23.79934068414501,25.26488197083058,27.146583744552462,29.021369574849498,16.336339277818638,15.746499611024667,15.69606450674818,15.893099508906372,16.56240710162626,17.067604430616502,19.30647984486038,19.573206584512413,20.594053559219468,22.425807477101017,23.293728791243364,25.89625534705742,27.426015113391884,14.284985754280612,13.73067358143802,13.475056437729675,13.751212491995023,14.346576351171732,15.023827741291498,16.155047879842385,17.629143711479582,19.44145313498968,20.664644686033196,22.54570089839746,23.85647903610254,26.461380708496677,11.950146651819802,11.466651908905233,11.30301950807836,11.380660833185392,12.15901217204753,13.081406652191498,14.388055358525696,15.566274377640914,17.57144345237465,19.443927843931124,21.11876523379149,23.96932424996583,26.1325833587114,9.636352525722582,9.28037337610939,9.131401863898008,9.334225195483553,10.087487893425202,11.163025799486446,12.764911672236515,14.328860561817187,16.549211099022212,18.217886732549413,20.37855826598143,22.200392451486078,24.628081533079268,7.982986909672344,7.2072930424674695,6.903095899667047,7.143725218679677,7.999226525108537,9.763694485183361,11.587662965412829,13.400848405977884,14.956866149030017,16.66977867279587,19.422161697401243,21.991102791811056,24.07633879974279,4.727082927133815,4.565666325959444,5.079545747406947,6.648103564175275,8.12590634944804,10.289665203494232,12.088714778668574,14.081096015580606,16.427227550624604,18.719294564699812,20.873252262165565,22.98993423218083,4.973258489159798,3.167623872873798,2.4387359430655873,3.34594276699408,4.8719745483735855,7.036756141859685,9.031329082698736,11.629296969292684,13.819062920473298,15.271579649793926,18.01668362934755,20.45740699600025,22.733128799177646,2.1594823453781697,0.0,2.394654881188519,4.694846216863764,6.47138748646687,9.213274879216401,11.230768317439374,13.145299083702888,15.64877966488122,18.071340902102424,20.263443068738344,22.45068206090853,3.0657757582706537,2.0639110930464035,3.174248414979521,4.976094151038543,7.016794211033981,9.304541901673613,12.057758042024231,13.280282263566539,15.891378857732894,18.073772600096525,20.445998190355002,22.564375750283897,4.377231316711512,4.880210036463595,6.136235735367409,8.165950403964011,10.221367521031617,12.001362006039148,14.570495393088047,16.323486698619263,18.596904177846376,20.65342424393592,22.88563158403106,6.928916004686447,6.9104640220465665,8.035409261512447,9.405101806998157,11.291615030632244,13.023351488768165,15.079033821833546,18.002309240761306,19.167617927118645,21.28149987665343,23.698039750156553,8.980981349496279,10.015258159428543,11.13039774671148,12.786658437605972,14.396756648634442,15.913508852544117,18.057194687990712,20.119240169549148,22.051471356805195,24.144408648794858,11.961227069159753,12.965656558770945,14.213130056395038,15.731329536946328,17.452300478733456,19.084173966928724,21.0866334202499,22.987224038582823,24.987856590752234,16.047456184704167,17.451716477183556,18.97282090254372,20.765671672257557,22.597603080857933,24.21750742747899,26.344109208701667,19.264168655823173,20.606505404847276,22.155062446312357,22.600471787110994,25.639464112964607,28.403677596395855,22.302206617283414,23.838705417870326,25.728160699902354,26.994276800833173,28.103180478372906,25.283498670081244,27.152010109750623,28.266670143474627,30.1856343315823
M04,24.670624880614596,24.39239639723822,24.823791914210044,25.070973255938828,25.487969181557013,26.223635522177315,27.073679930884904,27.94554399184242,29.918074954782767,31.720227883796802,23.327213828487963,22.708546518876986,22.415904755329418,22.382255762098687,22.571628386095675,22.662380148607518,23.32557141850977,23.78528664952348,24.92101356285494,25.922719784004148,27.251591990193894,28.644684567996205,30.05085955509426,20.747769470475614,20.339032744946355,20.086284997480245,20.18680125725718,20.897009762164537,21.215845493404217,22.08414041795605,22.895118104084982,24.328226014241153,25.62542538183513,26.80735229372718,28.62087255832708,19.10205185313871,18.51013616913717,17.995509912197544,17.9200022600445,18.12375096385955,18.565410687620137,19.40004136593528,19.99538331715599,21.395918419175185,22.25725843404798,23.577680992837273,25.369014269379882,27.189018077157552,17.081303258241157,16.189330869433732,15.815416561064712,15.660025031908473,16.02905290402399,16.22051062698089,18.130281630465646,18.249509472859813,19.09057971880372,20.83286204533597,21.496901753508574,24.004969089753065,25.468733557049905,15.147647276062377,14.260038183679594,13.624081106628806,13.495116190681724,13.737183299352164,14.072807964297672,14.934520012374016,16.15359798930257,17.776731308089236,18.89070628642561,20.658975410218194,21.862161375307796,24.397182316816835,12.974366766821417,12.091646124494382,11.494613434126439,11.089365220786986,11.425078774345497,11.922315379153497,13.005166242689864,13.935655348780696,15.75382052074988,17.509956310625107,19.109494210993656,21.875868737035336,23.973327783184377,10.808638859726972,10.06582982172856,9.344957570797206,8.976080436359736,9.225237124323689,9.840488453323848,11.166815571146502,12.535555233016206,14.60824561677411,16.20628671226077,18.28855907391285,20.002808627790248,22.418959208669794,9.407490845065968,8.180677050220233,7.212846664112582,6.675000074906366,6.856824410760422,8.16682227062644,9.733352813907446,11.397925162063487,12.819801597528723,14.472728871916312,17.17947825168157,19.731063073235564,21.797811312147832,6.072157524307155,5.0690173603963915,4.545872963469173,5.134591025583245,6.278904522287307,8.209607176960418,9.863364385441713,11.803161144371451,14.163947931279612,16.408992199400913,18.532276924328535,20.63493968975921,7.169752018026844,5.103583544922137,3.311852200808484,2.3936217328558826,2.8977543029042336,4.830716820514322,6.717714864446094,9.30112294295694,11.457586831440555,12.898556857261203,15.640825969238325,18.07372969256761,20.351583746725954,4.552063268453109,2.394654881188519,0.0,2.300905256632702,4.076746251608015,6.819539720538329,8.836876654112583,10.750788808268908,13.254222308381582,15.677096478621287,17.8691702381504,20.056353033390693,5.119984472632706,3.1010877124002794,2.203711641753521,3.024494172584897,4.78232171648876,7.010411114906172,9.720585630506013,10.917857527921859,13.520958324024226,15.702607299426424,18.072743289274044,20.188556981617086,5.0169004375211586,4.184630210663781,4.732064771323402,6.298836876757486,8.230207895308599,9.959382008940112,12.326353069744513,14.043629516617134,16.300280028269455,18.332448963518214,20.553086021325363,7.318303970183256,6.524116568547806,6.963096581263253,7.901157383573625,9.488535924999178,11.057200007235103,12.998083127907744,15.847146430824699,16.950927083791022,19.040374182247575,21.408586408261524,8.758630600727491,9.21490314653388,9.846883872576136,11.221320866992441,12.617457509339985,14.011139853702126,16.044148715341677,18.026222039018602,19.897776182277255,21.957471279726178,11.279580887603936,11.931485490080437,12.884467004886154,14.171988745409022,15.722080905529014,17.212802793269898,19.127182881961474,20.95012403304572,22.89369889292685,14.875699714635275,16.055819256581085,17.379797265791105,19.034036986409372,20.769730498973743,22.28405497210954,24.3423741241482,18.0084816128401,19.167036521069186,20.54534740519128,20.853515219262192,23.82115169340055,26.519925810605127,20.992324692610868,22.36560967199419,24.141819421907705,25.2861410262618,26.311658347584252,23.941352948402894,25.660904446258318,26.595338031316693,28.492691624344655
M05,24.866858446534817,24.39150288522624,24.604010608028926,24.629646871199757,24.854582716271864,25.416305730770553,26.087195518108114,26.80971443339149,28.529641357717768,30.217078945523507,23.949355273159235,23.145365367606537,22.647460277037688,22.37750477600217,22.324027436822416,22.230217385351857,22.659902228385715,22.895613597368385,23.870427436474614,24.706991561094604,25.892401143965,27.154910292615586,28.469145210209597,21.247162186983935,20.600590768227985,20.096306128241576,19.91802570537552,20.378296150561752,20.48174565314197,21.117597140773377,21.764825062471786,23.04342335678447,24.18577079606933,25.235942502708316,26.94718636518477,19.90444699055967,19.077305050766473,18.297661544579952,17.934866378091584,17.88726977489857,18.03624830722842,18.586240986277993,18.9508402188399,20.16990629626226,20.86052434623828,22.018102415966734,23.704973866258534,25.46050441369927,17.99820329921851,16.851228827595925,16.187073608283864,15.69911784145848,15.763766681856213,15.631245695721118,17.16429110100385,17.12438486486449,17.761832140857543,19.392013665424226,19.830827012507573,22.225174060060812,23.613509734895406,16.199921141783374,15.039792086328852,14.07594860036083,13.566610851646038,13.450105873189251,13.421513215729439,13.973637357538658,14.891014236780515,16.284174065638084,17.267034864156614,18.8993583488964,19.979291904369383,22.43091371299885,14.207362668701041,13.01275716364522,12.054363069030234,11.212037905751123,11.08690939802432,11.106959845070119,11.906749766414006,12.533163407536023,14.109607010827764,15.717065533998388,17.22215253677658,19.884896881804544,21.906438733851743,12.215631666025297,11.19187763514237,10.022652393453543,9.14511831525432,8.858908792848021,8.919964237596473,9.866602505422016,10.966129399200067,12.832337004614553,14.333637709946489,16.31432579054372,17.90278927988597,20.301532479101176,11.044409128604391,9.539021857612026,8.118963480642094,6.9329275922946145,6.362817614862145,6.995712472650659,8.154644566135302,9.588081403492568,10.823315665728316,12.392193187648424,15.036070031760293,17.563130273388055,19.607193807375904,7.805207748676521,6.357703516207719,5.07972637058336,4.3957493104134135,4.894005006127395,6.365405328806642,7.780096786030365,9.636267015810636,12.005552881895943,14.19096790215523,16.278802443668884,18.36610130103828,9.350816702299324,7.200680662270756,5.118574997008444,3.301110419237745,2.032805204637178,2.93833286065415,4.540567585665915,7.080092160417123,9.188228610564714,10.615044606594925,13.353319063064433,15.778746781668055,18.05812227226297,6.849883283677175,4.694846216863764,2.300905256632702,0.0,1.7798811758092168,4.518646810716677,6.536035495619649,8.450639798263797,10.956096567664963,13.380233219193155,15.572100693226973,17.75900633481502,7.313335353995467,5.088476785836798,3.3163501021454294,2.304278195010316,2.947450423671279,4.937245487111209,7.536013269627383,8.68455099587768,11.269492668261513,13.447795990421628,15.81308777563699,17.924006527559623,6.5148142721032345,4.78835765163798,4.384936031460437,5.025786406125911,6.638705069514686,8.236713482937233,10.27267370259564,11.928351311057199,14.15379108225072,16.148006068861875,18.349952860974874,8.41412835652036,7.030471392445887,6.701024175452585,7.021810948751041,8.120563835104063,9.417814236859845,11.169427559190309,13.894653828001617,14.911280293791005,16.96168346597707,19.261922359930743,9.226648199644332,9.076277706196523,9.127915917667076,10.10356714235126,11.193281064996091,12.405676160532323,14.274939474477641,16.141959856225636,17.92861874211173,19.9404229142714,11.162232214033176,11.411829169769412,12.001632263988094,12.987862795702764,14.307406508518586,15.609883952163129,17.40216997963185,19.12094898272573,20.9879970459308,14.122679667825084,15.028460766159652,16.106576607088176,17.581727247344045,19.191325227821032,20.572855829952246,22.54223478273616,17.108610142264624,18.048383528726333,19.22083622010239,19.368924234453498,22.23659796371738,24.849029799974083,19.99812403701907,21.179743081539023,22.817868436819424,23.819595063728517,24.746450614178997,22.887000196618168,24.43306976210726,25.16372885722623,27.02905372002505
M06,25.317214696723653,24.696792058888942,24.740135104724065,24.59145152283614,24.66054235007819,25.076303555348822,25.593716279587063,26.185503947795237,27.67839744277114,29.25857804131978,24.712970379944213,23.78147945355797,23.137326422903747,22.6928602207831,22.453396090569463,22.215000022507315,22.45320756595814,22.501498372330676,23.33383511127136,24.023101985380656,25.076789946083608,26.21768796061163,27.444475218156384,21.94027315235615,21.127206748645218,20.440585926044292,20.050253988416205,20.30839493903937,20.23510019742922,20.670596556461547,21.172152110732625,22.307299096932375,23.305373672181272,24.231170524760042,25.84222919950986,20.817513804486836,19.834685402092973,18.87398826427525,18.303665998919453,18.0649450871017,17.9805884775777,18.290309046049497,18.45438554924005,19.50415137861681,20.036635970142292,21.038007914248915,22.619846263845385,24.308585232382406,19.00221168706422,17.69449750628709,16.83616550762079,16.113396290043884,15.945825441161709,15.557008870602344,16.753830009881323,16.575256981416608,17.023291397376713,18.53747439647591,18.761639507249892,21.0352244818067,22.345357750548548,17.307023140910164,15.982107026296626,14.810133085154906,14.038850130975828,13.653801851499091,13.333382466576138,13.611943138288524,14.24496051240578,15.407104465148537,16.255587716228533,17.744369952184833,18.696311935780276,21.055342338703497,15.445547481394113,14.072969906881774,12.897137744476487,11.772751462593611,11.30638779628578,10.934466973748652,11.463511721981183,11.79240170618352,13.108011786689849,14.549558412542972,15.947664938792762,18.49139467428025,20.427689174255615,13.576391936004205,12.405114832197242,10.988362753385966,9.803030143787176,9.134975643098343,8.730939754688496,9.28859698770487,10.09028369274125,11.710836861642298,13.094285814812505,14.953273922455912,16.397977832647534,18.771501165330385,12.541804973766736,10.910820913203551,9.278482257352223,7.755149128159949,6.687965684720579,6.675613080459352,7.351617033007091,8.483523442532588,9.481002531378207,10.934981892989125,13.490514037648826,15.98149461095551,17.995131619413065,9.387935502547938,7.777623351641554,6.201587941809743,4.747791591887749,4.546369320677765,5.33188840843467,6.375172232967514,8.090450481895306,10.454803345831044,12.555230025770138,14.59202700107151,16.65591078266211,11.103007340356035,8.931401065902259,6.781053974125261,4.784277688429049,2.9560108254199613,2.2862294285569855,3.0899898058084267,5.478965230771227,7.490862967642647,8.889104173087409,11.6170387362701,14.02659962357235,16.30842766792679,8.628168983046171,6.47138748646687,4.076746251608015,1.7798811758092168,0.0,2.749525413594135,4.764178942902964,6.674926216820677,9.177566834406601,11.601022799736237,13.793,15.980052596909685,9.008512474321163,6.711727422951561,4.719786541783431,2.9785105338071243,2.072862031105785,3.4246944389244423,5.842725819341517,6.942079011362518,9.509693265295153,11.684460792009189,14.046027552301043,16.153854803111237,7.850461515095784,5.74577496948845,4.758691521836648,4.463707203659308,5.6031485791472635,7.002243211999994,8.683337607164654,10.27530914376789,12.46870614779256,14.43089855137233,16.617681938224717,9.44160796686666,7.738460635035885,6.874383317796586,6.653508247533778,7.238246887195822,8.234308957040657,9.77879465987501,12.371967426403934,13.310811432816557,15.324181707353905,17.56908216157008,9.801900325957208,9.207763029096697,8.786419634868345,9.381298950571823,10.170593394684502,11.201122265201823,12.907764484991194,14.665821661263989,16.376186644026745,18.345195147503883,11.236417801060977,11.158905770728598,11.432805867327582,12.142990611871525,13.245836175946009,14.374762606735459,16.05258736154393,17.67809969991119,19.47811954476099,13.62043266566815,14.285418019785071,15.14535390804718,16.458206220606183,17.95349562063054,19.220405666894756,21.112137788485562,16.445679371798537,17.19706361562927,18.191466131128628,18.20720080078209,20.980111343841813,23.51519987157243,19.232443110535904,20.250910201766242,21.768847305266302,22.651860232660805,23.496785418435433,22.054269541292907,23.453855823723316,24.01903655436662,25.85304252887849
M07,25.868178327822,25.03120140944098,24.81395552909693,24.39765173126299,24.22447062373087,24.40919437425168,24.682807072940466,25.066005764780314,26.196092552134562,27.602601924456327,25.748306526837837,24.63079594735014,23.77033487353512,23.064324507776075,22.54234792562656,22.08388896911049,22.022043501909625,21.777198740884927,22.377113509119088,22.828779314715888,23.667632750235075,24.611485123819733,25.69635651215946,22.895128739537586,21.83957153883748,20.885327505212842,20.17665306734494,20.119001590536246,19.77172228208762,19.886606749267205,20.151843712176806,21.047626968378168,21.809256200063313,22.533375801242034,23.979465381863708,22.116311469139696,20.911380274864687,19.69284156743257,18.819452834766476,18.29468876477542,17.853059121618347,17.782004751995768,17.626354472777404,18.390246137558897,18.663555529426862,19.40545492896263,20.808343542915665,22.382216199474083,20.457271690037263,18.928845712298465,17.79795170799157,16.740774474318684,16.22716219799383,15.454766416869587,16.095143677519626,15.699001560608878,15.83285697529034,17.135183132957756,17.01099435659186,19.07145681378326,20.25131741393631,18.93509387354602,17.38900069009142,15.938020454247132,14.803975175607395,14.031454272455154,13.276431824854146,13.115010102931679,13.268478812584357,14.022207600802378,14.63341416074868,15.867120123072112,16.604475360576735,18.8036946635495,17.288669497679685,15.683597674003245,14.227527824608181,12.739713536810786,11.797753896399094,10.848694022784493,10.919902792607633,10.741188016229863,11.569211770902978,12.697570948807492,13.897258182821531,16.227191778000282,18.023469948930476,15.620017029440142,14.26243864141052,12.545073694482628,10.990442120315269,9.828908484669089,8.762231279759739,8.647059384553804,8.885241302294496,10.00491449238823,11.147954834856483,12.772496427871882,13.97424534635055,16.298059823181408,14.791868374211555,13.012857833696641,11.147577718948632,9.274465806719006,7.6620287783327985,6.716975509855608,6.487624295533767,6.956379805617287,7.447986103639023,8.650065028657298,11.022961353465773,13.443450152397636,15.406550814507444,11.795368964131644,10.016113268129509,8.177745471705512,6.038935750610367,4.953577293229611,4.324739992184501,4.392836099833454,5.706925354339235,8.011667803897014,9.95276509317888,11.911628687967067,13.94532502310362,13.751710075477886,11.55113609131154,9.328361324477092,7.2075228060686705,5.1619463383495185,3.263923559153921,1.83332839393274,3.093388110147189,4.825853914075726,6.172585924877839,8.884396040249444,11.280759238632832,13.563549719745197,11.36654503356231,9.213274879216401,6.819539720538329,4.518646810716677,2.749525413594135,0.0,2.017547273299934,3.935001143583061,6.44707197105787,8.8739168353101,11.064095127935227,13.249551275420615,11.73831167587571,9.412693610226565,7.334504005043558,5.338987638120171,3.401196995176845,2.5408049905492547,3.6708992086408476,4.491986754210213,6.936319773482189,9.081434358073619,11.418453135166777,13.508064443139142,10.345255337593171,8.014351377372968,6.608254308060488,5.252932133580254,5.312474752881184,6.073111887656936,6.709279693081814,8.063877479227967,10.127737012778324,11.97743900005339,14.107239453557169,11.628427451723642,9.668728406569295,8.27302556505176,7.355453622992942,7.014048189170075,7.302844514297151,8.277414149358481,10.466599256683137,11.192341890775138,13.086842438113175,15.169575933426747,11.496041927550543,10.386767061988056,9.328306384333652,9.260134988216965,9.443035528896415,10.054061169497627,11.35321461084921,12.829128770107502,14.339330981604407,16.18966278215825,12.240639239843645,11.6966241283543,11.458268630120347,11.658440418855346,12.315022127466925,13.066545450118022,14.472843293561912,15.87579330301324,17.51106898507341,13.67059925533625,13.908653205828378,14.352750433279331,15.32921296087963,16.574843377842218,17.59305601650833,19.305211938748563,16.15159608212142,16.55934856810497,17.2112847283403,16.974801000306307,19.528231307519892,21.88805758855728,18.709275400185867,19.424423028754287,20.70449383588017,21.35587174526013,22.03584963190664,21.37549917545787,22.499559751248466,22.75464895356551,24.515656752369495
M08,26.580595497467698,25.599685251971362,25.200115912431833,24.59343068788899,24.24204846954976,24.250031360804464,24.33223249108063,24.547049435726485,25.37378781341091,26.627655172771036,26.785372911348464,25.552142023713,24.55291153814553,23.67366469307192,22.958069801270316,22.345686944016737,22.062895027625,21.597151895562526,22.009328976595356,22.26632345044866,22.922154458078325,23.69446266535707,24.652269124768214,23.897559477904853,22.690585272310628,21.56476311022219,20.64274332544006,20.359141484846553,19.81285161202193,19.680487925862003,19.75557566865618,20.447499602640907,21.005103689341787,21.551400928941952,22.84493180116763,23.343519057759906,22.0072657093061,20.633677568480127,19.569389361960173,18.85604677550414,18.1676883779968,17.81595403002601,17.415562724184365,17.939381037259896,17.994225851644742,18.50576845202598,19.739389301596947,21.20049822527763,21.79170599104164,20.140345602794408,18.850766562662645,17.5919417063609,16.854777957600035,15.82787496791657,16.04177474595626,15.482120171346041,15.357417523789604,16.46065205269828,16.032754598009664,17.878956625038274,18.93004115156647,20.38310390985632,18.719210934224765,17.116656244722567,15.774521545834599,14.76543707446549,13.730278693457027,13.251545909817466,13.02420458223841,13.41614866494852,13.805659020850833,14.7873246397041,15.3137091849101,17.341726615305642,18.870733160108006,17.148574313918925,15.549846462264506,13.874270647497115,12.661340529343644,11.357873612609009,11.09224278493759,10.515559566661207,10.887850568408808,11.69382114622932,12.679166612991565,14.770861180039573,16.414303579500412,17.32128266035746,15.876267225012306,14.019163206126105,12.292643857201755,10.882327370558192,9.446552492840972,8.854588697393009,8.61473725658537,9.218922767872611,10.087787170633607,11.43996302441577,12.370599015407459,14.625659540683968,16.602488397827596,14.762296908001817,12.803427666058804,10.795803119731298,8.96740452973992,7.549207176915997,6.691183751773672,6.521710281820253,6.440788305789905,7.29424019346772,9.400137977710752,11.716161871534553,13.611546017995165,13.693251622605933,11.854639682419707,9.933471699260034,7.587892724597522,6.184823764667835,4.734262455758024,3.7818675280871483,4.365761560140453,6.477562813280933,8.173804622083892,10.016365857934703,12.00370796879031,15.74301562598475,13.534577422291395,11.291946599236113,9.143656708341581,7.071461023013561,4.986953378566918,2.9921513999127782,2.185979185628262,3.0474554959834936,4.252273274379247,6.917344143527919,9.283374925101324,11.567323804579864,13.38403844136739,11.230768317439374,8.836876654112583,6.536035495619649,4.764178942902964,2.017547273299934,0.0,1.9205043608385792,4.436718156475572,6.863840980092705,9.05197967297762,11.236115075950405,13.729401516453658,11.386744047356117,9.271088501357324,7.204662518119777,5.0897206210164425,3.3893186630943983,2.676153956707274,2.925828771476554,5.091858697960893,7.181135355916918,9.484197857489056,11.553612854860596,12.197547171460334,9.77749625415423,8.215918207966775,6.4452432847798695,5.831854336315336,5.990314933290236,5.556839479416334,6.588867353346855,8.472535511876005,10.195720082465975,12.263183028887727,13.294732942033848,11.222393684058673,9.577615830675189,8.307596824593741,7.381084811868781,7.092031091302406,7.4934168441372595,9.218354137263331,9.729881808120796,11.489375004759832,13.414747295420812,12.876655660535464,11.485068611027101,10.065317531007157,9.543693048291107,9.255662753147394,9.493104076117568,10.395534089213502,11.590192578210251,12.903697532102958,14.634999487529885,13.176043867565104,12.338844556926713,11.751245082968868,11.566024900543834,11.85112353323515,12.27386414296655,13.425085176638547,14.62154882356859,16.103431311369636,13.91516212625638,13.83212583083309,13.946102322871432,14.63609172559396,15.660543668723637,16.463972940939865,18.014396603827727,16.089432712187214,16.22979839677622,16.6055475368926,16.172626317330156,18.52100388747867,20.722501441669632,18.434476531759724,18.90882241177382,19.990865113846375,20.455413097759724,21.000444804813064,20.95154681640475,21.85450456999655,21.867675002157867,23.559872346852814
M09,27.51263680565714,26.411022433824858,25.852174473339762,25.076885612053186,24.56322936830579,24.404672503436714,24.30203400952274,24.34981562558534,24.86459677935679,25.953394479335454,27.991249078953228,26.66604816991074,25.55398164670234,24.530474944444105,23.6493995695451,22.903438213508466,22.420604675164316,21.75079706585485,21.978561668134702,22.04104019777651,22.5067149535422,23.096264329973366,23.914523202439142,25.08556895906489,23.758547956472423,22.494261868307657,21.394418080424625,20.912541906712345,20.189518072504853,19.82605240586234,19.71627249253773,20.19897346401544,20.543116852123486,20.89846714474533,22.01986562175165,24.715536186779357,23.279646410544984,21.787298157412724,20.57203084287013,19.70469530340421,18.80791498279381,18.206452839584102,17.58123778350091,17.865345476648358,17.699615956285605,17.965715822087358,19.006647389794974,20.33396301757235,23.25321210069697,21.513119392593907,20.10555179546187,18.69366919574646,17.778601885412698,16.546411242320794,16.373945279009575,15.668552198591929,15.293765331009888,16.179448847225913,15.436444312081719,17.026170826113546,17.923129330560553,21.93580967277023,20.189964660692205,18.480994832529984,16.987959530208446,15.800924814706258,14.548792389748368,13.803385816530668,13.229426140237527,13.25545336833109,13.405853796010158,14.096417452672151,14.375807455583146,16.18326941628298,20.52624293435114,18.726232135696705,17.032437112756355,15.232051897233019,13.828708001834444,12.268465266690859,11.725542929860435,10.805263624734012,10.712455787540035,11.146712968404632,11.86524340247599,13.642755916602775,15.08397576900732,19.063817298746862,17.563860224905003,15.619838283413822,13.787978822147936,12.22030850674401,10.544427770154243,9.592398344522604,8.937291815757163,8.992291142973519,9.521958674558508,10.513993770209302,11.086019529118646,13.228454482667278,18.418012270600755,16.543022124146482,14.531810658001294,12.452183503305756,10.510299567567044,8.817707298385448,7.538320834244188,6.818385879370571,6.128544443830036,6.481698311399567,8.141671634253004,10.273171370127145,12.057918311217737,15.564816124837453,13.696559020425532,11.736251062413414,9.298475412668466,7.754235616745212,5.898412159217089,4.2725511114555434,3.860735292661231,5.461180183806427,6.711608525532459,8.340978599660833,10.24163990774915,17.659076872815294,15.448091306048136,13.198261893143354,11.04032685204564,8.961723048610686,6.8220469801959,4.727848242065305,2.9054906642424445,2.0233447555965345,2.6664142588877673,5.141113206300751,7.429029075188763,9.710657495762067,15.300188887722923,13.145299083702888,10.750788808268908,8.450639798263797,6.674926216820677,3.935001143583061,1.9205043608385792,0.0,2.5171183921301754,4.943826250992242,7.131482384469585,9.315713230880393,15.606031686498653,13.248627287383398,11.105054029584908,8.997439913664332,6.810248527036293,4.800945323579514,2.8161045790240107,2.0993439451409577,3.4203979300660325,5.382806702827067,7.631522128645111,9.675701576629987,13.950300140140355,11.472595608666769,9.814652770220658,7.805360337614146,6.741967813628303,6.379003840726231,4.849202821083069,5.3813160100481,6.965775261950388,8.511698831608177,10.496619312902608,14.886049341581533,12.739303787884172,10.92413117826768,9.415434350044611,8.05777947079715,7.268195099197599,7.056332262585145,8.178484089365217,8.427236617064933,10.002049439989786,11.738012438228203,14.234285721454379,12.629065681989305,10.941323228933511,10.044719707388554,9.33258474378883,9.18929050580076,9.642275250167877,10.501058851373037,11.578344657160626,13.164225195582153,14.153753035855896,13.077303774096556,12.191769764886475,11.653126147090315,11.568100967747473,11.64593834776743,12.50813051578852,13.470009094280524,14.776275477940983,14.263901920582601,13.881179200629894,13.672875374258334,14.064666935267255,14.8493274258466,15.422921188931753,16.7937188853452,16.11396195850046,15.99453847411672,16.09323087512262,15.468860106678838,17.58513190169468,19.61108423825669,18.2248095737651,18.4593474424206,19.33605588014267,19.611254013958412,20.017745252650208,20.572913187003923,21.252701498868326,21.027098064164726,22.64119042806716
M10,28.965204591026108,27.727255850516475,26.981776998559603,26.007487787173908,25.297765790678035,24.93144346001651,24.59297920138998,24.422000081893373,24.512819829632004,25.364580028062754,29.7581472877597,28.333302137237727,27.096911429164763,25.91174258902708,24.841726288645884,23.942022742450146,23.219937489149277,22.302736020497573,22.29253350339526,22.100000090497737,22.305769410625583,22.63856163717121,23.25389552311612,26.844040772581163,25.38804017642953,23.973703009756335,22.67664349060504,21.96495485995817,21.036460467483593,20.391283554499456,20.047646096237834,20.250047802412716,20.302222661570827,20.388835229114978,21.253611575447593,26.67994936277054,25.140479311262144,23.524754663970462,22.149226713364058,21.11490108904136,19.986870015087405,19.096442653017863,18.205196867927576,18.180457309979857,17.728036552308886,17.65569058405816,18.40943741671646,19.52691867653471,25.31966259648813,23.491413601569406,21.964380346369893,20.39645461838895,19.293872602461125,17.846191134244865,17.223280668908583,16.353846305991752,15.67309034619529,16.255037680669954,15.097592920727463,16.28734705223659,16.941760534253813,24.102848566092767,22.27789366165482,20.466577266362833,18.826011420372613,17.461936891421868,15.992595943123181,14.963360083884904,13.996757803148556,13.563880012739718,13.39247673135929,13.656463158519486,13.565222777381875,14.99806314161932,22.802429914375352,20.92968669139603,19.14811648700728,17.234904409366475,15.653983646343828,13.855736176760873,13.029949270814527,11.75420269520651,11.097680208043482,11.013079360469531,11.316418956542746,12.556566409651962,13.643420758739357,21.42874763022795,19.879452834522386,17.859182652070057,15.938014211312524,14.236417702498054,12.359901051383865,11.078850346493539,10.010948106947714,9.405670895794728,9.44540195015543,9.851558759912058,9.817756362835654,11.711002732473423,20.85237523640892,18.94837834749982,16.89467762344106,14.759862499359539,12.734646441892291,10.83318905032124,9.223660444747518,8.011042940841099,6.696443384364568,6.307720983049266,7.063559584232301,8.75405100510615,10.289607621284691,18.050230801848492,16.15964114700571,14.17137452754672,11.672074708465502,10.037852608999597,7.938520328121609,5.947427174837872,4.628394322008444,5.111271466083561,5.356295174838668,6.432464924117348,8.10117331008293,20.17558804595296,17.963553601668018,15.709946721742885,13.546650729977502,11.465425112048834,9.297195491114511,7.168989468537389,4.985345424341226,2.977653606449212,2.0716177253537875,3.164207641732761,5.120086132088014,7.367676431548824,17.805683390423408,15.64877966488122,13.254222308381582,10.956096567664963,9.177566834406601,6.44707197105787,4.436718156475572,2.5171183921301754,0.0,2.4272208387371763,4.617126812206916,6.8032734767904195,18.060181892771734,15.688913792866604,13.520657158585154,11.382748789286355,9.155475957043413,6.985852345991861,4.424562803260906,3.1151966230079284,1.952924217679734,3.1788722843171917,5.236457676712378,7.21962007310634,16.269670340852024,13.745478420193312,12.00934519447251,9.820893289309277,8.395482416156918,7.544975612949322,4.905351873209505,4.500344542365617,5.315171681140695,6.437500757281509,8.232823695427955,17.025661807988552,14.81733484807575,12.85153115391314,11.137900385620263,9.397080663695508,8.114939617766728,7.154678748902707,7.271325945107948,7.0604184011997475,8.243680367408722,9.615744224967717,16.12513730174103,14.311031164804303,12.372065995620941,11.089858294856613,9.911662877640664,9.28946828403004,9.082496848334163,9.384600151311723,10.04592902622749,11.36180029748807,15.623082922394032,14.295510519040585,13.08570338193557,12.134218062982056,11.57322102960105,11.17200219298224,11.58222724695039,12.16324011108882,13.173869894605762,14.98862985732852,14.24075408817946,13.617429786857723,13.590430199224748,14.015212877441426,14.241392804076433,15.323202178396002,16.387916920707156,15.930766710990403,15.652277438123821,14.774176457589776,16.520376660354934,18.267091120372722,18.152468730175517,18.06092713567053,18.642389224560247,18.649069279725463,18.854156305706177,20.23982732139778,20.607681140778553,20.053312993119118,21.54179521302716
M11,30.443953915350747,29.09056101212213,28.182312413994705,27.0350705935827,26.152373984019118,25.59797433391947,25.042629195034614,24.666197376166437,24.345833832506127,24.954958966105313,31.512291459048168,30.004704514459064,28.66423060191918,27.34281596690436,26.112384686198233,25.082564621664986,24.151740309965245,23.01839353647426,22.787862054172614,22.357014581558065,22.310251813908334,22.3871795454452,22.79316533524907,28.60112906862245,27.03935585401398,25.502462959486873,24.04265195439139,23.135120163941227,22.0335288594451,21.14187371071921,20.58777416332324,20.523928693113312,20.29425633030193,20.114657963783525,20.709318675417595,28.616243376795634,26.992829140347624,25.278604095163164,23.774120824964275,22.604483028815324,21.287720591928107,20.155353159892783,19.040274892973578,18.734486515514643,18.021687185166655,17.62416820732258,18.078482707351302,18.964605400587697,27.34767597072921,25.450322748444666,23.82916072798201,22.13962623894089,20.888579104381417,19.274835537560364,18.27400257195998,17.275731706645598,16.335017600235393,16.62310335045776,15.094844186012653,15.853440036786969,16.24200606452294,26.21974103609721,24.33340964599906,22.44436499435883,20.692048931896522,19.194521431908637,17.564774578684464,16.31826320415258,15.041248950801924,14.21609067219255,13.753023594831793,13.595050459634198,13.127863268635913,14.120953402656635,25.014400432550847,23.085420940498356,21.23825237631383,19.24441334517631,17.535726645907776,15.573607995580215,14.54063867235549,13.013151501461897,11.906224800498267,11.353175590996555,11.234939830724507,11.85710795261644,12.51445136632046,23.71762121292943,22.13004807947782,20.05358526548308,18.07056905578792,16.278349854945372,14.27386930723411,12.77492183929123,11.429736698629588,10.3217545989042,9.924736419673824,9.730601677183175,9.032124279481545,10.549123281107299,23.200623655410645,21.274312327311545,19.189798982792915,17.01834551300449,14.941579735757529,12.911842626054579,11.110490763238138,9.608484792099116,7.937527637747159,6.983288695163619,6.718916951414119,7.727839542847664,8.870128747656372,20.444277072080588,18.53607738978234,16.528148383893463,13.990327551562187,12.304545176478486,10.083184417633152,7.959415619252459,6.257952141076185,5.817789013018605,4.922170760954967,5.053144961308749,6.2541718876282895,22.600169424143704,20.386605038603168,18.128836614631396,15.960871436108995,13.878210619528728,11.69146992469296,9.549221381871927,7.237171408775669,5.018505155920436,3.64704277463262,2.417063714509818,3.1531953634369057,5.223053608761832,20.229023753013887,18.071340902102424,15.677096478621287,13.380233219193155,11.601022799736237,8.8739168353101,6.863840980092705,4.943826250992242,2.4272208387371763,0.0,2.192120662737341,4.379467661714149,20.453081552665846,18.07485482652627,15.89420815894897,13.743161681359934,11.502723373184283,9.274881023495665,6.570092617307613,5.205862944795992,2.912330338405999,2.047492612929287,3.159718974845706,4.937554556660615,18.576297262910067,16.02929680304161,14.252450491055916,11.975912491330252,10.363187347529717,9.242429117932145,6.103093150198513,4.948380745253946,4.620091016419482,4.912831871741592,6.283065891744252,19.20563117942235,16.96556173546871,14.91287792480043,13.084928505727495,11.129210933395054,9.560610963740759,8.093969668833706,7.23572608657901,6.507000307361296,7.066606328358755,7.8470765256877675,18.13138328975481,16.182565000641894,14.090806222498413,12.554251072843812,11.058001627780671,10.067579748877085,9.25484143570272,8.939003579818054,9.06476899871144,9.983488218052846,17.31865332524443,15.81674884418413,14.375626595039257,13.110756843142198,12.151575782588857,11.31132043574047,11.234083184666206,11.365760731248919,11.995022009150295,16.094835569212876,15.04934849088159,14.066776638590662,13.63628461128617,13.679,13.522477435736397,14.251083607922592,17.070364729553962,16.31104757518658,15.674127535528093,14.561932461043762,15.876838287266139,17.28728738119431,18.480010660170088,18.074465579927942,18.34915739209842,18.076760605816517,18.063378781390817,20.282244574997115,20.334054317818666,19.447857491250804,20.784658621204247
M12,31.776481885193018,30.32851577311359,29.283925727265462,27.993229627893957,26.96594418892096,26.251434037019767,25.509776361230607,24.95426961463709,24.266590778269617,24.648649212482216,33.07978394729929,31.504740373473958,30.079125535826336,28.64620379736205,27.284480002374977,26.14920000688358,25.045491430594847,23.734445390613196,23.314024320138298,22.677185186878905,22.405159517396882,22.249129803208035,22.45856836488025,30.178891116142754,28.531849782304686,26.89714929132825,25.307158591987363,24.239649873708984,22.999470102591495,21.905220496493524,21.175083518135175,20.87868539922952,20.400389138445373,19.98118079593896,20.31888788787418,30.347863351478303,28.656668333914883,26.864484994133054,25.257867051673227,23.98122173701749,22.51566914395395,21.190353890390785,19.898322567492972,19.3561421776138,18.42688264465805,17.74664931754724,17.92100225991839,18.579155551316102,29.160986574531393,27.209068653667657,25.513591828670457,23.729756277720174,22.36296017972576,20.624521182320816,19.321966799474634,18.229024466492987,17.084355211713437,17.11574368819538,15.290745567172323,15.639453251312847,15.76966740296066,28.111815967667404,26.17692529690987,24.227927212206993,22.390210226793315,20.79216477426052,19.045456807333345,17.63777052237612,16.129043896028058,14.997459418181467,14.298652978515143,13.774845262288792,12.976171430741811,13.521059499906062,26.990851968768972,25.01676192076025,23.118934339627337,21.06579697044477,19.263280094521804,17.187481636353827,16.005304933052667,14.307397562100522,12.872826962248814,11.953090520865304,11.473416317732045,11.495822719579492,11.703646696649725,25.76333256781816,24.14426898872691,22.0240465173864,19.99587589979494,18.139243231182498,16.04971856451072,14.404066266162483,12.87738863279353,11.422857829807741,10.697021361107959,10.001445595512681,8.714551049824655,9.769700353644424,25.300609419537704,23.355603053657166,21.246774437546986,19.048813847586413,16.93708947841984,14.821131704427971,12.90030402742509,11.226082887632712,9.370521116778939,8.079033853128728,7.010961845567269,7.251351942913818,7.885768510424333,22.58972518646475,20.665623290866407,18.641873403711337,16.076168822203876,14.355792315299075,12.06193288822318,9.881765530511235,8.01250435257292,7.038312581862217,5.383910288999994,4.484964325387661,4.907477254150039,24.78105479998783,22.565181009688356,20.302045463450227,18.12915690262512,16.04578352714507,13.843382534626427,11.693301073691723,9.31098797120907,7.032141139084169,5.568010416656922,3.3984728923444423,2.181909713989101,3.5028793870186283,22.42106502822736,20.263443068738344,17.8691702381504,15.572100693226973,13.793,11.064095127935227,9.05197967297762,7.131482384469585,4.617126812206916,2.192120662737341,0.0,2.187384282653599,22.636065073240978,20.255175437403647,18.0695485831827,15.913582437653691,13.669203049190541,11.420039273137373,8.673337996411764,7.3107861410384585,4.830250614616181,3.0877941965098645,2.2242987659035376,3.1683689810374043,20.71513082266197,18.15806027636212,16.361704556677463,14.043991491025619,12.339502947850047,11.0832194329987,7.7793126303035285,6.295843470099936,5.146871865512099,4.45248919145235,5.0238322026118665,21.267991066388944,19.013029847975307,16.91398654959853,15.026604573222789,12.960083525965409,11.245686862081834,9.50919891473514,7.996812177361677,6.888725281211321,6.753101361596759,6.742464608731736,20.085484036985516,18.057238133225134,15.880584403604296,14.194498265173024,12.512306462039684,11.292488521136516,10.053847074627702,9.224277749504294,8.817002778722484,9.254065160782044,19.068120935215404,17.457213666562026,15.869876149485226,14.399834026821281,13.162791839119846,11.996542376868428,11.498288568304416,11.197570182856635,11.411686816592892,17.432771007501934,16.176728006614933,14.929341646569684,14.172969942817208,13.876226720546187,13.363018109693634,13.71936022560819,18.06782103630651,17.074312050562973,16.14478569074238,14.849575414805637,15.736218891461824,16.792068187093573,19.166709394155273,18.4970606583857,18.49345397701576,17.966000250473112,17.743109817616528,20.70094611364418,20.469696480407325,19.286366428127412,20.46179681748404
M13,33.18375399197625,31.652969418365792,30.486033654773784,29.06747035777279,27.910081691030573,27.048693517432593,26.134288358399964,25.410054899586502,24.36651641084544,24.517114716050905,34.699601842096115,33.06634071075903,31.566710012289846,30.03644016856858,28.559715632337795,27.33273928826015,26.07526814818977,24.60712490316575,24.010832971806703,23.18227654912261,22.693605729367906,22.308105813806783,22.317091768418212,31.81424518985167,30.09434262448675,28.37653357970279,26.675288527024406,25.467905763921774,24.10871247080607,22.835902544020456,21.947943593876854,21.43404138280973,20.720334480890987,20.069020504249828,20.142627559481905,32.12163482763603,30.3730013334211,28.51564567040347,26.823121108476546,25.456244852687917,23.865266078550224,22.375265808477,20.933580606289027,20.17941411438895,19.058343107416235,18.116554197749636,18.01216488931855,18.429840395402238,31.009881586358887,29.013052665998455,27.255925337438097,25.394679304925273,23.93185646789651,22.09337221883522,20.533767043579704,19.366799967986452,18.05204744620399,17.847145878263,15.772793855243275,15.71252099441716,15.576000128402669,30.03219261059705,28.0576241332013,26.06037069958906,24.153880019574494,22.47541719301335,20.63762643813479,19.102065254835665,17.40892681930739,16.024619340252674,15.126607848423916,14.273934426078888,13.173496764337099,13.242894094570115,28.986896694886124,26.9760149206661,25.0378198931137,22.939097977034756,21.06366544550117,18.903595557459433,17.60629182991126,15.785001520430715,14.099226929161754,12.88425803063568,12.092010585506449,11.528266565273375,11.249768353170655,27.821030983771973,26.176288984498928,24.02157623887325,21.959400834266855,20.05469613332498,17.90488257431475,16.15273181229726,14.49791433275835,12.791169336694749,11.813139802778938,10.704658425190408,8.921034132879438,9.427805948363595,27.40579874771031,25.445923995799408,23.318393126457064,21.10128870472133,18.96526957361798,16.787921402008052,14.786096780421804,12.999231246500694,11.040811564373337,9.543874789622924,7.905159074933281,7.401268607475343,7.418845260550998,24.735410609084298,22.798650924999926,20.763131025931518,18.177802562466123,16.433685800817784,14.09333122437701,11.886837258076683,9.930278948750635,8.636210395769664,6.567843177177726,4.9117293288616795,4.302162363277333,26.957374223021056,24.739630474200702,22.47213403306415,20.29557114249313,18.21225853649129,15.998730012097836,13.844821414521748,11.420182704317826,9.119118652589187,7.626753568852215,5.170789494845057,3.015124541374701,2.603453475674186,24.60818337464186,22.45068206090853,20.056353033390693,17.75900633481502,15.980052596909685,13.249551275420615,11.236115075950405,9.315713230880393,6.8032734767904195,4.379467661714149,2.187384282653599,0.0,24.81729751604715,22.434606169933094,20.245597743707147,18.086538861816543,15.840152335126072,13.578281371366554,10.810798027897848,9.453992384172944,6.913233469224079,4.951593783823547,3.0954833225200873,2.3220310075449038,22.862736690956314,20.299229665186804,18.489627200135757,16.145015360785507,14.380143566738129,13.036428383571936,9.668276009713418,8.0306969186989,6.431976368115791,5.026236962181549,4.5580157963745584,23.354704065776556,21.090512985700464,18.95905263983409,17.03164305051042,14.89258355692524,13.08690601326379,11.184944613184278,9.238588257953701,7.897544048626763,7.148748981465219,6.259777392208129,22.086964503978358,20.000265523237434,17.765371625721762,15.973753754205678,14.165361873245596,12.787673322383553,11.241694934483856,10.007979316525388,9.122311329920723,9.030007973418407,20.906591735622523,19.214482168406203,17.51930480926683,15.897186983866044,14.449381197822971,13.031900130065454,12.173267186749825,11.470947824831216,11.251115589131595,18.939871303681027,17.517837566320793,16.059287281819202,15.027636041640083,14.423789030625759,13.577718549152506,13.544325933762817,19.27592459520425,18.08594177807725,16.9037338183018,15.461426195535779,15.916675061079811,16.59250963537463,20.084365685776586,19.177810120031953,18.909108334345117,18.138960968037836,17.708560867557814,21.35312342492311,20.852928523351345,19.390670849663763,20.389025111564308
N02,26.770904373965404,26.874473855314825,27.689328630358666,28.30599358793116,29.021876231560217,30.00983433809657,31.10640043463724,32.17244090833022,34.44845090856772,36.3746605482443,24.581230237724068,24.37848641733116,24.508670241365607,24.922415974379373,25.535099862737955,25.929589680517505,26.94395963847927,27.72210908282413,29.06361911393693,30.269005963196083,31.762518114910222,33.29700780851036,34.79608243753886,22.354100406860482,22.44148252678508,22.668935969736204,23.2483988695996,24.340144946158393,24.973735023019685,26.150508465419943,27.16383455994385,28.77236107795118,30.23832212607042,31.55448519624429,33.46221076079703,20.11213563995629,20.067389316998863,20.11378233948056,20.573611301859476,21.197583494351427,22.083983087296552,23.306562337676485,24.195054474003566,25.799012578003833,26.846749710160445,28.328565088969825,30.212180391358714,32.08456265869928,17.929875961645692,17.66859499224542,17.91071863438204,18.374422031726603,19.229771969526833,19.898560550954432,22.263910280990626,22.576400000885883,23.637213562516205,25.481432455809855,26.358435348100613,28.952314795193836,30.469482765547564,15.795966352205236,15.616086577628852,15.710016709093598,16.280548885095982,17.080081088800487,17.91427210354917,19.13713837019527,20.670582309165844,22.50498027104223,23.729944142369995,25.601584404094993,26.88864520573694,29.468190646865306,13.348710349692961,13.330586071137308,13.56221932428465,13.978161538628749,14.98087133647439,16.058368690499044,17.417448033509388,18.62907601036616,20.63365580792701,22.489941596189173,24.144996665976162,26.961251788446322,29.08453678503407,10.966051477172629,11.084281528362585,11.454846179674348,12.021077031614096,12.990274092566331,14.190882284058311,15.827313638138342,17.391670650055445,19.59191580729154,21.241740418336725,23.370874181339474,25.121200170374028,27.538611820496687,9.087483094894868,8.963688972738845,9.279785019061595,9.953687608117907,11.011072336516548,12.828449984312211,14.641606810729483,16.4232923922093,17.91967187199587,19.590109800611124,22.298518784887932,24.846495145191003,26.906274231115688,6.385481187819756,7.032157279242266,7.9990600697832,9.713380564973248,11.174098845097085,13.276908412729222,14.982855402092085,16.916648604259652,19.28023137827967,21.50137716519572,23.588500863768346,25.663564386109737,4.841537875510219,4.344501352284287,5.0821420680653935,6.406438011875242,7.86832491703285,9.942081572789473,11.823103145959609,14.38917137989537,16.49162566274168,17.897478313997198,20.621492671482343,23.01266746815762,25.29653181762275,2.147717160149353,3.0657757582706537,5.119984472632706,7.313335353995467,9.008512474321163,11.73831167587571,13.729401516453658,15.606031686498653,18.060181892771734,20.453081552665846,22.636065073240978,24.81729751604715,0.0,2.393005223563041,4.604730176677022,6.774130202468801,9.016166036625545,11.330060414666818,14.14300795446287,15.447283903651153,18.06846814204237,20.236424017103417,22.605012740540538,24.72813595886273,3.268954725902456,5.293438674434606,7.07563608448032,9.473627868984511,11.596114219858306,13.392624574742621,16.332630192348077,18.156534168172076,20.454534949492253,22.575703267008095,24.836406905991858,5.451184274999333,6.439488333710994,8.271489648183088,10.08536132223333,12.30115624646724,14.240056355225564,16.459791067932787,19.491055204888216,20.791098720365888,22.94839820118171,25.49027824485249,8.0128382611906,9.692421627230214,11.37762809200582,13.356083295637236,15.245462439690048,16.93341634166006,19.242401747183223,21.439617393974174,23.487639728163405,25.643285358939483,11.346430716308983,12.765810471724857,14.372543859734781,16.185323289943888,18.137493349412978,19.982979682719993,22.120172015606027,24.154524627903566,26.259481068749245,15.918139998127923,17.608803054154475,19.400609990410096,21.390307828547023,23.364772158101605,25.163117791720484,27.40595360501072,19.171898940897847,20.762114391361976,22.55456053661875,23.224453405839284,26.354371800519168,29.215215761654065,22.23355880195521,23.99606836546354,26.043358040007053,27.500714772529097,28.746481523831747,25.22151351525122,27.298725611280833,28.698122656369005,30.6379838925475
N03,26.670311977927817,26.5827967866438,27.20161557702042,27.62074490306154,28.170207418476704,29.011993812904343,29.958391712506867,30.899579414613395,32.96350758035316,34.79429562442671,24.875540798141454,24.47562563041035,24.40147341862782,24.593039747050383,24.987863394055925,25.21944180587667,26.038498439810237,26.628427854456596,27.842380537590532,28.91320009960848,30.290487038012444,31.717269633434718,33.14006314115892,22.469714662184742,22.318181467135712,22.306824157642883,22.639422254112404,23.526812491283216,23.981438760007705,24.973096824382836,25.856964129611196,27.346456662609874,28.68820644446076,29.896040306368334,31.720189989973264,20.489191736132494,20.189791182674476,19.96700202834667,20.162833630221723,20.57190414132829,21.219628955285717,22.220860694401555,22.928539966600574,24.398706277177894,25.31234544644174,26.665927960601707,28.468126914147337,30.2901057277785,18.36024536873078,17.80547873549038,17.756189343437402,17.916453248341313,18.524678890604285,18.93395494871581,21.035186260168935,21.222830748983508,22.13166457815589,23.90048020438083,24.596710674397094,27.10415337176205,28.559365294067725,16.291284449054345,15.785550418024707,15.535249241643985,15.766795552679689,16.283165539906545,16.845263458907375,17.85524732396614,19.18214870654484,20.858216055070482,21.98838313746602,23.758910959890397,24.946438723793825,27.457826170328925,13.927216879190185,13.516636009007566,13.363420407964423,13.383249007621432,14.05001708184015,14.803975175607395,15.993353932180703,17.006150916653656,18.853777393403156,20.60667379758315,22.19167361872466,24.925620553960137,26.982444107233874,11.585924261792842,11.318075675661477,11.19004865941163,11.313748494641375,11.922785119258,12.79245035167227,14.22424117483952,15.632451183355732,17.70541852089354,19.29011067879083,21.343597681740537,22.986935854959007,25.388844184011212,9.85746990865303,9.227773837714055,8.962000892657844,9.07834990513144,9.699277705066498,11.214681136795642,12.83323341952448,14.488652421809284,15.861159667565294,17.469243830229175,20.124545858229943,22.64893430163989,24.685372693155756,6.697945953798075,6.625181205069036,6.96043331984439,8.13142545929064,9.373979571131997,11.288346956042767,12.853869222922723,14.724164696172073,17.093673449554373,19.256896375065217,21.30277270685673,23.356160322279003,6.281830386121548,4.923601324234122,4.497136199849856,4.9957055557748795,5.994184264768643,7.877239364142746,9.629027469064567,12.15494915661929,14.201496998556173,15.583838294848931,18.294788820863715,20.66737104713611,22.951274300134187,3.130626934018169,2.0639110930464035,3.1010877124002794,5.088476785836798,6.711727422951561,9.412693610226565,11.386744047356117,13.248627287383398,15.688913792866604,18.07485482652627,20.255175437403647,22.434606169933094,2.393005223563041,0.0,2.2127110068872526,4.381252104136442,6.623479750101151,8.937098690290938,11.750017021264268,13.055098697443846,15.675885461434069,17.84344487479926,20.212020804461886,22.335169441936184,2.318450560180225,3.228966552939191,4.84887987065054,7.172403293178654,9.293929900747045,11.095519140626093,13.967997028922937,15.784489507107919,18.081615691082476,20.196620113276378,22.455479375867263,4.86656264729018,4.974746224683225,6.387967204048562,8.010155117099792,10.115525740167932,11.996294969697935,14.176646288879468,17.187160003909895,18.4585010225641,20.609567729576476,23.13088897989007,6.96451613538227,8.171984153190705,9.528139430130102,11.359978036950599,13.13832702439698,14.767305949292172,17.025804562486908,19.185414459948475,21.20388120132727,23.345754432016115,10.045707541034627,11.190805020194036,12.59311816032868,14.260318650016204,16.111738484719766,17.872787835142002,19.96328600205888,21.95391851128176,24.02769735118203,14.315981594008845,15.845736492823551,17.500786096630062,19.401623462999176,21.31715740899804,23.045423081384296,25.247449871224617,17.559024033242853,19.009990215673444,20.677492231893112,21.240334131081838,24.335030819787345,27.15817096197754,20.61455158377208,22.250570891552425,24.21669019498742,25.579978596550855,26.762985072670798,23.60455079004894,25.56502787011976,26.816129213590838,28.748154671213246
N04,26.859125990992336,26.594790110094873,27.024072602033915,27.250524710544568,27.63402670621855,28.32636378005479,29.117543028215827,29.92809292287098,31.76693340566571,33.49348130606909,25.43458472238145,24.861498345835876,24.601746137215546,24.585052898051693,24.769700139484936,24.841883523597804,25.46286765075764,25.860549259441495,26.938071348929196,27.865633637152413,29.116829377526667,30.426253482806587,31.764801667883905,22.89013903409064,22.522846756127432,22.289058347090396,22.38243172669136,23.061854305324193,23.334374322016867,24.130991048856657,24.8760643189392,26.233812418327613,27.439403510280613,28.52827096057523,30.25796980962206,21.161380011710012,20.640824644378917,20.176504057938285,20.123054887367378,20.320752003801434,20.72614872570396,21.49417083769458,22.00963918377582,23.329556232384704,24.09615840751384,25.30620990982253,27.01386977091583,28.775824870887714,19.104392374529997,18.301507615494415,17.98973312753694,17.863021944788628,18.222389799364954,18.36640465632836,20.172073492826662,20.22690814237312,20.966427759635163,22.642556834421327,23.138849971422523,25.541486409369366,26.92417872470765,17.12144915011577,16.344659923045203,15.790259180900103,15.698,15.92606197400977,16.200701990963232,16.9718150178465,18.060823375472115,19.548854928102568,20.566600132253264,22.215400063919624,23.286760723638658,25.71412810110426,14.871026326383799,14.1401267674657,13.648113019754783,13.29204348473176,13.603876285823832,13.999247301194448,14.982324652736636,15.759425021237291,17.410727842339046,19.033411806609976,20.5301406717051,23.1600672278817,25.13576137697046,12.622189390117706,12.048036396027362,11.485399993034635,11.179014491447804,11.393117439928371,11.873085192990068,13.040180251821676,14.245432250374153,16.148130696771066,17.645381605394654,19.60005765297643,21.11204760320514,23.490188866843962,11.066313794574958,10.070691932533734,9.316148667770388,8.878170363312476,8.985521798983072,10.086035742550191,11.428857598202892,12.904230352872657,14.110040822052927,15.630626922807672,18.209912465467813,20.699117976377643,22.703657612816485,7.745599137574834,7.082269692690331,6.745270491240511,7.172300188921263,8.069524459347031,9.681377019825227,11.037065189623554,12.808418013166186,15.174092196899293,17.256629566633226,19.246130753998322,21.269439884491554,8.077370921283732,6.3389999211232055,5.104661790951482,4.594341302080202,4.784602909333229,6.249992799995852,7.758886775820356,10.198367565448894,12.15494586577826,13.500298144855913,16.18841869979894,18.533148356391045,20.815536361093365,5.017324486217729,3.174248414979521,2.203711641753521,3.3163501021454294,4.719786541783431,7.334504005043558,9.271088501357324,11.105054029584908,13.520657158585154,15.89420815894897,18.0695485831827,20.245597743707147,4.604730176677022,2.2127110068872526,0.0,2.1703686322834654,4.4168371036297005,6.726150533551862,9.539235294299015,10.84889118758226,13.468059140054294,15.633451090530203,18.001093439010862,20.124,3.1985542046368387,1.9947694102326716,2.962241381116671,5.081945001670128,7.184266490046148,8.983442825554132,11.77590051758251,13.584808316645473,15.880637896507809,17.99047308994402,20.247841168875265,5.235036771599604,4.322044192277538,4.966501484948937,6.232008424256181,8.149511948577043,9.943810386365984,12.070781664830161,15.053549647840539,16.29473418009634,18.438528357762177,20.940371080761675,6.5549740655474755,7.114888966104812,8.002710103458703,9.613163319116138,11.239175814978605,12.79021989646777,14.984786184660761,17.100141578361274,19.086013727334475,21.212558544409486,9.152117241381909,9.945723151184131,11.081409883223342,12.559676508572982,14.283210598461396,15.943328542057959,17.97758476547948,19.918895551711696,21.958387053697727,12.97424036311953,14.307859413622989,15.800129619721478,17.595123784730816,19.441361320648305,21.092783908246915,23.249519758481036,16.164565722592116,17.45590977291072,18.98212488105586,19.43084269917288,22.479437025868773,25.258313878800383,19.187760916792765,20.683384466764622,22.557587681310252,23.820839804675234,24.937547994941283,22.1614217052968,23.99479476886602,25.09242451418356,27.011532518537337
N05,27.094984572795017,26.659998893473343,26.900029739760512,26.93382848761015,27.148972208906915,27.68693238695829,28.317000759261212,28.99115565133615,30.593775478028206,32.20894425466317,26.03596358885148,25.30139917079686,24.864689682358797,24.645280805866264,24.62144481950643,24.534495246489175,24.9521115138579,25.152391297846812,26.084404306021636,26.860622070235085,27.977019730485946,29.161287025781288,30.409434144686085,23.378722484344607,22.80752213634791,22.359580541682796,22.216040376268676,22.681310896859554,22.767403123764467,23.35881437487785,23.956229169049124,25.170273617900936,26.229538024906198,27.19128875209853,28.818084200723682,21.90341580667271,21.179732812290148,20.48980956475682,20.194900792031635,20.18162634675412,20.33943954488422,20.86217246597295,21.174926139186415,22.328782188019122,22.937341825067698,23.99118921604346,25.593161977372002,27.286925019136913,19.934141265677837,18.90999050766552,18.35388727218297,17.951253243158263,18.059077772688173,17.932946216391773,19.412436451924318,19.328181316409466,19.88304134180684,21.44916968089907,21.731790032116542,24.013494289669715,25.315910017220393,18.05377691786403,17.03990164290862,16.210203114088362,15.807652071069883,15.74509606194894,15.721260922712274,16.230422206461544,17.052527114770992,18.324278676117103,19.213612388096102,20.722417330031746,21.66556819010293,23.996533166272165,15.937816789008462,14.933840262973218,14.140766209792169,13.43402843528329,13.38306280340939,13.395328476748901,14.1373559055433,14.645115124163414,16.061005697029064,17.527690235738422,18.91962304064222,21.427356206494537,23.312460187633565,13.810172518835527,12.985026030008564,12.048870195997631,11.34497355660206,11.153086792453468,11.201330813791724,12.044202796366392,12.998007539619293,14.684536935157336,16.07131830311378,17.90556226427978,19.269915256689636,21.61655460520941,12.431933115971948,11.163871013228341,10.0194962947246,9.087544717909234,8.659378846083591,9.241664189960595,10.218564772021558,11.451454099807588,12.44652208450216,13.853713509380798,16.334943281199354,18.778418596889356,20.74516206251472,9.096240212307501,8.008775436981612,7.101354377863423,6.6980392653372816,7.112624339862187,8.272858091373259,9.333641733000041,10.963121453308815,13.307811014588388,15.291307465354295,17.21582786275467,19.205458937500037,9.94771235008331,8.014627876576679,6.336323224078772,5.068924146206964,4.303901137340401,4.987156504462238,6.058704812086491,8.32961229589949,10.1576163050196,11.454276493956307,14.111116185475902,16.424469793573248,18.70365509733325,7.0155915645082985,4.976094151038543,3.024494172584897,2.304278195010316,2.9785105338071243,5.338987638120171,7.204662518119777,8.997439913664332,11.382748789286355,13.743161681359934,15.913582437653691,18.086538861816543,6.774130202468801,4.381252104136442,2.1703686322834654,0.0,2.2487885627599584,4.556002743633941,7.369049463804678,8.679466573470975,11.297942157755987,13.463111564567829,15.831010233083674,17.954044558260403,5.007121827956656,2.7681880355207085,2.083150018601637,3.277341147942948,5.262535985625181,7.030306181099085,9.661959066359161,11.453747727272502,13.745499627150698,15.844028591239036,18.09768747658109,6.46320431365124,4.8294871363323875,4.408584466696765,4.959164143280599,6.465163957704398,8.081439537607146,10.103920526211596,13.031572314958774,14.223088342550643,16.352787774566146,18.821517499925452,6.978031599240577,6.779925147079428,6.995713616208143,8.224752215112623,9.594264588805126,11.013087895772012,13.100262478286457,15.144103869163075,17.078771033069092,19.18024035302999,8.868666754366183,9.210286043332204,9.970631123454522,11.168213554548462,12.69764564791442,14.208190067703908,16.15604759834533,18.02448612304939,20.01326664990001,12.028710363127045,13.096542329943427,14.365069996348783,16.009960680776203,17.75695610176474,19.303176241230354,21.395626866254702,15.100406120366431,16.185368268902625,17.526354013313778,17.830465725830045,20.807625260947006,23.523085681942323,18.051892670853103,19.370383914625958,21.124191866199286,22.261855021538526,23.29437700390375,20.983344633303815,22.65880747082688,23.571007360738744,25.468245895624616
N06,27.375479922733774,26.76800599596466,26.81020943595928,26.642331973759354,26.678587856181597,27.049392174316967,27.50398476584802,28.028558364639448,29.37048893021701,30.86049934787187,26.69467531175459,25.802240406600355,25.18894989871551,24.763311733288017,24.523478648022184,24.270615175557456,24.46998857784776,24.458138972538364,25.227525165976942,25.835873354698112,26.800801051461132,27.84463878379463,28.990714254740258,23.943817260411926,23.171418342432126,22.50869360935903,22.120973305892306,22.35661839366589,22.243675528113602,22.609460696796816,23.042332737811073,24.09195201721936,24.985876510540912,25.804636521369563,27.313435686489534,22.73412083191255,21.81554913358818,20.906460484740116,20.368979159496433,20.137528050880526,20.033039934068917,20.28755426363661,20.377313390140515,21.33920804528603,21.769439588560843,22.644404386072953,24.122026324502674,25.734416663293537,20.869668948021193,19.640072021252877,18.848529703931817,18.17248428256302,18.018624253810277,17.609023879817986,18.715928536944137,18.48007080614141,18.824334383982876,20.254161300829022,20.296502260241787,22.431298714073602,23.639975676806436,19.109070961195368,17.87979893622968,16.79375255861536,16.087534366707658,15.726505651288209,15.38624596839658,15.600209774230601,16.111753877216472,17.123258363991358,17.858234207222168,19.197136088489867,19.99062032554268,22.204878067667924,17.147172886513975,15.902085555045916,14.836229743435494,13.80044383344246,13.37813200712267,12.978275116516832,13.433368378779761,13.622975188995976,14.743189682019288,16.012446190385777,17.272561882940238,19.62834858056072,21.406510458269466,15.162598886734424,14.124935999855008,12.865357398844386,11.800201396586415,11.201534760915578,10.779085768282949,11.221594227203191,11.853287223382383,13.251268807174654,14.49020448440946,16.168410249619473,17.35616224860784,19.65978537522727,13.964624198309096,12.486103075019042,11.033202617553979,9.685790468516238,8.743019158162701,8.711185281005106,9.200701060245356,10.092233300910161,10.802300218009126,12.050864367338967,14.396474915756288,16.777472425845318,18.697096378849846,10.690389141654292,9.303626497232141,7.968039407533072,6.785452969404474,6.597819715633339,7.088364903135278,7.703104958391778,9.10753808666206,11.39971104896962,13.251610090853111,15.096221149678486,17.046419477415192,11.933983785811005,9.885150580542513,7.95607302631141,6.24698151109798,4.7623730429272335,4.338259558855372,4.594533491008636,6.492063847498729,8.109263653378154,9.334264834468755,11.945595422581496,14.222171212582136,16.496515147145473,9.128781353499491,7.016794211033981,4.78232171648876,2.947450423671279,2.072862031105785,3.401196995176845,5.0897206210164425,6.810248527036293,9.155475957043413,11.502723373184283,13.669203049190541,15.840152335126072,9.016166036625545,6.623479750101151,4.4168371036297005,2.2487885627599584,0.0,2.3221431911060093,5.130495492640063,6.4322165697370615,9.052412993230037,11.221008733621055,13.591050768796354,15.714639607703385,7.140060573972744,4.687883637634364,3.207437606563844,2.3925561644400326,3.704039011673608,5.293529351954138,7.5582768538867375,9.30772329842266,11.585972984605133,13.660128403496067,15.904865230488436,8.24235039294011,6.269940988558027,5.023831306881233,4.592149061169509,5.253709641767425,6.470397592111323,8.263185342227294,11.068690663307923,12.172796556256086,14.2727057701054,16.682900976748616,8.151597205456119,7.284078321929275,6.720587846312255,7.34500108917623,8.277295754049144,9.458316393523745,11.3509261736653,13.269866766475088,15.118055761241258,17.175348438969152,9.267302735963685,9.099387726655019,9.36927302409317,10.1567878780646,11.384210337129229,12.662469624840172,14.469152013853472,16.22286195466139,18.131597723311643,11.551601663838655,12.264837748621055,13.221643543826161,14.645977229259918,16.24387847775278,17.638502685885783,19.634156793710293,14.405164664105717,15.22052311847395,16.312120064540967,16.427297586639135,19.289259524408912,21.909035624600183,17.22431934794522,18.313977640043138,19.904560482462305,20.878243053475547,21.799000206431487,20.07351772858958,21.54655355271464,22.226534457715175,24.087091916626218
N07,28.208567847375733,27.438807590709917,27.284872017291928,26.91260113775701,26.761002690482286,26.94920058183545,27.206721320291425,27.55829865938752,28.586929408385224,29.918241208333086,27.881608651582496,26.851353801996652,26.078155034434474,25.458580655645356,25.007557257757103,24.58831889332819,24.55752776645076,24.31602486016166,24.897473466197326,25.308603379088304,26.088413711837674,26.956276634579933,27.970350730729137,25.064158673292827,24.11340558693442,23.2534570548123,22.630253666276037,22.629681504608058,22.308020172126433,22.423483984430252,22.666226615826464,23.51544736976101,24.20462918534386,24.841821289913508,26.19310187816632,24.097010208737515,23.015708570452485,21.917823728646052,21.159752479648716,20.719609093802905,20.351713687058396,20.319568523962314,20.162043200033075,20.892800697848052,21.107050125491245,21.75434368120537,23.063475735456702,24.560996233866412,22.334838369686043,20.94209277985369,19.952723247717337,19.035344178658814,18.633029732171845,17.944749009111273,18.635924447153137,18.233163740832254,18.327122469171204,19.574886181022865,19.315687225672296,21.24012017385966,22.315200043916256,20.686188484106975,19.292736793933617,18.002598534656045,17.036886012414357,16.401491426086835,15.752213431768883,15.648127044474045,15.797898088036902,16.478646789102555,17.008638981411767,18.109983241295396,18.69331869947121,20.728428329229402,18.861441858988403,17.44215336476549,16.170030117473498,14.872142044776199,14.119352286843755,13.320140689947687,13.452799002438118,13.26908323886771,13.994414064190039,14.979820092377611,16.041525021019666,18.158765073649693,19.76823009275236,17.000373466485964,15.81965998370382,14.333144804961679,12.998585307640212,12.059763845117367,11.193994148649534,11.181370309581917,11.402577120984537,12.383793279928408,13.392866048758943,14.822651753313238,15.732918006523775,17.95361412083929,15.93690371433548,14.333120281362325,12.689109385610955,11.06906183919848,9.742553104807795,9.121203100468708,9.02690517287071,9.430687885833144,9.704628019661547,10.67429084295533,12.763255266584618,15.019212828906847,16.848756452628784,12.734260755929258,11.189150325203428,9.617016429225854,7.92190614688157,7.19766642739159,6.861253675531899,6.776526027397813,7.729811446600751,9.86512366876361,11.458506927169873,13.140306845732331,15.004741917140727,14.180162199354422,12.085977701452208,10.054815015702676,8.166328734504877,6.377884602279975,5.141920750069958,4.325978386446239,5.30033055572952,6.400781202322104,7.43882336125815,9.917325092987523,12.097211786192718,14.353323134382505,11.432165499151942,9.304541901673613,7.010411114906172,4.937245487111209,3.4246944389244423,2.5408049905492547,3.3893186630943983,4.800945323579514,6.985852345991861,9.274881023495665,11.420039273137373,13.578281371366554,11.330060414666818,8.937098690290938,6.726150533551862,4.556002743633941,2.3221431911060093,0.0,2.8130860278349115,4.13558037039543,6.746340193023178,8.907584408805791,11.275007494454272,13.398075570767617,9.30150450196096,6.7620743858671055,5.034412080869027,3.060855109279105,2.772125899016854,3.7250946296705,5.338395639141033,7.033219035406192,9.295059601745436,11.351402776749664,13.590782354228176,10.090775242765046,7.939276856238231,6.197201465177649,4.963605947292755,4.478425839511022,4.976901847535271,6.360432139406881,8.970659396053335,9.976395190648775,12.04132604823904,14.400885111686712,9.503616259087904,8.109981011075181,6.844396978551142,6.725656101823822,7.049815458577622,7.878571444113457,9.490901959244969,11.247635351486107,12.995537580261926,15.003646656729822,9.857763488743275,9.191857810040363,8.919444040970268,9.200198965239828,10.031674835240624,11.012871196922262,12.63727031443104,14.254785757772721,16.073422193173425,11.133005434293114,11.43242983796533,12.014951893370194,13.166172564568642,14.58064487599914,15.802562134033835,17.68807490938457,13.663391160323267,14.168610552908849,14.971033498058842,14.88036172275392,17.593564846272628,20.099882512094442,16.285955912994485,17.116075484759936,18.516786573269133,19.311077235617905,20.110789169000803,19.010675974304544,20.256987856046123,20.690666325664818,22.502752276110584
N08,29.214153094005653,28.259994072893928,27.87564187601785,27.26347793294172,26.887817799144653,26.85304722000838,26.867406164347166,27.002752230096842,27.633493662582733,28.756703357652107,29.302338643869366,28.119576277035186,27.166943976089765,26.3268004892353,25.632160989662967,25.020441742703103,24.71458882927248,24.197880279065767,24.542301318336065,24.705037542978964,25.246044145568625,25.885204519184313,26.72493713743776,26.429262891726662,25.28184811282593,24.203003615254037,23.31280892556708,23.03334769415857,22.4666073317713,22.27688454429838,22.282538320397883,22.87154196813149,23.2956581576911,23.69651084020599,24.835487371903938,25.747611500875184,24.490631841583834,23.189528886978277,22.18876292180346,21.51405354646121,20.84383537163926,20.470689534063087,20.01570395964129,20.44862068698033,20.388837436205137,20.73769307324226,21.815000573000223,23.15006403878832,24.11541104770972,22.552882143974415,21.353744402329067,20.17812521023695,19.49972071594873,18.502216353723682,18.683716466484928,18.085855937721053,17.86703996189632,18.860756983748026,18.21915135235448,19.84202031044218,20.73101989772814,22.605741947567214,21.044819837670268,19.547282905815834,18.311763486895522,17.383075101949025,16.39738823715533,15.922952521438981,15.628952268146447,15.875106834286187,16.128078403827285,16.89576426208652,17.190981501938744,18.96216068911979,20.94757002613907,19.354414199349975,17.879301580319073,16.326143267777606,15.234248258447149,14.014910666857638,13.767248454211902,13.137181927643388,13.331255079698986,13.909751435593664,14.67736004872811,16.433568693378806,17.79688203028834,19.235887840180396,17.916023470625394,16.215800596948643,14.633044283401865,13.36938461560591,12.063123393217861,11.530676346164608,11.237767126969663,11.627569178465462,12.285207771950788,13.330098349224585,13.834718645494746,15.909971998718289,18.323990640687413,16.604803220755134,14.792999695802065,12.945268517879418,11.297184073918597,10.110581239473822,9.365525078712887,9.125111999312667,8.779609672417106,9.284030374788744,10.914362372580452,12.94227047314342,14.621978149347646,15.22117800960228,13.541507523167425,11.786889835745475,9.709826980950792,8.545810260004606,7.3726818051506875,6.4010588186643,6.5513652012385934,8.27718623688026,9.405008133967774,10.805398882040404,12.525736106113683,16.8728454328249,14.736444957994449,12.620994968701952,10.609323918139177,8.655796035027628,6.925737505854522,5.30758796441472,4.81128974392522,4.80838403208396,5.390802908658413,7.529261451165048,9.523740126651925,11.73760333287848,14.200240314867916,12.057758042024231,9.720585630506013,7.536013269627383,5.842725819341517,3.6708992086408476,2.676153956707274,2.8161045790240107,4.424562803260906,6.570092617307613,8.673337996411764,10.810798027897848,14.14300795446287,11.750017021264268,9.539235294299015,7.369049463804678,5.130495492640063,2.8130860278349115,0.0,1.3649036596038564,3.939320372856211,6.094748969399806,8.462004786101222,10.585212043223319,12.05290143492429,9.48855125928084,7.689170046240362,5.4161304452533265,4.020511534618449,3.575433540145866,3.044624935850063,4.451953391490076,6.626255805505852,8.615743960912488,10.832637444316134,12.6417044736855,10.413629530571942,8.426979589390257,6.749881850817835,5.246999237659559,4.542881574507528,4.8270446445004005,6.798518147361232,7.547762582381616,9.503069083196227,11.729752981201267,11.704646299653827,9.949154989244061,8.156552028890639,7.237430552343836,6.6732583495620785,6.81844007086665,7.792110176325794,9.165168192673825,10.679047616711895,12.567531579431181,11.387566026153262,10.263900671771916,9.400164094312396,8.997883528919454,9.18106077749189,9.62231287165409,10.872681729913738,12.212158613447501,13.843428043660284,11.501531593661777,11.253952416817835,11.279682353683548,11.969741559448975,13.051428274330744,13.96404901881972,15.638265408925633,13.50579968013742,13.571696577804854,13.931723690914918,13.529197832835472,15.955201189580782,18.25034273650772,15.783382939027994,16.232675226221954,17.331874220637534,17.846591411247136,18.45096447343607,18.278416178651806,19.186415246210014,19.255201531014936,20.97509563744585
N09,29.39090207870456,28.347407518148817,27.850374862827252,27.123368614536062,26.641129405488797,26.500276243843196,26.400267422887975,26.434929354927355,26.88355396892308,27.91240244049229,29.69190226307503,28.433705702915333,27.39274365593925,26.44488839076467,25.63242136435807,24.929178666775204,24.49163091751956,23.845908663751942,24.077042011011237,24.12368068931439,24.553558703373323,25.088294182745862,25.849400553978036,26.79912545214862,25.55534938129393,24.37090745130349,23.3525709505399,22.93805091981444,22.25582739419049,21.921189315363343,21.81479296257473,22.279585678373824,22.58054926258438,22.87405036280195,23.916813604658962,26.26931693059414,24.92476796281161,23.524837682755646,22.40663852522283,21.619115476818195,20.804642871243907,20.268608339005418,19.674084197237747,19.962987802430778,19.775486087578226,19.985443202491158,20.954089624700952,22.213595589188166,24.71217756491726,23.06607693128591,21.76438857399858,20.465000097727827,19.653844662050222,18.512223961480153,18.44509324996759,17.758504019201617,17.392380199386167,18.258973136515642,17.444739780231746,18.923612762894933,19.72870801649211,23.28313417476264,21.639247768811188,20.041937655825595,18.677986722342425,17.61107975111123,16.469921827379753,15.820522273300588,15.315320989127194,15.35043103629341,15.469766804965097,16.076350083274498,16.23991542465662,17.88964594395317,21.722798530576117,20.04225448895408,18.469415827253446,16.79863149188052,15.549633371883726,14.140860829525197,13.712269104710568,12.87544426417978,12.80862787342969,13.1842970612771,13.806341296665094,15.38922954536711,16.644790776696475,20.10173636778674,18.7105363097908,16.90745211437844,15.212253251901902,13.80357899242077,12.305521362380384,11.533117921880448,10.996265002263268,11.0874192218027,11.562619253439076,12.41204656775022,12.730408712998965,14.735539929028729,19.28129832246781,17.502890846942968,15.611078694311935,13.6637752103875,11.882337228003589,10.453580869730716,9.420487142393434,8.872147259823858,8.224302766800356,8.476561213133541,9.85596956164131,11.767492213721665,13.381224196612207,16.250523006968116,14.502437036581128,12.666341934433952,10.435820331914497,9.100780461037393,7.592312493568741,6.2444625068936075,5.954678496778814,7.392800416621566,8.268672928590172,9.538251464498092,11.204224426527702,18.03517244164857,15.872774678675432,13.710749797148221,11.642804644929845,9.63116301388363,7.7296453993698835,5.87743787717063,4.7408202876717445,4.089879338073435,4.349180382554856,6.261675494626019,8.181141485147412,10.382809735326946,15.432518815799318,13.280282263566539,10.917857527921859,8.68455099587768,6.942079011362518,4.491986754210213,2.925828771476554,2.0993439451409577,3.1151966230079284,5.205862944795992,7.3107861410384585,9.453992384172944,15.447283903651153,13.055098697443846,10.84889118758226,8.679466573470975,6.4322165697370615,4.13558037039543,1.3649036596038564,0.0,2.623476510281729,4.801766862312247,7.17577542848158,9.298709157727217,13.408945409688265,10.848072132872273,9.053402122959081,6.7742826188460725,5.280286450563075,4.533705879300068,2.78632751125922,3.6649645291598665,5.638178783969164,7.506936126010398,9.676728786113621,14.00253012851606,11.769422160836953,9.757693836147967,8.022736503213851,6.33866902432995,5.284409616977094,4.959502596027146,6.318273894031502,6.808940739938922,8.618831939421954,10.683326869472824,13.01867892683432,11.198471368896739,9.300327144783672,8.167791929279296,7.287544785454152,7.089949012510598,7.629454829802716,8.683622400818681,9.981649162337856,11.746634922393731,12.548836201018801,11.305123307598196,10.259532201811153,9.597668571064538,9.468850246994089,9.596714073056464,10.581523614300542,11.70616418815318,13.179755460553887,12.279074761560823,11.81050604334971,11.573842577121914,12.0050599748606,12.873914478510411,13.577794555817965,15.091589081339315,14.0350032775201,13.895234075034505,14.022897453807468,13.451129023245596,15.676746505573151,17.81987081883592,16.12546597776325,16.379447029738213,17.306292786151516,17.656991278244433,18.139162604706975,18.484152888352767,19.20862327185371,19.07235318464924,20.727478693753373
N10,30.699619574190166,29.512717936510015,28.824530820119172,27.896529855879926,27.21945827895919,26.87490997194223,26.545836453199207,26.369426633887965,26.410443256409007,27.209597295807228,31.334601273991026,29.96592226179598,28.79058318270055,27.672158300356696,26.66490341253836,25.805667982053865,25.130665968095634,24.243116239460637,24.24498044956935,24.04749311258868,24.229011123031828,24.51800228403611,25.083336660021928,28.424074373671345,27.038446793408824,25.69295142641265,24.469297844441716,23.8233347161979,22.937308342523544,22.329430355474813,21.999396923552247,22.197865325296483,22.22220412110374,22.260950496328768,23.056645115887957,28.1185276463758,26.65419233441524,25.11492952408985,23.82253901245625,22.859324683813387,21.80869267058436,20.987164482130503,20.135620179175014,20.13221937591581,19.675898175178688,19.569490054674393,20.265795937983786,21.321933542716057,26.67134914097898,24.917885062741583,23.47748208390329,22.003313795880835,20.992091487033875,19.62621310900297,19.11911404851177,18.27455088367427,17.621391205009893,18.205725500512195,17.012108187993633,18.11345922235728,18.68646175711175,25.35420517389571,23.609252698889055,21.885890340582446,20.350114618841832,19.087260594438376,17.715137538275,16.78145029489406,15.901102163057754,15.513997872888858,15.341288928900337,15.558780961245004,15.383163328782542,16.6700179064091,23.92095786125631,22.14091633153425,20.452615480666527,18.638448460105256,17.182103159974332,15.509981882645768,14.796473397401153,13.616607066373032,13.040798480154503,12.95814832450995,13.20860102357551,14.287944043843398,15.196331695511255,22.409331270700605,20.943473828379094,19.029072547026566,17.20832060370796,15.626748670148887,13.887078490452915,12.767864974223372,11.834409702220048,11.342624123191246,11.395846831192493,11.729991858479698,11.502361714013345,13.239595235504746,21.686833471025686,19.854106502182365,17.886328438223423,15.84260710868006,13.926279797562593,12.219018127492896,10.810028908379477,9.785049821027995,8.59932258959972,8.260042675434551,8.866244357110851,10.329042743642802,11.666582190170349,18.73078281866511,16.927433857498897,15.023939064040428,12.659987401257554,11.162538241815792,9.296766964918502,7.504201289944187,6.45738097064127,7.0620113990279005,7.103442616084119,7.798877483330533,9.15723593667871,20.612691866905692,18.43594589382384,16.245484080199027,14.142073857818731,12.096636970662548,10.074136637945704,8.062358525890549,6.290663716969776,4.663707752421886,4.0072026402466845,4.6948551628351645,6.058250985226676,8.11694924217221,18.046094591351338,15.891378857732894,13.520958324024226,11.269492668261513,9.509693265295153,6.936319773482189,5.091858697960893,3.4203979300660325,1.952924217679734,2.912330338405999,4.830250614616181,6.913233469224079,18.06846814204237,15.675885461434069,13.468059140054294,11.297942157755987,9.052412993230037,6.746340193023178,3.939320372856211,2.623476510281729,0.0,2.182422965421689,4.555708945927077,6.677249808117112,15.977987107267298,13.406755312155138,11.584355700685299,9.231924826383716,7.511913205036384,6.332000315855962,3.247733055532736,2.5523455878857786,3.586063719456195,5.112617040225094,7.17879885496174,16.446696598405406,14.187283214202782,12.084208703924308,10.211942518443786,8.218777768013927,6.668745759136421,5.38484549453371,5.322165724589944,5.205970130532829,6.609598550592917,8.337945190513068,15.268057374793953,13.283473416241703,11.17854874301669,9.667425303564544,8.269519212142868,7.472119511892191,7.135227676815926,7.473291711153793,8.282428689702074,9.768945951329652,14.406922537447059,12.9239320641978,11.543096464987201,10.413985644315053,9.704577991855183,9.22637014215233,9.645951326852112,10.314606390939016,11.457016409170409,13.342216907245962,12.456399560065499,11.723696729274431,11.64147353216078,12.072714400664003,12.360765348472562,13.546214969503474,14.564337952684289,14.027532962000125,13.703482550067337,12.823082975634213,14.616261149828981,16.44454259017258,16.242586308836408,16.113029820614123,16.69295758695864,16.728440752204012,16.976525469011612,18.295067340679566,18.656685262929212,18.135996388398407,19.65126382704176
N11,32.055837533903244,30.769590995006745,29.94388974398617,28.87015898813167,28.048500369895002,27.547909249160817,27.03935918249543,26.693098452596317,26.39289565394445,26.987921390874103,32.92512039461663,31.483388207116462,30.217472594510614,28.98190595871845,27.838234498617183,26.868887025703167,26.019873366332895,24.9529742716174,24.774153890698265,24.38111000344324,24.35500051324163,24.43212332156172,24.82197679476798,30.010836209609355,28.532040813793884,27.079628228614958,25.716391134838496,24.90619330608353,23.875336563072782,23.064501078497234,22.56256264257232,22.54460221427737,22.339000022382383,22.159279433230676,22.72943734455387,29.857888890542814,28.317775636514956,26.690057793118395,25.284388958406726,24.204373675019976,22.993310548940098,21.970328104058893,20.934280259899076,20.703860726927235,20.03734725456441,19.66901464232512,20.121116395468718,20.984133529883955,28.486509526440756,26.668232974833558,25.14204695326138,23.558593251720275,22.417944174254696,20.907716972448235,20.08916573678459,19.13742406908516,18.274169365527946,18.625528636793103,17.136969306152125,17.890554071911804,18.244109981032235,27.243783474400175,25.439714640695165,23.642293501265904,22.00328723168427,20.620292747679407,19.105780905265295,17.98742282818748,16.85166068967685,16.15274602041399,15.751505959748737,15.639147834840617,15.16769250743171,16.092110147522607,25.891556635320324,24.055475925451987,22.302124786665505,20.40793465787266,18.83155174169139,17.007544913949218,16.115891691122773,14.722425411595742,13.789762470760692,13.348656936186503,13.277916440466102,13.870535858430273,14.421082240941558,24.44658082431979,22.940637698198366,20.966835622000758,19.080098322597816,17.406103412309143,15.538228116487414,14.220836051371945,13.049425159753206,12.16120668354913,11.88667594409808,11.773653001511468,11.043930686128014,12.45862175362909,23.77914800828659,21.91963514751101,19.914575190046108,17.824846535103745,15.844978920781182,13.99929433935868,12.39834928528794,11.112158116225668,9.624647162363928,8.870407262352726,8.765564043460067,9.702578317127877,10.695674359291237,20.863872243665604,19.035773296611833,17.102694202961125,14.681224369922285,13.113388044285122,11.093496202730678,9.126299414329996,7.713695158612375,7.677067734493424,6.9672583560536925,6.972926215011887,7.878102563434929,22.78678608316671,20.605297110209307,18.40457891395508,16.28823210173529,14.23182293313123,12.165312203145465,10.104227085730011,8.110757547849646,6.153262874280603,5.058227851728311,4.452898045093779,4.858470644143073,6.578734604770131,20.228509089895873,18.073772600096525,15.702607299426424,13.447795990421628,11.684460792009189,9.081434358073619,7.181135355916918,5.382806702827067,3.1788722843171917,2.047492612929287,3.0877941965098645,4.951593783823547,20.236424017103417,17.84344487479926,15.633451090530203,13.463111564567829,11.221008733621055,8.907584408805791,6.094748969399806,4.801766862312247,2.182422965421689,0.0,2.3740652897508947,4.497047142292373,18.09071236850556,15.514206457308733,13.674381338839428,11.282934104212432,9.453462117129364,8.084998577612739,4.727912012717665,3.2127262566238035,2.57600640527154,3.2623588092053883,5.116215886766312,18.45690724363104,16.185040160592745,14.0286510399254,12.084698589538755,9.944489629940794,8.176774180567786,6.428048615248643,5.222705237709668,4.46309813918538,5.199880864019867,6.440015527931591,17.13759942348986,15.051671136455246,12.835116283072779,11.111794184559036,9.430581424281327,8.266894217298296,7.262212335094588,6.89486163748048,7.130147333681121,8.250957823186349,16.003446285097468,14.372543059598048,12.786070311084638,11.359513589938611,10.244971449447773,9.29865065479933,9.188164615416945,9.385682766852925,10.15835641233364,14.381711511499596,13.205238354531886,12.108314209666018,11.603408120030943,11.634438405011219,11.529798350361554,12.37319077683683,15.16817622524211,14.326944021667705,13.635891463340414,12.514447690569488,13.87298093417561,15.379937873736683,16.479704002196154,16.033455647489095,16.30496074818949,16.06293933251321,16.097380314821415,18.241951567746256,18.28959882009444,17.44146774213684,18.813375667327755
N12,33.564756546115454,32.18101508653821,31.21747211098298,29.998676137456467,29.03191128740924,28.37200891724095,27.678615662637466,27.155075197833646,26.490668715606255,26.85828097626503,34.67157373122829,33.158784733460905,31.804361273259364,30.45403804095608,29.176430521912717,28.099692952059105,27.0774820099654,25.83299287732647,25.467542814335268,24.87195732144939,24.624702556579237,24.472,24.66608542107969,31.760609691880916,30.192045525270395,28.63724960606378,27.139754328291183,26.16829411711814,24.997400864889933,23.985545814093957,23.310621892176105,23.066432775789153,22.618508704156426,22.204583693462933,22.520695726375774,31.762465663106195,30.149604989120505,28.438158467101907,26.924901875401517,25.733765153976204,24.370016495685842,23.152856519228894,21.93993445751377,21.479792014821747,20.60283458653202,19.96221433108061,20.144111422448,20.78327389994175,30.470372183483416,28.59123054364747,26.98430397471834,25.29914532153211,24.037036776607884,22.394964724241028,21.275628357348225,20.227029094753387,19.163160073432564,19.2707472870151,17.496710119333866,17.861131011220987,17.964697854403227,29.3047475334629,27.44535314037697,25.579837685176972,23.846291137197834,22.35404940944705,20.71275824220425,19.426805656103117,18.05689170372354,17.060441553488584,16.435087891459542,15.980907514906656,15.200396376410716,15.69770190187086,28.035942876957073,26.147269761869975,24.334477352102716,22.369621834085617,20.68688775529079,18.733217395845273,17.68374589842322,16.10867344010673,14.852908839685242,14.067742533896475,13.667269259072933,13.711572958636074,13.834564142032086,26.65975251197955,25.115898152365563,23.088048899809614,21.14390999791666,19.39081870370614,17.417804482769924,15.934559297326048,14.565661845587382,13.331069349455804,12.749307785130924,12.185738918916654,10.937022126703411,11.921115803480815,26.04877183285231,24.163980570262012,22.125205919945692,19.996282554514977,17.964670356007094,16.006429208290026,14.255252961627864,12.766812758084924,11.061487829401612,9.971491413023431,9.175149753546261,9.467629059062252,9.992883868033292,23.17742386461446,21.325661466880693,19.366367780252443,16.897440782556394,15.27430495963728,13.141299783506957,11.066118425175107,9.416061437777474,8.853070710211233,7.486946306739483,6.707021544620234,6.927318817551275,25.14535094207277,22.95835240168597,20.746702991077886,18.618016677401492,16.552710050018998,14.450187715043706,12.356095378395231,10.217734484708437,8.093910426981509,6.788184514286571,5.2402516160963115,4.404019187060838,5.349243030560492,22.60131788192892,20.445998190355002,18.072743289274044,15.81308777563699,14.046027552301043,11.418453135166777,9.484197857489056,7.631522128645111,5.236457676712378,3.159718974845706,2.2242987659035376,3.0954833225200873,22.605012740540538,20.212020804461886,18.001093439010862,15.831010233083674,13.591050768796354,11.275007494454272,8.462004786101222,7.17577542848158,4.555708945927077,2.3740652897508947,0.0,2.1237921273043647,20.4225703573277,17.84430273224482,15.994590866914978,13.581997496686562,11.69033669318382,10.21765139354441,6.818768950477791,5.071587522659941,3.3365564583864007,2.233518524660138,3.125630336428158,20.710760802056498,18.43367779364715,16.24349051158648,14.256463025589483,12.031223711659592,10.146079144181757,8.150211346952911,6.15272459972003,4.868587988318584,4.531409162721902,4.736264561867295,19.28303762377702,17.125599843509132,14.83799083434142,12.97201187171828,11.108415908670327,9.696861863510277,8.17248175280924,7.10786332170224,6.594361000127305,7.091254120393655,17.93096386143255,16.19126109974143,14.454103915497495,12.804222155211148,11.36577397276578,10.017485213365678,9.352586006019939,8.975990028960593,9.220074240482013,15.846482638112471,14.428865582574398,13.016997080740243,12.104726101816595,11.700908725393937,11.140130878943928,11.522687533731009,16.21444417795442,15.091877583654062,14.04052171395351,12.693317808989105,13.513001813068774,14.593202013266314,17.137128872713774,16.36830186671788,16.297087623253425,15.743169248915542,15.523707192549079,18.565479282797956,18.269504563616387,17.06212135110989,18.243844605784165
N13,34.93663328084148,33.47400598972283,32.396722612017406,31.059291057588545,29.973150251516774,29.180223525531808,28.331485241688263,27.657277414814352,26.677051748647187,26.839141007118688,36.24231609596716,34.6723676145717,33.246463165275195,31.803346522025002,30.417405494223203,29.25457340314502,28.091010750772213,26.702823970509186,26.180368370212058,25.41434197456232,24.976181313403377,24.621698337035973,24.639117212270413,33.33975130381149,31.699600155207005,30.063767994048916,28.45974606351926,27.358067548714036,26.076192072463343,24.901758994095175,24.085265205099986,23.649494074926846,22.995211523271536,22.378858326554553,22.46448096440245,33.47160115680157,31.800783166456768,30.023611574892183,28.42571121361786,27.14718420020758,25.663682685850056,24.292982772809108,22.94171713276929,22.292976337851346,21.245906005628473,20.377854352212847,20.32035688662972,20.751851604134025,32.24805060774992,30.321385011242477,28.651257180095957,26.88746892141393,25.53088032168104,23.789356023230223,22.4318025356858,21.31209921617296,20.09303672917561,19.995749248277747,18.0017813007491,18.02078821805528,17.898002793608008,31.14861353254748,29.246062640977843,27.328333520359415,25.522589602154405,23.94765763075796,22.21273889010538,20.80129363765629,19.25585949782559,18.03014323293079,17.229271865055704,16.49483264540747,15.461073475021067,15.563891030201926,29.951165853769364,28.021230397682398,26.162969651780738,24.145853225761147,22.384201973713516,20.338144187707982,19.172687344240504,17.470830003179586,15.978698945784041,14.932261617049173,14.268286652573252,13.835573930993972,13.561959887862816,28.634072169357957,27.060169197549374,24.99099703893384,23.004809866634414,21.194604336953308,19.148914747316624,17.549250610781076,16.04456705554874,14.565113834090003,13.756709635665064,12.844129086862994,11.19393701965488,11.749022640202886,28.071413021078936,26.16663623777424,24.1021850046837,21.94501412622011,19.87754335927858,17.841037105504828,15.989662973308725,14.369600725141948,12.53614119256799,11.23337073188631,9.94419307938055,9.676278881884297,9.737772897331299,25.23945090527922,23.368662777317834,21.38965754751581,18.88711121373515,17.22627252193579,15.020710935238718,12.88757572237696,11.105160782266953,10.205689099712963,8.437714382461639,7.085228366114955,6.623584603520967,27.24805991258827,25.056011653892565,22.834840835880595,20.696309719367846,18.624951677789664,16.49662323022503,14.382768718157154,12.15715941328401,9.956059712556971,8.561934010490853,6.566260731953918,4.946912168211601,4.924035946253845,24.7205163578757,22.564375750283897,20.188556981617086,17.924006527559623,16.153854803111237,13.508064443139142,11.553612854860596,9.675701576629987,7.21962007310634,4.937554556660615,3.1683689810374043,2.3220310075449038,24.72813595886273,22.335169441936184,20.124,17.954044558260403,15.714639607703385,13.398075570767617,10.585212043223319,9.298709157727217,6.677249808117112,4.497047142292373,2.1237921273043647,0.0,22.527644994539486,19.94910466662602,18.09470336866565,15.672284230449625,13.749931090736418,12.226449893570905,8.835063384039755,7.030965865370135,5.011531103365517,3.137429839852997,2.236,22.768200675503543,20.489799462171412,18.281507186225102,16.27237539512901,14.004779505583084,12.06511686640457,9.960789627333769,7.595294661828467,6.111665075901984,4.99984799768953,3.9462839482226824,21.271837837855006,19.072259567235342,16.74684641955016,14.80112715302453,12.841997702849818,11.299934026356082,9.48867751586068,7.990397361833766,6.893776903845961,6.708,19.777138974078127,17.971589384358857,16.1445670428166,14.361208653870328,12.724413424594472,11.125924905373036,10.061105008894401,9.210884865201606,8.929222250565836,17.38262100490027,15.807374766228579,14.186824873804568,12.983042363021081,12.236017407637176,11.29380595724931,11.222545210423524,17.437798284187142,16.1143189120732,14.794917809842676,13.293612300650263,13.620370075735828,14.272578603742213,18.044051235795138,17.022096022523197,16.65951697979266,15.837980963494052,15.387931504916441,19.178340387009506,18.590645819874037,17.079448468846998,18.06705357826782
O03,28.987038103262638,28.899528023827656,29.50342063219111,29.891409635545795,30.400910265977235,31.195930920554364,32.08199689857226,32.96234277171451,34.89684863995601,36.65563614234515,27.14795110132623,26.777019046189587,26.718091698323068,26.908563488228054,27.283460227764365,27.48721251782363,28.256333590896045,28.780013359969104,29.936053330390767,30.93451743602929,32.237543392758695,33.58487808523354,34.94371820513667,24.767864098464365,24.635001298964852,24.621290075867265,24.9278741371983,25.77320455434287,26.174911843213533,27.092618108997883,27.91170702411445,29.329509593581683,30.584592526303176,31.704822235741993,33.450377157813925,22.740897629601168,22.48551171310095,22.284119569774347,22.475146473382548,22.859829767520143,23.45653418559528,24.384340815367555,25.01128209428697,26.404857981060985,27.229040324624002,28.4799428545775,30.204737260899986,31.972719652854057,20.59675093309622,20.097063367566918,20.073,20.226608465088752,20.801835039245937,21.147103371383984,23.141480894705072,23.26551856288615,24.078791082610437,25.787949220517714,26.32926442193173,28.739988326372018,30.119927506552866,18.50742078194582,18.069761066488955,17.85200100829036,18.074043072871106,18.54644680255493,19.030431892103763,19.94786610141546,21.152830401627106,22.70696672829729,23.75056096179625,25.413208632520213,26.480702596419153,28.891682626666103,16.11349809941963,15.794010257056312,15.680018367336181,15.68552087117288,16.28810685745891,16.924488116336043,18.02025185728546,18.894723602106488,20.596630136990857,22.231851744737774,23.724581366169563,26.332825541517565,28.275674863741095,13.750433011363679,13.580671559241834,13.507489552096644,13.60668960474957,14.131683905324234,14.856436483894784,16.14847113506415,17.417807468220563,19.345722886467694,20.84208379697193,22.780918704038253,24.241297015630167,26.60262682518401,11.959631516062691,11.47474814538428,11.279269701536531,11.353447405964411,11.836003421763614,13.163266008099965,14.601126840076418,16.102271392570678,17.293805393839726,18.78503843488216,21.319596736336266,23.778767419696084,25.751800636072034,8.912185197806428,8.942060892210474,9.21957987112211,10.151473833882449,11.204236520173964,12.879308211235571,14.208399241293863,15.93035608516018,18.287013780275885,20.297988200804532,22.213661247079465,24.18368528574584,8.009111436357967,7.0244117903209515,6.814162090822319,7.181305243477678,7.855639121039102,9.446213262466607,10.922894350857742,13.304169045829205,15.164565869156954,16.44979066736109,19.0837433696851,21.35654056723607,23.626801158853475,4.971725857285375,4.377231316711512,5.0169004375211586,6.5148142721032345,7.850461515095784,10.345255337593171,12.197547171460334,13.950300140140355,16.269670340852024,18.576297262910067,20.71513082266197,22.862736690956314,3.268954725902456,2.318450560180225,3.1985542046368387,5.007121827956656,7.140060573972744,9.30150450196096,12.05290143492429,13.408945409688265,15.977987107267298,18.09071236850556,20.4225703573277,22.527644994539486,0.0,2.5785406725510462,4.441937977955118,6.894375968860416,8.953748712131695,10.700237941279623,13.861026296779038,15.71241356380362,17.997484074169922,20.15208636841357,22.417000802962022,2.553769175160512,3.1740864827537387,5.129020569270511,7.071018738484576,9.393733443099181,11.409313125688154,13.692645507716907,16.754340333179343,18.136728949840986,20.305155133610775,22.92544983200984,4.842455575428648,6.423527535552408,8.174536561787463,10.226043614223439,12.20228912950353,13.950130393655824,16.320777248648422,18.57515967629888,20.678304113248746,22.859885673379907,8.108856207875437,9.497005212170833,11.130482289640462,12.995311654592975,15.004526050495564,16.9181708822201,19.10057394425623,21.18758176385403,23.336193284252683,12.649310811265568,14.356941526662286,16.189958276660256,18.222472554513562,20.23391106533781,22.09107294813903,24.374462783823564,15.902970414359702,17.505122136106337,19.329783495942216,20.050246606962222,23.197655614307234,26.081940131056204,18.96460434599151,20.73615282543992,22.79933606489452,24.288389530802572,25.564436801932484,21.95261799877181,24.03599477866477,25.46954701206914,27.410977691428666
O04,28.85156942005062,28.573998390144844,28.975567380122172,29.159483294461854,29.493897758689,30.13115547070839,30.853679213345043,31.5964460817985,33.29392979208072,34.94166454249139,27.415796267845295,26.854586665968256,26.59495801839138,26.56297605691049,26.71538496821635,26.751653182560513,27.312622503157765,27.635511158652374,28.6473029271518,29.495149380872782,30.664788471470008,31.888085862904973,33.15733478432789,24.881355348935475,24.516497241653425,24.26716301919118,24.322867943562905,24.950290839988217,25.162574788761187,25.87644403700014,26.550106911272504,27.827952583688223,28.9394358618132,29.934597592083982,31.579005747489898,23.125929105659733,22.629563164144376,22.170610027692067,22.100155587687613,22.264937749744554,22.6104688142462,23.295957267302843,23.72378991645306,24.958175754650018,25.628803503090037,26.728427806363772,28.35091894454217,30.05245577319764,21.054996010448445,20.28563284691902,19.984421858037322,19.840512745390427,20.15951291574278,20.233616211641458,21.918857132615287,21.90720707895007,22.54426126534201,24.151052006072117,24.486321263105246,26.780968559781403,28.082755509386892,19.05202330462568,18.32077784920717,17.784959600741296,17.676108310371944,17.85626178683545,18.049474285972984,18.721669637080986,19.67919414000482,21.033336634970684,21.95681966952409,23.4872787908689,24.432043917773232,26.74903544055374,16.76918963456493,16.105031760291563,15.641917273787124,15.271086176169657,15.520471803395669,15.798582278166608,16.68031993098454,17.31126442522325,18.801176160017224,20.292841102221246,21.687055240396287,24.177550765120937,26.03165198369093,14.487057396172625,13.990459892369515,13.477737569785221,13.157471261606464,13.298728134675136,13.638661407924166,14.65495984300196,15.70705971848328,17.443987216230127,18.83944088873128,20.665010742799048,21.984297600787706,24.312249793057,12.862597327134205,11.98159459337529,11.302246192682233,10.856189018251294,10.856708018547796,11.766841717300355,12.908956154546345,14.206546096782285,15.212353039553085,16.59862816620699,19.036868045978572,21.447883345449267,23.381360867152278,9.582981216719565,9.049720050918703,8.730501990149248,8.981618172690265,9.680555562569744,11.013449414238938,12.097993428664111,13.69026460664658,16.019988920096043,17.932593147673874,19.7810542186204,21.71420092934575,9.506011256042148,8.008203606302727,7.027016507736409,6.578232361356658,6.551992826613899,7.664367227632038,8.826433084774393,11.055923389749045,12.789130150248688,14.020944939625146,16.61361011339799,18.848582678811688,21.11109909502582,6.356773552675917,4.880210036463595,4.184630210663781,4.78835765163798,5.74577496948845,8.014351377372968,9.77749625415423,11.472595608666769,13.745478420193312,16.02929680304161,18.15806027636212,20.299229665186804,5.293438674434606,3.228966552939191,1.9947694102326716,2.7681880355207085,4.687883637634364,6.7620743858671055,9.48855125928084,10.848072132872273,13.406755312155138,15.514206457308733,17.84430273224482,19.94910466662602,2.5785406725510462,0.0,1.8731986013234154,4.331825019550074,6.417972888693127,8.188730060271862,11.297280823277786,13.146745452772713,15.43582705915041,17.587081082430934,19.852702611987116,3.696607769293356,2.351745947163511,3.1787022509193905,4.810191888064343,7.010298995050069,8.971436116921303,11.22213994744318,14.273426217975837,15.624221356598863,17.79095953005346,20.38997876408899,4.594244225114725,5.169356826530744,6.310617085515489,8.13787244923389,9.963752104503605,11.640141322166153,13.954565202828785,16.167747183822488,18.23825323324578,20.40720522266584,7.179129821921316,8.08579618837873,9.385249064356257,11.03159539685897,12.901133051015325,14.702782389738344,16.82850014112963,18.862134582278856,20.974011371218428,11.171921947453804,12.635858261313317,14.27182178279984,16.18265398505449,18.116832642600638,19.88188904505807,22.11469276295739,14.397617163961542,15.798939996088345,17.448681612087487,18.020992897174118,21.12575835325208,23.963399696203375,17.44363293583077,19.038365528584645,20.990486440290038,22.352532429234948,23.54486493909022,20.429733453963614,22.353457204647338,23.587172552046166,25.519355987171778
O05,29.147130647801337,28.733260674695448,28.983003881585496,29.011358896128943,29.20857000950235,29.718410539596494,30.306349994679334,30.933584661335324,32.426752227134926,33.974896438399924,28.000941305606137,27.311225421060843,26.9112620477004,26.718398155578114,26.704560378332385,26.613205688154142,27.009117442078704,27.170095509585536,28.05956011772102,28.778792886429407,29.83135338867481,30.944095801945807,32.13170603936243,25.37460472598539,24.848976236456906,24.43089519440497,24.29918525383104,24.75513785055539,24.816857516615595,25.361844826431692,25.911740389252127,27.065834108706127,28.049709820245912,28.93209377145042,30.48187863305016,23.815678407301355,23.159495676719732,22.5240012875155,22.265065910524495,22.26440324823461,22.4138101401792,22.901417816371108,23.163107239746573,24.256434362865452,24.791774845702356,25.75369383214765,27.278792971830697,28.915153760614867,21.80872233763363,20.865657550146842,20.37520159409472,20.018254794062344,20.14201946181167,20.004469750533254,21.424649938797135,21.299619832288087,21.781347639666375,23.28938526453629,23.43860755249765,25.61774326516682,26.842660859162233,19.87954639824561,18.9629346357572,18.21541547700738,17.870201621694143,17.828025241175762,17.78995157385202,18.253303399658922,18.990641511017998,20.15778214486901,20.966776695524757,22.367400072426836,23.192348242469972,25.411504048363607,17.69132380575292,16.814707877331678,16.122732181612395,15.489036961670665,15.46614082439443,15.451071063198176,16.13935692647015,16.548688920878295,17.830888536469516,19.17706580788625,20.469236673603636,22.834862557063925,24.595101016259317,15.489041836085278,14.797519420497478,14.003954048767799,13.391990628730293,13.236013637043444,13.251712417646257,14.008085557991143,14.846395454789691,16.38423904244564,17.671263735228447,19.37479316018625,20.545080384364525,22.831883606045295,13.988691325495749,12.890003646236877,11.918140123358175,11.119187964954996,10.742522981125058,11.266136205461036,12.10837082352535,13.187020323029763,13.993022618433802,15.258210248911896,17.580698564050294,19.931493095099523,21.817125223090233,10.653656836973866,9.800716810519525,9.087144546005636,8.78027903884609,9.126770129678954,10.080386946938098,10.88424154454503,12.313426899121138,14.59581433151299,16.388561193710693,18.153043629099777,20.03786528051329,11.003456047987832,9.301099397383087,7.949717605047365,6.9924366282434045,6.3853852663719515,6.9396766495277,7.697852817506971,9.699473439316177,11.259344607924566,12.416233406311273,14.946347312972492,17.126461222330782,19.375540147309444,7.895301197547817,6.136235735367409,4.732064771323402,4.384936031460437,4.758691521836648,6.608254308060488,8.215918207966775,9.814652770220658,12.00934519447251,14.252450491055916,16.361704556677463,18.489627200135757,7.07563608448032,4.84887987065054,2.962241381116671,2.083150018601637,3.207437606563844,5.034412080869027,7.689170046240362,9.053402122959081,11.584355700685299,13.674381338839428,15.994590866914978,18.09470336866565,4.441937977955118,1.8731986013234154,0.0,2.4586909118471967,4.553514357065321,6.335174267532031,9.42435828054091,11.274236337774722,13.5627520068753,15.714521309922235,17.98003587315665,5.0814584520588175,3.0646017685826656,2.331977058206191,3.270396459146811,5.266968482913107,7.166560751155326,9.388196844975079,12.429564956184105,13.763932286959276,15.929284039152543,18.520461900287476,5.044569852821943,4.697997977862486,5.119533670169579,6.651024357194912,8.313071935211436,9.919278249953472,12.183735757147723,14.36531447619578,16.413909284506236,18.57435506282789,6.787777544970076,7.222031639365754,8.175611597917309,9.59885347320189,11.333290122466645,13.037912601333083,15.115265396280675,17.108273378690207,19.19375033702377,10.14388924426918,11.379473142461386,12.838361655600764,14.641771921458139,16.51001599030116,18.20457978092326,20.39884440354404,13.288925502086315,14.517036198894042,16.020172814298853,16.478794676795996,19.541456266102585,22.339659129001944,16.289489279900703,17.73810488750137,19.59722429325133,20.861621533332446,21.990925264754097,19.251839652355304,21.04685995582239,22.130657333210866,24.050629950169704
O06,29.736420531059217,29.15090290196858,29.20273009497571,29.027055965081956,29.040972177253295,29.37673981230729,29.77874498698694,30.244329534641697,31.44711918443405,32.84959824716278,28.960105403813706,28.114738572499657,27.540998747322146,27.144597123552966,26.91599617327956,26.65814352125819,26.83197525341733,26.77355742145597,27.490051309519234,28.027438645013568,28.911100843793548,29.86317705804257,30.9303898779178,26.236765806783428,25.514281745720375,24.88567686441339,24.513368291607744,24.740126131448882,24.600368818373433,24.911854366947473,25.287322772488196,26.26135139325469,27.060025868428138,27.777824266849986,29.18547213940525,24.930172582635684,24.084199156293323,23.235726478851483,22.74163312077653,22.5283763507271,22.41917982442712,22.6368110165721,22.669079293169364,23.55699694358345,23.89794855212472,24.657141460436975,26.03341101354181,27.567816489522706,23.015985683867633,21.8726327633415,21.15578495352985,20.53662021852671,20.40873109725345,19.995199348843713,21.040032937236578,20.759934537469043,21.018782076990092,22.372624454900233,22.25290922553723,24.249391270710284,25.355399917966192,21.191403634492925,20.065247195088325,19.07192701328316,18.439249903399,18.114398830764436,17.773158695065995,17.946378186141068,18.366307685542022,19.251935019628544,19.88633988445335,21.084294368083555,21.725858924332545,23.786890612267925,19.135088528669,18.02418652810717,17.072445284727085,16.1302735562668,15.763237643326956,15.36109143257731,15.769487658132714,15.857380868226631,16.816305093569156,17.92949491759319,19.05585288041446,21.216045649460693,22.825306241100034,17.048948941210423,16.14970129754727,15.048390810980422,14.10246283455482,13.578469206799419,13.164820735581628,13.537673803131762,14.04585607928545,15.257663320443271,16.36206835947094,17.86100179161292,18.79232537500349,21.003049921380466,15.703480951687114,14.389015428444019,13.116962491369716,11.935636220998026,11.108417934161462,11.09228849246178,11.471130938142064,12.186601987428654,12.66157592876969,13.712042043401121,15.823116159593848,18.061488753699127,19.86243409051368,12.370774632172393,11.213840599901534,10.101384905051386,9.139239410366706,8.98681033515229,9.32340881866713,9.642526691692382,10.759022492773216,12.922795247159183,14.498569757048452,16.113218734939334,17.91114965601036,13.128882435302708,11.263675110726517,9.609160889484576,8.202265113979188,6.995707398112073,6.729096596126407,6.7665214844852155,8.256218141497959,9.46113534413286,10.4642680107115,12.859684482910147,14.934395501659917,17.153714962071625,10.098694668124194,8.165950403964011,6.298836876757486,5.025786406125911,4.463707203659308,5.252932133580254,6.4452432847798695,7.805360337614146,9.820893289309277,11.975912491330252,14.043991491025619,16.145015360785507,9.473627868984511,7.172403293178654,5.081945001670128,3.277341147942948,2.3925561644400326,3.060855109279105,5.4161304452533265,6.7742826188460725,9.231924826383716,11.282934104212432,13.581997496686562,15.672284230449625,6.894375968860416,4.331825019550074,2.4586909118471967,0.0,2.123379382022911,3.9236982554727624,6.967145326459037,8.818100022113608,11.104873929946256,13.2580063735088,15.523195966037408,7.229819154031447,4.998260197308659,3.1367715887517216,2.212296996336613,3.1905673476671828,4.864681901214097,7.004716768007111,10.019739916784268,11.324715493115047,13.486992437159591,16.06602408811838,6.44566614090429,5.134522567873278,4.330814703955827,5.077892870079084,6.318889142879467,7.753620702613715,9.905225388652195,12.023191298486438,14.031480499220315,16.176094367924538,7.013120917252175,6.714836706875306,7.017831003949867,7.977189041260085,9.426934284272908,10.93972403673877,12.920683611945615,14.839173999923311,16.877738029724245,9.18190590237125,10.003054033643924,11.135423341750416,12.736539325892258,14.48187118434631,16.054703111549586,18.18132250415244,12.09773962358258,13.030403255463737,14.281474223622714,14.554734659209696,17.53196674648911,20.258534423792852,14.972668499636262,16.18064405393061,17.88149191203016,18.989172125187554,20.01729564651529,17.863449526897092,19.451292116463623,20.303744703871747,22.196750257639067
O07,30.822288331660257,30.110003387578686,30.007913039730035,29.66962477012475,29.53207600220479,29.718172790398807,29.95557492354303,30.273566968561862,31.200064054421425,32.4558365321247,30.31513590601236,29.36361702856104,28.66673849603404,28.120347170687634,27.727026706807205,27.338023703259896,27.328123023727773,27.08312169968595,27.642850232926417,28.012234487809074,28.733305344147233,29.526307794914015,30.470149753488247,27.53557880270542,26.67646650139407,25.89620491500637,25.341961348719636,25.384324946706776,25.079047868689116,25.187991821500976,25.405881307287885,26.208334647588735,26.827030025703554,27.380346838562872,28.63825197179465,26.40694758960225,25.43724633288753,24.444878584276097,23.783120085472387,23.41062376358221,23.09840626536818,23.09115547130546,22.925249835061773,23.621247659681313,23.77882345701738,24.33688034650292,25.555616858139032,26.977157930367685,24.56202395976358,23.29398660598911,22.42782559678936,21.626790839142085,21.31200424643351,20.686373993525304,21.407457065237807,20.994813311863478,21.04914373555371,22.245002247695997,21.86378020837202,23.657826633061628,24.631473057858315,22.81224232731189,21.560644169412008,20.41274160910288,19.58638264202964,19.057705659391427,18.485541647460593,18.41786985511625,18.554976960373732,19.168288656006826,19.62591149475611,20.607158295116772,21.050535432620237,22.923970445801924,20.845858989257316,19.60160503632292,18.49368194816814,17.355462684699592,16.747187734064486,16.053195632022927,16.222612767368886,16.025542237316028,16.662406938974936,17.525232551952055,18.46374547593202,20.37860537426445,21.804388663752995,18.837036921978996,17.82698089974856,16.551877053675817,15.40430673545551,14.634821556821251,13.906008521498899,13.952005160549504,14.150891173350178,15.020146803543566,15.916981654823882,17.174407267792386,17.823557922031167,19.925379645065735,17.580501756207074,16.162698691740808,14.737220531701356,13.345683946504952,12.241545694886737,11.824582698767852,11.799020679700497,12.149852674003913,12.27010484877778,13.057096959125332,14.883602151361075,16.958841116066864,18.639149444113592,14.27075012043866,12.977306846954033,11.670546045494188,10.335557507943149,9.832502224764559,9.632988529008015,9.455762740255278,10.17548883346643,12.136896843921843,13.414203703537531,14.81143889026316,16.474617628339665,15.193709290360928,13.276118747585832,11.511800423912847,9.925351832554854,8.451373497840455,7.666478787552993,7.0896993589291215,7.920541016875047,8.622990780465905,9.381725054594172,11.533565146995963,13.427048260879976,15.5842640185541,12.194205919206055,10.221367521031617,8.230207895308599,6.638705069514686,5.6031485791472635,5.312474752881184,5.831854336315336,6.741967813628303,8.395482416156918,10.363187347529717,12.339502947850047,14.380143566738129,11.596114219858306,9.293929900747045,7.184266490046148,5.262535985625181,3.704039011673608,2.772125899016854,4.020511534618449,5.280286450563075,7.511913205036384,9.453462117129364,11.69033669318382,13.749931090736418,8.953748712131695,6.417972888693127,4.553514357065321,2.123379382022911,0.0,1.8018978883388481,4.948713974357378,6.799417916263127,9.064311612030998,11.225727994210441,13.48590482689241,9.020724194874822,6.7433470176166965,4.578997706922335,2.7426122584135,1.7167702234137217,2.827021400697207,4.8875545009748995,7.896362706968316,9.210786339938625,11.375789950592441,13.974188849446682,7.768602448317201,5.929367082581411,4.242886753143431,3.9610766213240565,4.580162879199822,5.794944175744922,7.838480592563842,9.916796912309943,11.910807067533248,14.052965985869317,7.417754714197552,6.5118676276472325,6.148008132720711,6.562327407254228,7.68118024785254,9.002721477420037,10.899307363314422,12.766100618434747,14.77878902346197,8.362484319865718,8.750764195200325,9.544946568734684,10.943765439737822,12.576105160183737,14.053922441795386,16.1330930698363,10.957404254658126,11.601646305589565,12.6144251553529,12.730902128286118,15.626380323030666,18.29417418196296,13.663881220209726,14.6486322228391,16.203872037263192,17.181287553614833,18.12958921211399,16.45886815671114,17.86152818210133,18.525380023092644,20.390972757570932
O08,31.908058825318722,31.100632855297334,30.879544119044244,30.41445554337608,30.156572500866208,30.220956470634743,30.32244483876589,30.516455970508762,31.205332893593685,32.33012343001493,31.60377232230355,30.575604082339893,29.78823747723252,29.12962576141341,28.610737739527096,28.120748354195698,27.965217825005407,27.570726813053007,27.999359010520223,28.227125907537946,28.807480833977827,29.460597414173392,30.293498477396103,28.788933012531047,27.830976213564625,26.93939941795288,26.248461764453932,26.147265115112898,25.712446985847144,25.65755670363022,25.744931093323984,26.399989867422295,26.862714829294525,27.271336472567675,28.392457167353445,27.792135884094982,26.73569241669271,25.641332434177443,24.857748832104647,24.366794885663563,23.90005606687984,23.71591290673838,23.391540094658154,23.92545625479272,23.928273840793448,24.310844349795833,25.38546089792344,26.700283481641165,26.00037224733523,24.64756539701234,23.677362965499345,22.747135775741086,22.29488104924536,21.511694610141713,21.973617317137386,21.457085589613513,21.34295799555441,22.397388530808676,21.79421962356074,23.397884028262045,24.247283084914894,24.30642491194458,22.97152674508162,21.719444928450635,20.75872406965322,20.084295481793728,19.343252105062376,19.090291616421162,19.000507414277127,19.38289890599443,19.686015594832796,20.470160844507305,20.733295203609096,22.423115684489524,22.40512398983768,21.07490801877911,19.86485429093302,18.5966495100596,17.820875539658537,16.9183238531481,16.90321309692332,16.482658038071406,16.844982784200166,17.481959272347023,18.24397832162711,19.91873793692763,21.163715292925296,20.451049166240836,19.37218800239147,17.98793623515494,16.71189546401006,15.779623886518968,14.833595147502171,14.633200196812727,14.584321204636161,15.154389793059963,15.857915153007976,16.883106615786087,17.263473028333554,19.24393229046496,19.252607355888188,17.774351999440093,16.258187137562416,14.741324906534011,13.466789855047118,12.778935166906512,12.45371546969016,12.506512383554417,12.322992534283221,12.857015866833175,14.386194945154886,16.27930465345495,17.82702712176094,15.963132806564005,14.594385667098154,13.17987803433704,11.630509232187556,10.908116977737267,10.331677888900717,9.767004914506801,10.114860602104212,11.834836923253315,12.79910610159944,13.958412015698634,15.46676831144761,16.97461428133199,15.032022651659357,13.213285019252403,11.537819594706793,9.93402687735442,8.86475521376648,7.906439211174648,8.17462182611526,8.382885541387287,8.86689218384886,10.706498073599976,12.376390790533401,14.445096919024115,13.989670832439197,12.001362006039148,9.959382008940112,8.236713482937233,7.002243211999994,6.073111887656936,5.990314933290236,6.379003840726231,7.544975612949322,9.242429117932145,11.0832194329987,13.036428383571936,13.392624574742621,11.095519140626093,8.983442825554132,7.030306181099085,5.293529351954138,3.7250946296705,3.575433540145866,4.533705879300068,6.332000315855962,8.084998577612739,10.21765139354441,12.226449893570905,10.700237941279623,8.188730060271862,6.335174267532031,3.9236982554727624,1.8018978883388481,0.0,3.3989460131046507,5.2038885460778275,7.411365393771919,9.573518736598368,11.81953218194358,10.592914093864824,8.320143568472842,6.074840574039783,4.046048195461839,1.8868153062766901,1.2518090908760808,3.087378337683932,6.098461773267092,7.4380194272400235,9.606028367644976,12.23246966070221,9.067671145338256,6.9744196891210954,4.855857081916642,3.6658188716847424,3.370503819905861,4.1994535358782095,6.084821279216013,8.122386902875286,10.108913937708639,12.252756628612191,8.099416336996141,6.772334900165526,5.826429438343864,5.621638284343809,6.306580214347552,7.386195908585149,9.182795707190703,10.997489759031376,12.98827906229305,7.948017362839616,7.886874792970914,8.301144318706909,9.46412013871337,10.968939100934056,12.349534890027234,14.383028053925223,10.142593356730812,10.487487067930047,11.247277448342777,11.205040160570599,14.007898700376156,16.615766759316283,12.637636250501911,13.395930800060142,14.800275706891409,15.649928626035328,16.521265236052592,15.312871350599142,16.532187665278908,17.017105776247615,18.85231152935894
O09,32.12653208797987,31.110620983837656,30.633156758649605,29.90848976461366,29.412300097068233,29.241341829676696,29.089534630172412,29.06031852888058,29.34221772463697,30.25164003818636,32.31590124072049,31.104531711633275,30.107843529552227,29.199282611050567,28.411916443633295,27.71543919911788,27.267893831390793,26.589015720782143,26.76978261024919,26.742601163686377,27.076962939000378,27.496122963065176,28.149660104519914,29.43554562089855,28.247173752430523,27.108287017072843,26.12510771269661,25.72432251780404,25.034646392549664,24.664486088301132,24.50903802681778,24.893908993968786,25.086211232467925,25.256171701190187,26.157276196117976,28.788895515458734,27.515779345677274,26.181730137636052,25.123369937172043,24.375644094054213,23.587776029121525,23.049199313642113,22.424117596908914,22.650418649552595,22.37904423785788,22.46016404659592,23.291843658242254,24.431732234943965,27.159905320158977,25.592712595580796,24.37148819830254,23.147698719311173,22.394030566202236,21.288497293139315,21.221074525103578,20.51476521922686,20.090415276942384,20.875392906482023,19.905464701935497,21.18642482817712,21.842259887658145,25.6426350050068,24.089420935340062,22.58371789586471,21.313479889497163,20.320613991708026,19.232404737837648,18.606591197744955,18.077984954081582,18.02621479956344,18.05156137291176,18.491918261770465,18.467504433463663,19.869710239457444,23.958179584434205,22.39049874388688,20.9239010225149,19.357206125885003,18.213328224133008,16.886332698368822,16.494921794297785,15.651603432236582,15.494263615932189,15.719046854055751,16.17228224463078,17.45199097524406,18.43354586073987,22.20335294499459,20.921634974351313,19.252608031121394,17.677115828098202,16.389148239002537,15.002888955131276,14.30638074426932,13.777123393509983,13.771224636901398,14.111967439021393,14.725872503862037,14.691978389583888,16.479853640126784,21.224077082408083,19.555843448954075,17.792655591563616,15.979290660101281,14.340853984334405,13.094408654078274,12.179398712580191,11.654084691643527,10.918863356595319,10.979391467654297,11.968885369991643,13.557241976154295,14.91340048412836,18.056325567512342,16.452683945180496,14.762417315602482,12.746083202301795,11.584854336589649,10.28839005870209,9.029244763544733,8.653112561385065,9.831558625162137,10.249295829470434,11.046606899858435,12.353825804179044,19.49000123140068,17.41685611699195,15.391230132773664,13.465384695581482,11.581928682218692,9.95112883043929,8.342389885398548,7.510202394077007,6.762569038464599,6.694609547987096,7.914041003179096,9.254113950022443,11.212650221959123,16.663642939045474,14.570495393088047,12.326353069744513,10.27267370259564,8.683337607164654,6.709279693081814,5.556839479416334,4.849202821083069,4.905351873209505,6.103093150198513,7.7793126303035285,9.668276009713418,16.332630192348077,13.967997028922937,11.77590051758251,9.661959066359161,7.5582768538867375,5.338395639141033,3.044624935850063,2.78632751125922,3.247733055532736,4.727912012717665,6.818768950477791,8.835063384039755,13.861026296779038,11.297280823277786,9.42435828054091,6.967145326459037,4.948713974357378,3.3989460131046507,0.0,1.853043442556056,4.139055085402947,6.291081385580702,8.556063639314518,13.94499196844516,11.666861317423809,9.447472148675539,7.44101095282086,5.2279902448264,3.4744121804990264,2.2831419141174734,3.7578730686386947,4.638608088640384,6.71496545039511,9.164470961272123,12.465029562740716,10.33465490473678,8.107830412631976,6.455697793422489,5.033840084865628,4.4426339034406155,4.856429964490377,6.120981375563889,7.699050915534979,9.669548128015084,11.289168835658364,9.721259692035801,8.295601364578701,7.229545283072788,6.791595983272267,6.810444332053526,7.869692814843537,9.167982602514034,10.833749350986482,10.113445802494816,9.345127500467825,8.88220383688643,9.221063279253645,10.115273056126561,10.932899066578818,12.595964194931645,11.515224096820695,11.208682928872598,11.244739214405998,10.669839783239484,12.964609674031841,15.212470443685339,13.441467925788464,13.61067419344097,14.521109633908836,14.906841516565473,15.44762677565716,15.730345609680674,16.422334578250435,16.320665580790507,18.00335079922624
O10,32.89371079705055,31.778569445461198,31.171985130883147,30.31329493803008,29.689040216888117,29.38563693371304,29.0859970604413,28.921201652075247,28.941517531048714,29.701682595435567,33.31631727847483,32.02475506541776,30.93290060760549,29.906258559037436,28.986892382592515,28.186264172465282,27.583126001234888,26.747948052140377,26.78191802317377,26.599235797293122,26.77519598434342,27.03708638148719,27.563992199969874,30.417406858573596,29.127269714135583,27.8755255555837,26.752472726834057,26.19849852567891,25.37578944584779,24.830456137574274,24.533183262675067,24.749479125832124,24.766977369069487,24.775635713337408,25.51717664632982,29.92976653767951,28.566914936688562,27.13092738923607,25.94963400512616,25.081547659584324,24.136107391209546,23.41228483083187,22.623599801976695,22.666271087234442,22.227479501733885,22.11144891227167,22.770119652737886,23.777530948355423,28.377035521703107,26.726033001551126,25.4013508499056,24.051597077948898,23.15990995232926,21.903188649144216,21.553851859934458,20.747785664981215,20.14550053982278,20.755368293528303,19.554938123144243,20.597044569549293,21.10410436384354,26.939044452244406,25.304059694049094,23.70004573835249,22.302649102741135,21.171353688415863,19.925773912197236,19.115586572219016,18.352433789554997,18.04348752320349,17.892389723007934,18.09558092463461,17.86419575575682,19.03117928558291,25.347271588871255,23.695087845374196,22.134182885302092,20.45457584502793,19.159326319054124,17.649277208996406,17.074077222503124,16.016772458894458,15.55595631904384,15.510348674352876,15.740981068535723,16.70552115319962,17.460611014509198,23.674405504679523,22.32484400841359,20.55818226400379,18.87707143600405,17.45455040956369,15.892076925310926,14.967685859878273,14.194563078869319,13.848753084664336,13.945741034452059,14.255887380307128,13.895867623146097,15.495505735535062,22.775902397051144,21.050710225548208,19.211433600853425,17.305043542274028,15.546332332740093,14.087410833790573,12.918495307116848,12.10463200597193,11.066838256701866,10.807242247678174,11.353990003518588,12.647980075885634,13.807699011783244,19.662356445756952,17.99346061767997,16.225865677984643,14.07113261255113,12.765271011615852,11.198501685493465,9.649052440524926,8.867678895855443,9.611610531019242,9.56985605952357,10.001148034100884,11.068648065595003,21.21337903305365,19.111557053259684,17.037670762166993,15.05322971989732,13.107726652627449,11.326735849308044,9.536906049657825,8.259149229793588,7.006694084944768,6.53142411729632,7.092763142809719,8.009110125351006,9.791279640578141,18.43390555471086,16.323486698619263,14.043629516617134,11.928351311057199,10.27530914376789,8.063877479227967,6.588867353346855,5.3813160100481,4.500344542365617,4.948380745253946,6.295843470099936,8.0306969186989,18.156534168172076,15.784489507107919,13.584808316645473,11.453747727272502,9.30772329842266,7.033219035406192,4.451953391490076,3.6649645291598665,2.5523455878857786,3.2127262566238035,5.071587522659941,7.030965865370135,15.71241356380362,13.146745452772713,11.274236337774722,8.818100022113608,6.799417916263127,5.2038885460778275,1.853043442556056,0.0,2.2982038638902336,4.440340640086073,6.706073739528965,15.782290866664447,13.505221249576032,11.274387256077379,9.248612977090131,6.975690360100569,5.075678673832693,3.2153464821073325,2.837199323276389,3.1456371373697887,5.05199930720502,7.375284808059957,14.241168070070657,12.058395332713221,9.767145949559678,7.9444232012148,6.217912189794899,5.1195111094712935,4.58302454717406,5.121611953281897,6.3169271802039955,8.126714526793714,12.879391173498847,11.192913472371703,9.574240857634615,8.179386590692483,7.2416496739348,6.6740256217668215,7.190469038943148,8.095582066781857,9.514890067678134,11.186863188579718,10.102201047296575,9.219399166973952,9.090188666908954,9.58841076508511,10.04449799641575,11.44997606984399,12.144864923085807,11.508699535568734,11.152105182430804,10.302246017252743,12.232409492818658,14.233078830667663,13.715058949927997,13.561196481136905,14.17789564780331,14.29856083667164,14.646167314352244,15.742726860363168,16.133689007787403,15.711952297534511,17.285928439051226
O11,34.25641687333922,33.03855652113149,32.29335349572726,31.288927130855733,30.52199737893967,30.066519136740787,29.59322415689105,29.2650019306338,28.957866392398458,29.52072644770111,34.92030813151568,33.55001341281401,32.36261715312901,31.214753466910484,30.156716084481083,29.24528155104683,28.470662391310814,27.460498247482693,27.32123606281385,26.951802054779193,26.93011008146829,26.989921693106112,27.34820537073685,32.00998102155014,30.619998595689058,29.255628962645805,27.98914879020082,27.271444992885876,26.30542318610366,25.563614083302074,25.10212429257731,25.11371629209823,24.914106947671232,24.7164696508219,25.242578414258716,31.681291135305706,30.23406373612386,28.700990087451686,27.39921301789524,26.410038583841562,25.30201124416792,24.379691384428966,23.4120980050913,23.24033859477955,22.604103388544303,22.24405178918625,22.673927670344195,23.497246498260175,30.20530158763524,28.478748445112544,27.05797542315389,25.58881788985181,24.561333229285417,23.154845885904745,22.50207805959263,21.59119424672938,20.790132298761353,21.18495409482872,19.712878075004674,20.43326709070285,20.73440860019885,28.844352809518885,27.137964846318155,25.446655281195603,23.932806270891007,22.671006373780585,21.27451585818112,20.278424618298136,19.26802296552503,18.669129626203787,18.309583091922107,18.21453803970883,17.716317026966976,18.54540126284681,27.339001079044568,25.615865493869222,23.9744819547785,22.197575543288504,20.766012472306763,19.088523384484198,18.33246759168007,17.062834494889763,16.271466313765334,15.906234532408982,15.853639582127505,16.380986844509703,16.802800956983333,25.739384705155636,24.335554750200377,22.48973643687271,20.72219286176055,19.185935187006134,17.47186091977612,16.336477741545146,15.32594245062926,14.615802578031765,14.425706499163221,14.349338660718828,13.556814153775214,14.85176504661988,24.907654506195477,23.140328260420162,21.243857512231624,19.26729874684046,17.41634089009514,15.78309681272975,14.394886661589245,13.313188536184711,11.98585099189874,11.371889640688568,11.338864317029286,12.177878674054853,13.013183507504994,21.839653889198885,20.12567444832595,18.304198043071978,16.051049124589955,14.638107972002391,12.8625186102878,11.088957570484252,9.941916515441076,10.169370973664005,9.542007545584944,9.415770016307748,10.052476759485694,23.467823780657636,21.349836252299454,19.247062529123763,17.226826057054154,15.244706392712192,13.366716649948108,11.463641655250743,9.860717468825483,8.214473872379166,7.355898993325017,7.028903186130821,7.196084490888083,8.573836130927626,20.714703015008446,18.596904177846376,16.300280028269455,14.15379108225072,12.46870614779256,10.127737012778324,8.472535511876005,6.965775261950388,5.315171681140695,4.620091016419482,5.146871865512099,6.431976368115791,20.454534949492253,18.081615691082476,15.880637896507809,13.745499627150698,11.585972984605133,9.295059601745436,6.626255805505852,5.638178783969164,3.586063719456195,2.57600640527154,3.3365564583864007,5.011531103365517,17.997484074169922,15.43582705915041,13.5627520068753,11.104873929946256,9.064311612030998,7.411365393771919,4.139055085402947,2.2982038638902336,0.0,2.1634477114088058,4.421795562890713,18.003976505205735,15.731451363431157,13.482466131980454,11.432827515536127,9.103467745864759,7.109709206430316,4.952835349575029,2.8564525201725304,1.8871931538663445,3.036767360203939,5.109641572556728,16.363078958435665,14.117656073158887,11.766147925298236,9.791546200677399,7.8400319514655035,6.3677767705848485,4.90913118586171,4.319158482852881,4.731412051385929,6.1987188999018175,14.76828392197279,12.962321589900476,11.163182028436157,9.470599664224013,8.056544234347628,6.8611903486202745,6.614219379488406,6.884662664212387,7.880922407941852,12.512000839194345,11.10631248434871,9.783512866041523,9.097785060112159,9.059046417808002,9.00385745111505,10.008518621654256,12.938832288889133,11.933372448725466,11.110688952535751,9.947390612617964,11.329742494867215,12.95845546351879,14.044168932336294,13.49748750693995,13.729401516453658,13.507350036184004,13.597124696052472,15.707008626724567,15.714183784085,14.892851036655138,16.30326350765392
O12,35.28213124231584,33.96665012920762,33.08854427139399,31.94700025041475,31.046377469843403,30.44780801634167,29.811887729561843,29.330749734706746,28.716870163720834,29.091644573657227,36.18718007803316,34.7404899504886,33.46089605793604,32.197074960312776,31.007723312104034,29.993113759661565,29.05766620016136,27.88635239682666,27.58355484704609,27.039904215806683,26.8319948009834,26.701377586184574,26.899215992292415,33.27289084224573,31.786874272252692,30.31599742710109,28.91494686144175,28.042771795954835,26.94511356442945,26.021276236956556,25.40761826696867,25.225844921429292,24.823189017529554,24.43300738754851,24.752797195468638,33.108083152003836,31.57797719930775,29.951909221283376,28.535763175355935,27.432841048640952,26.17395470692192,25.068079024927297,23.93823830193024,23.565532881732167,22.74904217763904,22.162761966866857,22.373125709207464,23.01590782480674,31.715941890475207,29.91553718387821,28.401818603744374,26.819875409852298,25.66482931951818,24.122802034589597,23.18666222206206,22.184938246477046,21.205075736719262,21.39380419654251,19.68335438892467,20.09192798115701,20.195291183837877,30.439944168805567,28.66276473056987,26.887465722897723,25.263512067802452,23.88077620179043,22.348755692431737,21.185040122690353,19.95333959516552,19.091246082956452,18.541911578906852,18.168531971516025,17.42598476413887,17.922503452364012,29.031586970057287,27.236301749686945,25.516398981831273,23.648759333208158,22.091463057027255,20.26652167985419,19.348010181928267,17.89673503743071,16.812482327128258,16.15766446612876,15.84126289157528,15.944797019717749,16.04066837759574,27.516982774279597,26.056074627618028,24.131516176983162,22.28281357907928,20.642765924168206,18.79700385699806,17.477350628742332,16.26372730956837,15.234586210330756,14.78520131753369,14.350883248079194,13.167021379188233,14.13775134170919,26.764308416247186,24.951467812535597,22.9968231719079,20.953825832052726,19.0201620392677,17.233128241848604,15.659974968051515,14.356507270224188,12.803872617298252,11.893206464196272,11.327657922094929,11.700649768282101,12.19333904228042,23.756911752161727,21.992768129546583,20.116772902232604,17.772212242711937,16.265507339151767,14.318708216874873,12.383068198148631,10.95977527141866,10.730600728756988,9.598806696668081,8.937414447142977,9.103353502968014,25.48857636275514,23.348362212369416,21.209456617273343,19.149737596113425,17.13282092943249,15.165107978514364,13.173854485305354,11.321107763818874,9.414196566887691,8.298374298620182,7.229984370660838,6.634254291176967,7.478154317744453,22.78351221826872,20.65342424393592,18.332448963518214,16.148006068861875,14.43089855137233,11.97743900005339,10.195720082465975,8.511698831608177,6.437500757281509,4.912831871741592,4.45248919145235,5.026236962181549,22.575703267008095,20.196620113276378,17.99047308994402,15.844028591239036,13.660128403496067,11.351402776749664,8.615743960912488,7.506936126010398,5.112617040225094,3.2623588092053883,2.233518524660138,3.137429839852997,20.15208636841357,17.587081082430934,15.714521309922235,13.2580063735088,11.225727994210441,9.573518736598368,6.291081385580702,4.440340640086073,2.1634477114088058,0.0,2.2659324791352455,20.16535841486583,17.893635628345628,15.642486790788732,13.58928095963874,11.249556480146229,9.237718820141692,7.025034377140087,4.473144866869393,2.9743012624816605,2.3011827393755584,3.226766337992263,18.498742470773518,16.232977330114153,13.863288390565927,11.835716497111612,9.80881119198448,8.204977087109993,6.3521499510008415,4.9825720265742275,4.365610381149468,5.0709559256613534,16.8072624778695,14.949912942890336,13.071476312949505,11.242008717306708,9.587745563999912,8.035183445323447,7.1764852121355345,6.745163748938938,7.107697798865678,14.255236686916145,12.670775864168698,11.084417260280308,10.002150018870942,9.491173583914689,8.911434508540138,9.389058365991769,14.325489485528934,13.068987719023996,11.893918824340446,10.49918749237292,11.284983695158802,12.448170066318983,15.05812993037316,14.194461067613663,14.070142145692772,13.514176149510558,13.327194828620163,16.383544000001955,16.04030130639696,14.83909464893327,16.050409870155963
O13,36.67731376477836,35.27658063078109,34.2786086648802,33.01268581924227,31.988527068309978,31.254297832458178,30.461418220430907,29.829459431910596,28.902682955047617,29.075130163079237,37.79512735790158,36.28440287506466,34.92616991598134,33.56183347196634,32.256817031443134,31.15085669768971,30.0686668311051,28.749300513229883,28.288737122749048,27.57492429726689,27.1786207339519,26.85006303530776,26.875107460250273,34.883699703443156,33.31755552257699,31.756987420093864,30.240390242190987,29.230981167247876,28.016604094714978,26.925857033713896,26.16916689541339,25.797539456312492,25.191903322297822,24.604240691393017,24.7004374252765,34.859579171298094,33.26252897781526,31.56102716959637,30.05013826923264,28.85130184237793,27.463194005796193,26.195734690975932,24.92191712128102,24.35993698678221,23.373587871783826,22.564772278930715,22.544621176679815,22.98776876950001,33.54,31.682236111108068,30.09465284730827,28.422157148956867,27.161816470921085,25.508738659526074,24.32323097370084,23.245231016275145,22.106113113797278,22.094161853304144,20.16530708915686,20.245438992523724,20.134002483361325,32.33543537668853,30.504644433266225,28.665294224898513,26.9555881404951,25.477058739187303,23.837508280019538,22.53583069247726,21.117081734936768,20.02114424801939,19.297494785593283,18.65393642103457,17.670764131751632,17.79940223715392,31.005979294323218,29.15763215694992,27.37972017753286,25.445308958627322,23.7924326204783,21.855974492115422,20.807348413481236,19.213113360410905,17.88134368552878,16.966735130837634,16.398505419702126,16.060359958606156,15.792019883472792,29.558253686576275,28.056849520215202,26.076433287549122,24.170508083199245,22.455868832000245,20.515834469989272,19.0572444230534,17.687429321413553,16.39697889856543,15.720452538015564,14.952348979341004,13.396774313244215,13.984699245961638,28.864166798991445,27.02105319931109,25.027627654254406,22.940918835129512,20.95276482949207,19.05925363176638,17.355851635687603,15.89144678750176,14.180541738593769,13.039121519488956,12.001139279251783,11.88253192716098,11.97232128703536,25.90201200679206,24.10622658152868,22.196212334540323,19.794537074657747,18.2280303104861,16.171118854303185,14.138526372999415,12.534196583746404,11.94422379227717,10.406905399781435,9.24409200516741,8.859437058865534,27.69838163142388,25.545968135891815,23.38651962135452,21.30449013705796,19.26918454424058,17.249464049645134,15.21057697787957,13.20844657785313,11.157232497353455,9.8948060112364,8.30499151113353,7.030341385736542,7.1597124243924775,25.02124635185066,22.88563158403106,20.553086021325363,18.349952860974874,16.617681938224717,14.107239453557169,12.263183028887727,10.496619312902608,8.232823695427955,6.283065891744252,5.0238322026118665,4.5580157963745584,24.836406905991858,22.455479375867263,20.247841168875265,18.09768747658109,15.904865230488436,13.590782354228176,10.832637444316134,9.676728786113621,7.17879885496174,5.116215886766312,3.125630336428158,2.236,22.417000802962022,19.852702611987116,17.98003587315665,15.523195966037408,13.48590482689241,11.81953218194358,8.556063639314518,6.706073739528965,4.421795562890713,2.2659324791352455,0.0,22.40577983467659,20.137230842397372,17.880083696672113,15.819912041474819,13.465275377800484,11.434653864459563,9.180216664109839,6.411421449257567,4.832247717160204,3.1621815254662407,1.7430263910796073,20.692541965645496,18.401466599159967,16.013813568291596,13.935890534874332,11.850619266519367,10.156750907647584,8.067017354636098,6.242492611128987,4.8264753184907105,4.472,18.88569622756863,16.97946221174275,15.032039548910188,13.092778543914964,11.25861026059611,9.459465788299042,8.12953442701364,7.068786600258916,6.693296497242596,16.048977319443132,14.314890184699287,12.518623566510817,11.110820176746628,10.180624047670163,9.109942096413128,8.987178478254451,15.78057315182183,14.308172839325083,12.828065520568563,11.259124655140825,11.41680415002377,12.040029401957456,16.14493161955169,14.98812546651515,14.511383462647522,13.627105965684718,13.153279895144024,17.115969268493092,16.424857259653734,14.855712705891968,15.831061145734989
P03,31.53665335764085,31.432431547686537,32.004722307809516,32.345504556274896,32.80171376620435,33.53795672070677,34.351049620062554,35.15949032622629,36.94368395274082,38.61844378014215,29.691310681746604,29.330344184819925,29.267872573865017,29.438000815272765,29.775167925638975,29.938494434423383,30.642584176273385,31.085932027204848,32.17309251533026,33.087486758591986,34.3046076351268,35.56060355224585,36.84552820899709,27.32061904496309,27.18449469826504,27.148259981074293,27.40959029245056,28.19744332381927,28.533617243525224,29.363715040845907,30.107875414914282,31.442635830985925,32.59885557807206,33.61987819728084,35.274629877576324,25.27481517242015,25.037774421861062,24.833138706172445,24.997589083749656,25.34178178423924,25.870940937662088,26.71031025652828,27.244669001476236,28.550202311016992,29.274224157097656,30.409797269958904,32.045208721429795,33.74904782360534,23.12329842388408,22.648344862263116,22.622537877081783,22.7452717943752,23.270139664385344,23.535836207791725,25.405183427796775,25.459032287186407,26.166538727925023,27.80584345061304,28.179112406177737,30.476691585537957,31.770321528118032,21.02380691026247,20.61891738186077,20.40164319362536,20.588207741326098,20.99899045192411,21.39107722860165,22.205110335235894,23.276287869847287,24.69544680705332,25.643084935319308,27.18388423312607,28.118896013179466,30.411211781183596,18.615035482104247,18.34114077695278,18.2298886721779,18.19295605447339,18.71410986395025,19.221602560660752,20.2157630081083,20.943925252922384,22.48617926638494,23.98944620036069,25.37664536537483,27.83706263239712,29.647973455195885,16.243145169578458,16.122827574591252,16.05605234794655,16.102850337750766,16.53112074240582,17.105774054394615,18.2512467793299,19.37299238630935,21.139394149312793,22.533759428910216,24.33949978943692,25.597747479026353,27.90007378126445,14.421583997605811,14.011894161747012,13.828219986679414,13.831793556874683,14.174308730939932,15.314421079492362,16.565976216329663,17.900506054299136,18.89892340849076,20.25495988640807,22.638824748648062,25.007849427729685,26.898579534986602,11.439566775013816,11.491658278943035,11.68785386630069,12.40036676876938,13.272330051652574,14.701745100497423,15.782859119944016,17.329360807600494,19.63853884585103,21.468370268839692,23.226880139183567,25.08950786683549,10.292655876886197,9.512981972021182,9.363634443953908,9.601233774885392,10.01941121024584,11.328522763361514,12.51836035589326,14.69951349535079,16.335050443754376,17.496601955808448,20.007612801131472,22.14524115921974,24.375968657675944,7.392490581664612,6.928916004686447,7.318303970183256,8.41412835652036,9.44160796686666,11.628427451723642,13.294732942033848,14.886049341581533,17.025661807988552,19.20563117942235,21.267991066388944,23.354704065776556,5.451184274999333,4.86656264729018,5.235036771599604,6.46320431365124,8.24235039294011,10.090775242765046,12.6417044736855,14.00253012851606,16.446696598405406,18.45690724363104,20.710760802056498,22.768200675503543,2.553769175160512,3.696607769293356,5.0814584520588175,7.229819154031447,9.020724194874822,10.592914093864824,13.94499196844516,15.782290866664447,18.003976505205735,20.16535841486583,22.40577983467659,0.0,2.2785056506403487,4.527061850693007,6.598001288269047,8.98270477083601,11.04448391732271,13.357833506972604,16.396067363852836,17.875858692661453,20.02735314513628,22.723204285487554,2.6920625921400863,4.834166008734082,7.0328063388664415,9.249048870019015,11.38527860880005,13.21746030824379,15.659153265742052,17.97889006585223,20.14576407089093,22.344421272433976,6.097701206192379,7.793335165383303,9.682566860084158,11.742738692485668,13.89496401578644,15.951263931112168,18.204181168072353,20.37344767092698,22.582597370541766,10.888129178146261,12.788963718769399,14.808423346190507,16.96695862551683,19.06444502208234,21.049818645299535,23.403770657738036,14.10020201982936,15.867482472024351,17.859017694151042,18.7575798545548,21.933855133104167,24.865030585141053,17.136050099133115,19.053399827852246,21.21368096300121,22.837361077847852,24.211226528203813,20.09893275773617,22.312084124975865,23.946982816212984,25.88756521961847
P04,31.17324668686276,30.916455569809422,31.32716626188842,31.505709022334347,31.822967963406555,32.433745281727795,33.11673211535221,33.815536843291426,35.41026207189097,36.99498566022157,29.653666653552307,29.13765580824923,28.9136688263527,28.906368710026516,29.067130112895565,29.09826085868363,29.63782767005706,29.922949888004023,30.895028370273426,31.689546541406994,32.799654647572126,33.955927862451354,35.16822157857858,27.15497142329559,26.833186392972415,26.610400523103745,26.67447986371993,27.290907533462494,27.478636738382782,28.14806751803754,28.777086058181776,29.999450261629793,31.040705935915827,31.96155368563925,33.53367264407524,25.325184500808675,24.893822044836746,24.484686030251645,24.444047128084172,24.61667767997948,24.950145029638605,25.59996707029132,25.978588972459608,27.156931343581512,27.759364329897757,28.77377156370016,30.325030090669326,31.972964595107538,23.227580373340654,22.53592591840859,22.292273100785394,22.184101176292902,22.510994735906277,22.567920107976278,24.194402431140965,24.143336658382577,24.712178475399533,26.26668326987631,26.478099403091605,28.678154926703357,29.907262027808564,21.190737056553743,20.551276602683348,20.08617646542019,20.01922540959065,20.207217423485105,20.37765435470923,21.00226828225942,21.87971473762855,23.138689699289372,23.989277125415846,25.421248789152745,26.25693197995531,28.46886527419033,18.85999708377496,18.31340397086243,17.933939472408177,17.613472400409865,17.869722773451187,18.107320536180943,18.935321755914263,19.47423787982472,20.84492518576164,22.229089252598722,23.533101835499714,25.892068669768356,27.627890002676644,16.53702987238035,16.161422245582227,15.76274509722212,15.500191256884541,15.646378398850004,15.934798712252377,16.86655889623014,17.815380826690177,19.422811871611174,20.730451273428663,22.438333672534597,23.579504659767558,25.84804892056652,14.830218373307927,14.110239190035015,13.568087558679741,13.19906061051316,13.197300329991736,14.025919613344431,15.044989199065581,16.211405768778967,17.0558145510556,18.318450261962667,20.611676545104235,22.932416292227035,24.785587041665966,11.632080639335339,11.281538636196748,11.067293978204429,11.30577852250786,11.914359781373063,13.069109724843539,13.94510157725644,15.370474618566597,17.640311675251095,19.378839232523706,21.07447093048839,22.901197021116605,11.106915728499969,9.898216910130834,9.207567865620106,8.916278708070985,8.871591345412615,9.816538697524704,10.739650366748444,12.761355609808858,14.269845864619562,15.374976162583147,17.83552281263434,19.932399203307163,22.151036905752292,7.99709853634429,6.9104640220465665,6.524116568547806,7.030471392445887,7.738460635035885,9.668728406569295,11.222393684058673,12.739303787884172,14.81733484807575,16.96556173546871,19.013029847975307,21.090512985700464,6.439488333710994,4.974746224683225,4.322044192277538,4.8294871363323875,6.269940988558027,7.939276856238231,10.413629530571942,11.769422160836953,14.187283214202782,16.185040160592745,18.43367779364715,20.489799462171412,3.1740864827537387,2.351745947163511,3.0646017685826656,4.998260197308659,6.7433470176166965,8.320143568472842,11.666861317423809,13.505221249576032,15.731451363431157,17.893635628345628,20.137230842397372,2.2785056506403487,0.0,2.2764061588389715,4.353222369693513,6.744913416790463,8.807686926770275,11.122856108032686,14.172999717773228,15.636165770418271,17.793640717964383,20.478906831176314,2.2426664932619826,3.260320996466452,5.075823972519141,7.21580549904167,9.28986033264225,11.096188760110383,13.519776810287956,15.822986949372106,17.974003282518893,20.170736476390744,5.070987674999812,6.330213345535836,7.970418621377425,9.888665228431995,11.957555477604945,13.942305153739822,16.166386114404173,18.303172238713156,20.490847225041723,9.48200680235993,11.187337708320063,13.054908731967451,15.128030175802797,17.174313494285588,19.08939561641489,21.409998248481944,12.736509137122306,14.332426591474313,16.17925452547181,16.946531739562523,20.10735002430703,23.011248075669428,15.798812645259137,17.562412846758843,19.633203915815677,21.146072566791215,22.448111412767002,18.788379014699487,20.86190906892272,22.313809580616216,24.255983612296575
P05,31.475548636997576,31.064988974728447,31.304927679200922,31.308500730632247,31.471106574126054,31.937430485247244,32.46700591369645,33.03316758956065,34.390541911985046,35.85686496335116,30.28248267563279,29.620077937102053,29.237795060503448,29.05014087745531,29.025048389279213,28.913616169548906,29.26805070379645,29.37107701464146,30.203426246040365,30.85037285025904,31.824238561197344,32.850572841276296,33.965428570827726,27.675990750106852,27.17364430841031,26.76281922742819,26.619003681580573,27.044748048373457,27.06480581862726,27.544384545674642,28.03289683568218,29.112149439709874,30.004977187126805,30.793405738891565,32.25138111771339,26.064160776821492,25.452105394249802,24.845844823631978,24.59703528883105,24.58763561223405,24.705088058940408,25.13537413686138,25.328562928046274,26.345634116490725,26.79326835233059,27.647056642615684,29.08084120172592,30.647878393128618,24.03288881928263,23.144716373289175,22.691490585679908,22.350149395473846,22.46443600449386,22.29089771633256,23.622993925410896,23.446600819735043,23.840245132967905,25.27767871067278,25.275737081240578,27.33327797758622,28.4677131677274,22.071752535763896,21.222906799022606,20.5243537291677,20.201620850812937,20.150626218557083,20.07223799181347,20.469206970471525,21.102092076379538,22.14698286448969,22.863944235411353,24.14004774228916,24.831981676861798,26.91861766510309,19.83607786332772,19.05016209904787,18.420530394101036,17.819044895841078,17.787719612136907,17.714727714531772,18.33242550782629,18.627794501765365,19.759295154433012,20.96935068141119,22.147377745457813,24.346474180053256,25.9613600760823,17.587133592487437,16.992225163291593,16.289084750224614,15.72009726433014,15.558929076257144,15.510505762224518,16.16260486431565,16.873192140196828,18.246239119336348,19.420137100442933,20.973871101921073,21.92906712562119,24.13547517659431,16.005091252473385,15.03422977741128,14.175329449434322,13.443006360185953,13.063551163447096,13.497144290552724,14.19360930137222,15.109703504701871,15.719102677952073,16.826648061928438,18.959887367808914,21.190328548656343,22.97331060165252,12.700655298054505,12.005162931005977,11.39506757329679,11.095506342659625,11.354269681489866,12.103565425113379,12.657445121350516,13.870191382962242,16.05451416268957,17.62705241950565,19.20112626904995,20.952695530647123,12.669611911972678,11.18026748338339,10.068932068496638,9.280953237679846,8.712399554657717,9.12695617388404,9.61698419464231,11.33160579970906,12.597820843304607,13.587803832849517,15.93511672376453,17.938477220767655,20.12495180118452,9.518244060749861,8.035409261512447,6.963096581263253,6.701024175452585,6.874383317796586,8.27302556505176,9.577615830675189,10.92413117826768,12.85153115391314,14.91287792480043,16.91398654959853,18.95905263983409,8.271489648183088,6.387967204048562,4.966501484948937,4.408584466696765,5.023831306881233,6.197201465177649,8.426979589390257,9.757693836147967,12.084208703924308,14.0286510399254,16.24349051158648,18.281507186225102,5.129020569270511,3.1787022509193905,2.331977058206191,3.1367715887517216,4.578997706922335,6.074840574039783,9.447472148675539,11.274387256077379,13.482466131980454,15.642486790788732,17.880083696672113,4.527061850693007,2.2764061588389715,0.0,2.0770002407318104,4.46851742751441,6.531343659615532,8.84651010285977,11.896973900954814,13.360494938436974,15.517375841294815,18.204390953833087,3.311548882320779,2.3766669939223712,3.1410144857991344,5.099267790575428,7.091107670879071,8.870231676794017,11.277380635590873,13.569281078966563,15.711852373288135,17.907075277666088,4.461326820577035,4.983316164964852,6.207967139088286,7.9176307693652905,9.880961188062628,11.792683579236746,13.987843186138454,16.09798698595573,18.269519013920426,8.01711494242162,9.459757396466358,11.14406142301809,13.119729646604764,15.111065250338905,16.962997966161524,19.254007375089476,11.228823624939524,12.623619964178262,14.311374287607741,14.953178157167793,18.087621457781562,20.96090315325177,14.269741763605955,15.863814484543116,17.83542466553572,19.240199843036976,20.474992967031756,17.254103540897162,19.17863981099807,20.455061109661834,22.391536124169775
P06,31.853662709333754,31.306709983644083,31.390701632808398,31.234147531187723,31.253255782398096,31.58315076112578,31.96675925082178,32.40558083108525,33.53258846256877,34.881320746210285,30.955625159250136,30.167118341001682,29.646000236119544,29.29749991040191,29.1040474161241,28.86274086083995,29.04425550775919,28.9767549080293,29.673495328322883,30.177623912428892,31.017551966588208,31.915589200263874,32.933144641834616,28.267009498707147,27.607642076062927,27.031032481205745,26.69981964358561,26.94799868264803,26.812404368127822,27.111116723587763,27.463903600908594,28.401258651686547,29.147630744196,29.805079986472105,31.14743279951014,26.85457579259073,26.08883908877511,25.313035870870962,24.880332493759,24.706484270328712,24.625120385492533,24.848105380491283,24.86513241468865,25.722103743667624,26.018362765554638,26.712099748990155,28.025161640925464,29.50748379648797,24.892817136676193,23.841306046439655,23.208540346174292,22.66319447915496,22.58461549373821,22.20109810347227,23.246371071631806,22.95225696963155,23.174686060441037,24.489277919122078,24.278780220595927,26.18596198347504,27.222504017815847,23.009795870454827,21.98917845213868,21.095074733216755,20.55015019409834,20.284609658556413,19.978384819599405,20.157468491851848,20.550098199278757,21.377660489398743,21.957848346320276,23.071466034909875,23.616431313812,25.569008604167664,20.871823710447536,19.89253774660237,19.056218145266914,18.216969369244712,17.928109576862813,17.56920772260377,17.979173646194088,18.035102494857078,18.91812921512061,19.943362454711593,20.98613373158572,23.011923539765206,24.498322167038296,18.705157844829856,17.93674134284151,16.98752601175345,16.162946389813957,15.730322565033433,15.371001171036323,15.743641573663954,16.208822319958966,17.329298427807167,18.355827003978874,19.740283711233737,20.499029855093145,22.632184605114904,17.240814481920513,16.081671710366432,14.97768223057226,13.952616170453483,13.247448999713114,13.301040936708675,13.66592130081247,14.311557078109985,14.668107478471788,15.599221294667243,17.54568599399864,19.668914001540603,21.371786308121276,13.901428164041276,12.949795094904012,12.031616391823668,11.269696402299399,11.189888381927677,11.510734555188039,11.711850622339751,12.67144336687814,14.735066100971519,16.11566197833648,17.550549848936356,19.215614484059575,14.240693241552533,12.570993477048662,11.175609021435923,10.027447182608343,9.040383398949405,8.929754363922894,8.944636661150636,10.26200643149282,11.228107943905776,12.07338167209171,14.272832830240814,16.16315343613368,18.307940162672587,11.110787550844451,9.405101806998157,7.901157383573625,7.021810948751041,6.653508247533778,7.355453622992942,8.307596824593741,9.415434350044611,11.137900385620263,13.084928505727495,15.026604573222789,17.03164305051042,10.08536132223333,8.010155117099792,6.232008424256181,4.959164143280599,4.592149061169509,4.963605947292755,6.749881850817835,8.022736503213851,10.211942518443786,12.084698589538755,14.256463025589483,16.27237539512901,7.071018738484576,4.810191888064343,3.270396459146811,2.212296996336613,2.7426122584135,4.046048195461839,7.44101095282086,9.248612977090131,11.432827515536127,13.58928095963874,15.819912041474819,6.598001288269047,4.353222369693513,2.0770002407318104,0.0,2.3919385443610377,4.454488971812592,6.769652649877983,9.821824779540716,11.283596279555557,13.440425923310615,16.12811272282036,5.059094978353341,3.213632212932899,2.136187725833102,3.381724116482597,5.160286232371224,6.880165695679138,9.255133278348833,11.528039946148693,13.657653422165902,15.85013012564881,4.897359390528737,4.507245056572806,5.012265156593374,6.328576538211417,8.102135274111387,9.897731659324776,12.04602594219355,14.117651964827578,16.26640295209731,7.1019891579753915,8.154734820949116,9.568128395877638,11.398400063166761,13.309333604655043,15.077834393572573,17.328538599662696,10.141477702978003,11.271862712080909,12.750136783580011,13.237021757177857,16.324879785162278,19.1542041599227,13.098609391840036,14.482930642656548,16.327014332081664,17.602636166211013,18.756954683530054,16.041033788381597,17.787797643328418,18.864590878150523,20.787116875603505
P07,32.511655786809754,31.815571847760335,31.7234466128761,31.38502231957148,31.23825009503573,31.40693646314457,31.61599090650173,31.9004224580177,32.743054545964405,33.94204833241506,31.940654423477298,31.01917447321898,30.348693612740565,29.823788977928338,29.442182154181438,29.05447380352981,29.035292869196272,28.768441546249946,29.299927730286296,29.629584016654707,30.302292718538645,31.038487205403552,31.931187293929426,29.177093755204613,28.350734893473224,27.5949984779851,27.056128418530246,27.1001379516784,26.78538172212597,26.869250826921096,27.057606121015215,27.817399249390657,28.38019591193831,28.871987063588122,30.063490150014186,27.98620469088297,27.0614612502725,26.108038551373408,25.477034540935097,25.121305559226016,24.815033507936274,24.79603067025043,24.604942349048496,25.262769701677605,25.37233148530107,25.86329609697882,27.017271901507744,28.385117544234337,26.10945439874223,24.893491679553513,24.07424036184735,23.31215875889661,23.020496193609727,22.40313980226879,23.103949489210713,22.672742092653902,22.686143259708114,23.838473629827895,23.369499716510838,25.07269967514468,25.9779622949915,24.320079029476855,23.129456997517256,22.03783020172358,21.26002871587901,20.76158146673803,20.20215953802959,20.126419701476962,20.22787467827503,20.779891866898634,21.183349546282805,22.080903083886767,22.432393407748535,24.197908029414442,22.297508941583587,21.1306758055676,20.08975510054814,19.009952787947686,18.445037516904108,17.769846650998428,17.931092353785925,17.698794761225972,18.260759047750454,19.037913015874402,19.894618694511337,21.676378964208944,22.98315698506191,20.230958949095815,19.298655393576,18.112950339467066,17.036119335106807,16.32032456785097,15.621141731640488,15.659328848964122,15.816813743608414,16.599330408182134,17.420465349697178,18.56615967291028,19.054505635150967,21.073467915841473,18.894010109026617,17.566813512985217,16.23922033226965,14.939168517692007,13.909453799484723,13.539088595618244,13.501498324260163,13.793456564617877,13.812938463628948,14.488760782068287,16.15129991672497,18.10580746611429,19.686048867154625,15.560683693205771,14.386818168031457,13.193817529434003,11.984974468057912,11.537268307532768,11.338128593379068,11.079305258002416,11.663989411860763,13.513118107971971,14.601854437022718,15.822226455211668,17.35079692694258,16.226861002670848,14.418747969223958,12.799432838997204,11.358243746284018,10.013264103178344,9.354391963136887,8.802073903348006,9.519503873627029,10.018182769344946,10.623988187116927,12.56124137973632,14.261957684693922,16.330983467017532,13.146273464370045,11.291615030632244,9.488535924999178,8.120563835104063,7.238246887195822,7.014048189170075,7.381084811868781,8.05777947079715,9.397080663695508,11.129210933395054,12.960083525965409,14.89258355692524,12.30115624646724,10.115525740167932,8.149511948577043,6.465163957704398,5.253709641767425,4.478425839511022,5.246999237659559,6.33866902432995,8.218777768013927,9.944489629940794,12.031223711659592,14.004779505583084,9.393733443099181,7.010298995050069,5.266968482913107,3.1905673476671828,1.7167702234137217,1.8868153062766901,5.2279902448264,6.975690360100569,9.103467745864759,11.249556480146229,13.465275377800484,8.98270477083601,6.744913416790463,4.46851742751441,2.3919385443610377,0.0,2.0630002423654727,4.378083256403422,7.430453283616013,8.893882897812405,11.049072404505276,13.740505158108272,7.268644165179639,5.107690084568562,2.9777259779905876,2.2472854736325782,3.129104664276988,4.652576275570342,6.945395165143593,9.181699461428696,11.290769017210476,13.478553371931277,6.2275071256482715,5.020750541502735,4.446590604047105,4.907143058847989,6.236951979933788,7.7944735550260225,9.848425914835325,11.85381731764076,13.965825897525718,6.656781504601153,7.0589179057416445,7.9860208489585105,9.545996962077874,11.311470152018261,12.94643441260952,15.13193708683723,9.251681793057953,9.968334514852518,11.11055327155223,11.365302679647383,14.358310833799358,17.112447311825388,11.994956690209433,13.065696843260984,14.710308664334681,15.798605318191855,16.836519384956024,14.823297372717043,16.31257849023262,17.114482668196548,19.006243868792172
P08,33.152283601586184,32.33400801014313,32.09360722947796,31.601932915567048,31.31353561960067,31.342057430870742,31.398037343120667,31.54563324772543,32.13266682054261,33.19338977868937,32.85483290172087,31.827123416985078,31.035605133459217,30.365843722840964,29.827730721595298,29.317806364051183,29.126906083550995,28.689062741748813,29.07334946303917,29.247622484571288,29.76856775190906,30.35673437641144,31.13355450314018,30.04067925330584,29.08054512900334,28.1800391944369,27.470236347727337,27.340948282749814,26.87469240754208,26.77191218422771,26.815093604162566,27.41342490459738,27.80938204994854,28.14967305316351,29.199232626903058,29.03587334660351,27.98620304721596,26.89264042447301,26.10191450832678,25.597011251316044,25.10329544103722,24.877471756591344,24.507288915749125,24.98534772621746,24.928205009587032,25.233677595626048,26.2366482806017,27.493313368890263,27.236186608995027,25.894267357853554,24.929081431131795,23.99521435620028,23.529494788456464,22.72112869115441,23.120847043307045,22.574035438972803,22.403081975478287,23.40118084627355,22.702030856291252,24.20677180046939,24.985859701038905,25.53028574066495,24.211293996810664,22.969223103971103,22.009594385176662,21.32486869830621,20.560156127811872,20.26867632579888,20.11606721006867,20.4174092381967,20.657223240309914,21.34905930011906,21.518491861652386,23.097726749617593,23.609181201388584,22.30300002241851,21.10914782742307,19.848345648945152,19.066588499257016,18.13845252495372,18.086407741726937,17.6068178271941,17.873893392319424,18.414240847778657,19.088732723782375,20.62578379116779,21.75392711672998,21.631896125860074,20.580348344962484,19.22258213664335,17.961000974333253,17.030077862417425,16.06504506685244,15.82026984599188,15.706198171422644,16.170325908898683,16.789272914572567,17.69624607084791,17.92077333710797,19.814168768838123,20.399564014948947,18.955681180057866,17.4727813756139,15.98120427251964,14.718447642329677,14.015707830858918,13.639677745460117,13.61202446368651,13.32026925403537,13.7384868526341,15.097649254105752,16.86493528004184,18.31254329687714,17.094602335240207,15.77202247652469,14.396187168830501,12.879086497108403,12.156851977382962,11.532963972890924,10.873165546426671,11.08193453328434,12.673264180944072,13.45062901874853,14.437862445666948,15.81477208182274,17.990977516521998,16.09596374871663,14.336949780200808,12.715989501411206,11.15437510576007,10.116234329037658,9.135203172343786,9.276279426580464,9.290838498219632,9.624982337646133,11.237394048443793,12.713805291886453,14.68698896983313,14.961128567056697,13.023351488768165,11.057200007235103,9.417814236859845,8.234308957040657,7.302844514297151,7.092031091302406,7.268195099197599,8.114939617766728,9.560610963740759,11.245686862081834,13.08690601326379,14.240056355225564,11.996294969697935,9.943810386365984,8.081439537607146,6.470397592111323,4.976901847535271,4.542881574507528,5.284409616977094,6.668745759136421,8.176774180567786,10.146079144181757,12.06511686640457,11.409313125688154,8.971436116921303,7.166560751155326,4.864681901214097,2.827021400697207,1.2518090908760808,3.4744121804990264,5.075678673832693,7.109709206430316,9.237718820141692,11.434653864459563,11.04448391732271,8.807686926770275,6.531343659615532,4.454488971812592,2.0630002423654727,0.0,2.315169324261187,5.371542981304348,6.831424814780588,8.986093533900034,11.679140550571349,9.261606448127669,7.010796245791201,4.691943946809254,2.999529629791978,2.1703276250372894,2.988024096288382,5.0410145804193025,7.199612559020103,9.272104669383321,11.450677403542551,7.826797876526517,6.25652699187017,4.987030579412964,4.474226301831412,5.054773981099451,6.19291240047847,8.074872197131048,9.975135337427758,12.031429050615724,7.000205282704215,6.740107120810469,7.0560785851632915,8.224352375719318,9.773569511698375,11.227102297565477,13.320849897810575,8.997522881326839,9.258861539087837,9.99605782296201,9.977722635952556,12.81997706706217,15.4691250237368,11.423395292118714,12.146629820653958,13.552204580805293,14.426406066654302,15.328750275218134,14.073833912619547,15.280474763566739,15.787546516162669,17.63202143828098
P09,34.0327916133837,33.08702000785202,32.6874711472148,32.03080568765013,31.58761203383377,31.459776302446905,31.343017372295222,31.334047488315324,31.62296159438581,32.517029446122535,34.02552703486016,32.89017254439386,31.974133436263756,31.153198230679305,30.4494105197457,29.809451873524946,29.43098409839535,28.805400778326273,29.021413921447728,29.017364870022227,29.360089049592474,29.772214848747815,30.4085541418858,31.169368633323327,30.073423815721416,29.02452976363269,28.136133707387728,27.81992181872552,27.190490709069596,26.880685203320244,26.75969599976801,27.16929826108875,27.369280534935516,27.529547217489792,28.404627175866963,30.361350859275017,29.187635738442403,27.954250803768645,27.000807839766573,26.341086462027338,25.649496622740962,25.199370031808336,24.63308021746367,24.904008030837126,24.655872241719617,24.742453435340643,25.559401597064042,26.675176869141843,28.64775792274153,27.184125091678048,26.07487879166459,24.969289236980693,24.324336866603375,23.319182018244124,23.38654880481513,22.71620630739209,22.33856004759483,23.149805225962485,22.18735793193953,23.44185048156395,24.062253801337896,27.03339055686504,25.592303725925102,24.20596655785511,23.067850745138784,22.196079383530776,21.222597225598943,20.70206513853147,20.270715453579825,20.283705110260303,20.330548369387383,20.770968441553226,20.718460005511993,22.05482681863542,25.221609028767375,23.785227705447767,22.447749040828125,21.01625566079743,20.021837078550007,18.841953534599323,18.56274618691965,17.81901548907795,17.747030681215378,18.001312313273164,18.44737601936926,19.665880402361854,20.559794989250257,23.34050798504608,22.1799727006144,20.66513297803815,19.234465030252338,18.10059073621632,16.879111173281608,16.340561465261835,15.931803727136485,16.02408764953562,16.393043219609957,16.99560843276874,16.886318485685386,18.598388666763583,22.21359576925807,20.667840187111956,19.049532487701637,17.39154429600776,15.922377963105887,14.90274286834474,14.183491389640281,13.80710777099969,13.165484951189606,13.261996983863328,14.209445942752307,15.706031484751326,16.962999056770595,18.952698699657525,17.504878462874288,15.976935500902544,14.198721773455524,13.230804548477012,12.1986002885577,11.13179347634513,10.89593841759396,12.114569245334314,12.46964097317962,13.123710489034721,14.273077769002732,20.051539516954804,18.08765462960856,16.21814471510228,14.458123598863029,12.734678048541312,11.386105567752304,10.040177388871173,9.570551969452962,9.012155846411002,8.977174833988698,10.079204036033797,11.199584010131804,13.006382587022419,17.076327620422372,15.079033821833546,12.998083127907744,11.169427559190309,9.77879465987501,8.277414149358481,7.4934168441372595,7.056332262585145,7.154678748902707,8.093969668833706,9.50919891473514,11.184944613184278,16.459791067932787,14.176646288879468,12.070781664830161,10.103920526211596,8.263185342227294,6.360432139406881,4.8270446445004005,4.959502596027146,5.38484549453371,6.428048615248643,8.150211346952911,9.960789627333769,13.692645507716907,11.22213994744318,9.388196844975079,7.004716768007111,4.8875545009748995,3.087378337683932,2.2831419141174734,3.2153464821073325,4.952835349575029,7.025034377140087,9.180216664109839,13.357833506972604,11.122856108032686,8.84651010285977,6.769652649877983,4.378083256403422,2.315169324261187,0.0,3.0640582566263324,4.518882162659256,6.671012666754576,9.368460545895466,11.522062532376745,9.221313626593556,6.839873171338779,4.840574862555067,3.003112552003338,2.160070600698042,3.130586047371961,5.040224201362475,7.028879996130251,9.186547229509028,9.816375094707823,8.041135056694422,6.3614955002735005,5.033539112791317,4.521314078893436,4.805842798094836,6.277249079015426,7.959828767002467,9.90945185164144,8.000877514373032,7.087712818674301,6.621166815599801,7.1432707494536425,8.298415511409392,9.442299984643572,11.373672977538961,9.239182052541231,8.9460724343144,9.118428866860782,8.717824613973374,11.271454963756899,13.739550574891451,11.178420863431471,11.446359639640894,12.505594268166547,13.079013609596101,13.785746624684496,13.532327589886377,14.36118581454888,14.4795926047662,16.2397793396339
P10,35.67930338445525,34.589358132234835,34.002814545269636,33.15047888040232,32.51938574143122,32.19597891041675,31.858746444265506,31.645202875001452,31.53118768774814,32.18784722531161,36.00329341879712,34.751927673152174,33.69868662129134,32.70753767864527,31.813057853655,31.021864354032626,30.41717968517134,29.562429957633725,29.561382799185832,29.324457113474413,29.425816216377076,29.59353476690475,30.028299086028834,33.11353590301102,31.871005020237437,30.659408425473575,29.56978926201538,29.033699471476243,28.211646708407503,27.64724311753344,27.318219213557825,27.47698522400156,27.41235611909345,27.323676637670854,27.944377681387003,32.52552390046931,31.222800466966444,29.842450318296585,28.71295082362661,27.88127889821412,26.964419889921608,26.249100194101892,25.44693003094872,25.451049585429676,24.956485429643333,24.747461950672843,25.29637145916386,26.199451482807802,30.911824355738048,29.326426649014024,28.06870615115702,26.78268250194517,25.94193109620022,24.720869179703207,24.38987925349365,23.576374827356304,22.943435924028467,23.499323671118706,22.198036962758668,23.08325767737301,23.466171417596012,29.400502308634117,27.84040762991806,26.31136765734537,24.99107154565406,23.92258466386941,22.725689120464533,21.9464568894389,21.185942178718413,20.835163594270142,20.62840687013905,20.719138712794024,20.35440517431055,21.311742420553042,27.707859480659994,26.148370656696756,24.673385499359426,23.077083286238754,21.86733419966869,20.42794326406846,19.89484086390238,18.853967752173546,18.362218738485826,18.23485936331838,18.35638703557974,19.088882549798456,19.611590374061965,25.929343531990934,24.669469390321307,23.010466705393007,21.423494252805725,20.095224557093157,18.62230514732266,17.770539665412528,17.030079301048485,16.661302530114508,16.69256340410304,16.858331619706618,16.26258703281861,17.654099184042213,24.90632228973198,23.273496106085997,21.538530613762862,19.737102928241523,18.08639513557082,16.765311926713444,15.697752737255101,14.936670847280528,13.894928895104142,13.567819463716342,13.892711362437499,14.924517412633483,15.842652934404642,21.699317523830096,20.149511284395956,18.49816523334139,16.503932046636645,15.322036548709836,13.910445715360813,12.45094506453225,11.703711761659203,12.364863808388671,12.091216853567717,12.185292856554577,12.904178005591831,22.964376978267882,20.950577867925265,18.99902958048121,17.13638307811774,15.29780696701328,13.708153230833101,12.077411850226852,11.020865029570048,9.843767673000007,9.328760957383354,9.571057883013768,10.00861553862471,11.429617535158384,20.037336000576524,18.002309240761306,15.847146430824699,13.894653828001617,12.371967426403934,10.466599256683137,9.218354137263331,8.178484089365217,7.271325945107948,7.23572608657901,7.996812177361677,9.238588257953701,19.491055204888216,17.187160003909895,15.053549647840539,13.031572314958774,11.068690663307923,8.970659396053335,6.798518147361232,6.318273894031502,5.322165724589944,5.222705237709668,6.15272459972003,7.595294661828467,16.754340333179343,14.273426217975837,12.429564956184105,10.019739916784268,7.896362706968316,6.098461773267092,3.7578730686386947,2.837199323276389,2.8564525201725304,4.473144866869393,6.411421449257567,16.396067363852836,14.172999717773228,11.896973900954814,9.821824779540716,7.430453283616013,5.371542981304348,3.0640582566263324,0.0,1.5810480701104568,3.6462250341963265,6.375558485340715,14.475509248382249,12.128812720130524,9.717186835705075,7.573918404630459,5.450054311655986,3.7524330773512804,2.058920590989366,2.374310215620528,4.051546494858476,6.159557532810291,12.491419334887448,10.56909702860183,8.630248432113644,6.76903575112438,5.213080663101234,4.076912802599535,4.353311957578965,5.417740211564227,7.106181323326897,9.787396385147584,8.279540204624892,6.934157555175682,6.416532552711004,6.757714184544949,7.262153950447484,8.83979931898909,10.082757757677212,9.11445692293293,8.468587249358656,7.504018456800329,9.408222042447765,11.504557053620099,11.257488263373851,10.878073818466207,11.371135607317326,11.462087157232752,11.842067260406859,13.079166219602838,13.337013946157512,12.875914918948478,14.464028553622258
P11,35.88778450949571,34.71666379420696,34.025592162370955,33.06779238171184,32.33758361411687,31.91244147664042,31.463294455603343,31.14815108477548,30.840112645708672,31.384795363360265,36.412982327735804,35.092441379875524,33.958916428531694,32.870519922873136,31.8699963759019,30.997338998694712,30.272029284473152,29.29963156764945,29.18686831436357,28.834070125460954,28.817187666391042,28.868386532676187,29.208783490587212,33.50941731812119,32.180564631466616,30.876155330610707,29.674530021552155,29.017704285487508,28.094441247335745,27.39782080750219,26.96303488111084,26.99487136476112,26.801186559553667,26.59475515961747,27.09605080080859,33.06367435721565,31.681327371181908,30.213808267082126,28.982447101651026,28.053864261452468,27.01371283255969,26.15674631906652,25.23350401747645,25.099595056494437,24.4836958811369,24.131116551042556,24.550042973485812,25.351174035929777,31.520715252037032,29.859539530943877,28.511770201094144,27.12055959968378,26.16818870307993,24.83036499933096,24.28300963636921,23.398550916670033,22.636992136765876,23.059670119062847,21.600044907360726,22.304298464645775,22.57654309233369,30.0840573227748,28.447897953978956,26.831651850007297,25.403684181630034,24.223059509483935,22.90455616247562,21.98651334341123,21.054502725070474,20.517216794682458,20.183825232101075,20.10169370973501,19.590973150918256,20.368445252399603,28.48072067206165,26.83943034045246,25.278150743280253,23.584357231012255,22.25061760940581,20.67056440932371,19.999641246782407,18.80732976793888,18.100434525170936,17.780627463618938,17.740832731300976,18.236381768322357,18.588653582225906,26.78337867036196,25.454425175202836,23.70208760847871,22.020934426131877,20.580364161015225,18.97065507566884,17.95028804782809,17.037783247828926,16.431162983793936,16.289531914699083,16.236531464570874,15.415343006238947,16.647322217101465,25.844461708458933,24.14890825689642,22.335973674769587,20.44639589267507,18.691203920561136,17.201569376077288,15.949523503854277,14.990673267068427,13.756494975101761,13.217843243131613,13.225482751113473,14.019728563706218,14.7743008294809,22.691436710794672,21.06702641570471,19.33455197308694,17.21130198445196,15.909717313641998,14.299123784344271,12.653728383365907,11.65576569771373,12.012737406603042,11.429066541060998,11.248936171923104,11.759240834339606,24.105806790066165,22.04740315774173,20.02983819205737,18.094972174612483,16.18638505040579,14.456242388670717,12.682541149154613,11.32951389071923,9.867913913284815,9.126054350046356,8.915941341215744,8.998642675426112,10.213795572655643,21.238411075219354,19.167617927118645,16.950927083791022,14.911280293791005,13.310811432816557,11.192341890775138,9.729881808120796,8.427236617064933,7.0604184011997475,6.507000307361296,6.888725281211321,7.897544048626763,20.791098720365888,18.4585010225641,16.29473418009634,14.223088342550643,12.172796556256086,9.976395190648775,7.547762582381616,6.808940739938922,5.205970130532829,4.46309813918538,4.868587988318584,6.111665075901984,18.136728949840986,15.624221356598863,13.763932286959276,11.324715493115047,9.210786339938625,7.4380194272400235,4.638608088640384,3.1456371373697887,1.8871931538663445,2.9743012624816605,4.832247717160204,17.875858692661453,15.636165770418271,13.360494938436974,11.283596279555557,8.893882897812405,6.831424814780588,4.518882162659256,1.5810480701104568,0.0,2.168496714316164,4.85010360714078,16.01078889374287,13.677561953798637,11.270636051261702,9.144500915851014,7.029938335433676,5.325508895870891,3.3789686296265016,2.432020559123627,3.174077818831794,5.034394700458041,14.070871046243015,12.14988991719678,10.202522286180022,8.302422056243588,6.614002494707725,5.148945620221678,4.728508432899321,5.109936398821418,6.37583719992912,11.298847596104657,9.696997731256824,8.161902351780496,7.285132874560353,7.172000278862237,7.183351933463931,8.369603634581509,11.383051655861006,10.22422789260881,9.271911830900896,8.06762430954739,9.483415260337386,11.239424629401633,12.286084201241664,11.645269640502104,11.842256879497253,11.645123657565858,11.794124045472815,13.854113973834632,13.827086822610177,13.03738969272607,14.48623225687066
P12,37.207827469498945,35.95070242707366,35.14296953872851,34.06347922629161,33.21402655505652,32.66072266499932,32.064658925365165,31.610119550549,31.01805039005514,31.384660616294706,37.93908786462848,36.55197488508658,35.33814654166231,34.148454869876616,33.032659429721974,32.06867744388596,31.201086599668287,30.084653496425716,29.82561704307222,29.31514260582745,29.127885625290414,29.002220139154865,29.191024665126093,35.02743337728302,33.61500929644376,32.21736863867066,30.897824162875935,30.105982461962604,29.066157107536593,28.208306737555162,27.63791743239711,27.49642074889021,27.118086676607554,26.734043091160004,27.041205317071206,34.71753361055477,33.263738966027255,31.715238293287346,30.38445829696491,29.356828473116778,28.184767393044066,27.1670203739755,26.1003446912105,25.789391035850382,25.012439185333367,24.45606550530972,24.67404287910678,25.30600784398835,33.24052971900418,31.515166079207006,30.087073403706114,28.59775909053015,27.534968349355335,26.077938952302194,25.285532721301326,24.320138589243278,23.401212041259743,23.643504393384664,21.9704207060311,22.392201678262904,22.480479888116268,31.8699545810784,30.172545467692977,28.48304416666168,26.959403628418787,25.6735969042127,24.236116046099465,23.172461435937272,22.048151963373257,21.282610013811748,20.78354813307872,20.45644035505689,19.727161199726634,20.197972175443752,30.340867225575476,28.637739872413118,27.008148936941236,25.234059919085553,23.790740930034104,22.080407174687696,21.269672023799522,19.918344233394503,18.959974789012772,18.39149751923426,18.12322234041176,18.242218998795078,18.29249212108618,28.706680772949003,27.329281238261647,25.50833896983494,23.75480374576898,22.222350663239926,20.49489790167299,19.314689047458156,18.226599134232366,17.348870078480616,16.987880032540847,16.629196132104525,15.46758914634081,16.403599513521414,27.82676504734246,26.091672617906273,24.22701075246387,22.27640879944521,20.4448284414421,18.81875885918091,17.403711385793546,16.25274945970681,14.821684789523761,14.034810508161483,13.602449779359599,13.998683830989256,14.442556179568768,24.71204827609399,23.04395278592629,21.26142502279657,19.052719753358048,17.66474389851152,15.897656839924554,14.099250760235453,12.861378619728136,12.852450116612008,11.857129500853063,11.237751954906283,11.335784092862744,26.204958939101584,24.126746154423728,22.07689045132942,20.104215776796668,18.158093099221624,16.341784296703956,14.476364322577684,12.894412937392692,11.191449816712757,10.22815652989335,9.44243040747455,8.934559642198378,9.681301255513125,23.36493220619311,21.28149987665343,19.040374182247575,16.96168346597707,15.324181707353905,13.086842438113175,11.489375004759832,10.002049439989786,8.243680367408722,7.066606328358755,6.753101361596759,7.148748981465219,22.94839820118171,20.609567729576476,18.438528357762177,16.352787774566146,14.2727057701054,12.04132604823904,9.503069083196227,8.618831939421954,6.609598550592917,5.199880864019867,4.531409162721902,4.99984799768953,20.305155133610775,17.79095953005346,15.929284039152543,13.486992437159591,11.375789950592441,9.606028367644976,6.71496545039511,5.05199930720502,3.036767360203939,2.3011827393755584,3.1621815254662407,20.02735314513628,17.793640717964383,15.517375841294815,13.440425923310615,11.049072404505276,8.986093533900034,6.671012666754576,3.6462250341963265,2.168496714316164,0.0,2.7380147917788906,18.121002317752737,15.76979787441805,13.356027291077238,11.192549530826298,9.037180146483747,7.2540689960876445,5.006574178018338,3.0804691201179084,2.0644689389768014,3.1621815254662407,16.064027452665783,14.097249696306013,12.081498458386692,10.060340451495666,8.141341965548431,6.298244596711055,5.061396052474061,4.444649817477187,4.958505621656589,12.96596533236149,11.177804122456253,9.356443768868598,8.000810771415606,7.275481152473697,6.610263307917469,7.187567669246669,12.618409448103987,11.170601505738176,9.795170697849017,8.314610754569332,8.983801478216222,10.221194646419763,13.056149853613048,12.036479593303017,11.803533454012827,11.21307134553241,11.046222340691862,14.205917780981277,13.766353184485716,12.538962317512562,13.770580561472345
P13,38.28848108765873,36.915658601737015,35.95045091511371,34.711046887122265,33.70663532600072,32.98724311002664,32.20318339853996,31.571825366931193,30.623046631581257,30.764617485026527,39.3149083809183,37.834925148597826,36.51018720850388,35.182633173200664,33.912626380155224,32.82935591814132,31.775801390366226,30.476248210696802,30.02804277671124,29.31788507037982,28.914639371778442,28.566749237531386,28.564769979819545,36.40127604906179,34.87321202585159,33.3495088569532,31.872828569174715,30.90147422049634,29.712134760060575,28.64740703798513,27.904604584190047,27.540478227510867,26.92978741096929,26.324938537440122,26.38669410896333,36.29528406005386,34.73927605751162,33.078463159584665,31.61182476542599,30.451151784456364,29.10546962342302,27.878882491950787,26.631474048576433,26.09227558109871,25.115398324533896,24.30494198717619,24.266594837347903,24.680144651115803,34.924515243593575,33.107145482508756,31.565621568408883,29.941884042257595,28.729664268835442,27.118598654797783,26.003386010287198,24.940538887522056,23.826101023877158,23.832528716021724,21.908077802491025,21.96700582692143,21.823764501112084,33.662224555130045,31.87506933325793,30.08188840481927,28.42586957333056,26.998397378363034,25.40688237466376,24.15568148490123,22.788740465414055,21.735998619801208,21.031126741094972,20.3968518404189,19.403271682888946,19.48124649502695,32.25811471552545,30.46120959515561,28.73267147342899,26.847945638353785,25.256033279198856,23.378418081641026,22.386334782630225,20.84104762242052,19.570694443478494,18.69410158311974,18.14088633446558,17.78181500859797,17.452016531048784,30.73498791280062,29.28099373313686,27.35782717980359,25.502837175498726,23.845631297996704,21.96681098839793,20.58192979290329,19.276801316608523,18.063947409135135,17.430682287277225,16.693007308451044,15.131895618196683,15.66965883483109,29.961387684818604,28.161875381444325,26.21787796523586,24.180149420547426,22.245227825311208,20.43798781680819,18.81776620643375,17.432991768483113,15.781200366258581,14.704120000870503,13.7356355877695,13.616109649969774,13.6511190017522,26.926166177159345,25.18470942854017,23.325435065610243,20.995755594881555,19.492054637723548,17.528552535791427,15.560765823056396,14.051386586383565,13.589334825516664,12.12547256811049,10.98650535884819,10.550075829111373,28.576851681037223,26.4591018932994,24.349638210864654,22.314504274126282,20.314034754326872,18.37486481582926,16.39676995630542,14.53650480686468,12.581680173967227,11.393507668843691,9.96929531110399,8.77162544799993,8.85072658034356,25.80895697233811,23.698039750156553,21.408586408261524,19.261922359930743,17.56908216157008,15.169575933426747,13.414747295420812,11.738012438228203,9.615744224967717,7.8470765256877675,6.742464608731736,6.259777392208129,25.49027824485249,23.13088897989007,20.940371080761675,18.821517499925452,16.682900976748616,14.400885111686712,11.729752981201267,10.683326869472824,8.337945190513068,6.440015527931591,4.736264561867295,3.9462839482226824,22.92544983200984,20.38997876408899,18.520461900287476,16.06602408811838,13.974188849446682,12.23246966070221,9.164470961272123,7.375284808059957,5.109641572556728,3.226766337992263,1.7430263910796073,22.723204285487554,20.478906831176314,18.204390953833087,16.12811272282036,13.740505158108272,11.679140550571349,9.368460545895466,6.375558485340715,4.85010360714078,2.7380147917788906,0.0,20.849920335579224,18.503839277295942,16.09107560109019,13.930544641183273,11.773968319984558,9.98301457476648,7.68562554383181,5.562089625311696,3.714467525770013,2.8224608057508966,18.796016625870493,16.820167240547878,14.78718019096271,12.729282187146296,10.729063705654841,8.747642425248074,7.104432771164775,5.705838150526179,5.033800254281053,15.5794023633771,13.704721814031835,11.74107818728757,10.105081493981135,8.924492646643841,7.626273664116703,7.301934675139185,14.975683289920363,13.34539534820906,11.673206586024254,10.022724829107103,9.872233789776253,10.33684734336345,15.052147886597448,13.722303742447913,13.068129973335894,12.057025337951314,11.497490204388086,15.798650606934759,14.943497749857627,13.246451336112626,14.154483953857167
Q04,33.38535981534421,33.14812766959848,33.56901972056974,33.745882385855616,34.051395404593926,34.64243423895036,35.29478790133183,35.95867985619049,37.469664596844204,39.00147367728558,31.792176789266883,31.315775018351374,31.12343592857318,31.139061723179775,31.309519095636073,31.338698696659375,31.863647311630853,32.12063151620777,33.061852352825,33.81407649189905,34.87587251955139,35.97682659713055,37.141205823182425,29.325618083852895,29.041539645824564,28.84306663654196,28.917096759529645,29.527603102859537,29.69809977086076,30.334253443920453,30.92872588711019,32.10688170782083,33.09127939503095,33.951024505896726,35.461976538258554,27.433719416076265,27.05757130638299,26.69129283118373,26.677479809757145,26.859113928050565,27.1863357589801,27.811019488684696,28.152919138163988,29.287685142393894,29.83634061006812,30.781868965350363,32.27348362045846,33.87514466389775,25.316109278481164,24.689514616533067,24.49420357962267,24.417407110502133,24.753652437569695,24.800748476608522,26.385026245960038,26.304654226961432,26.821241209161073,28.33353202479352,28.44677972987452,30.5666159232585,31.73376487276604,23.254516980578202,22.69044347296897,22.28348204388174,22.2522869161801,22.449830845687902,22.606699405264806,23.198051340576,24.01631965976469,25.20174156680447,25.994494070860465,27.345880219879557,28.091883703304767,30.21210388238462,20.890326876332022,20.437786377198485,20.125049863292265,19.84615723509214,20.111725559981174,20.323959702774456,21.11429991735459,21.586260167059972,22.8653172512432,24.16326136927712,25.39249607659712,27.63816196855355,29.270860680888767,18.542763763797456,18.261000629757397,17.95017509663903,17.73348386527588,17.887680956457157,18.144175070804405,19.01746313260525,19.89089301665463,21.39791695469445,22.634091123789354,24.24349894301563,25.23651911417262,27.446923798487873,16.781303942185183,16.184378054160746,15.74395163229359,15.432914436359711,15.435106251658912,16.21297566765583,17.14744158759551,18.217241284014438,18.93907835666773,20.10070319665459,22.266718415608526,24.50177993534347,26.27927951828208,13.662372158596764,13.438614697951571,13.297144543096461,13.535114517432055,14.089261300721198,15.124615829831844,15.850919247791278,17.14319308063699,19.34996312657985,20.93849997015068,22.497309216881916,24.222695019340847,12.827890005764782,11.838117460136978,11.340402682444747,11.148145720253211,11.100299545507768,11.95019434988402,12.718858321406053,14.577749140385151,15.904028986392095,16.898635832516185,19.22684968995181,21.189583691049712,23.35285363718961,9.814104645865562,8.980981349496279,8.758630600727491,9.226648199644332,9.801900325957208,11.496041927550543,12.876655660535464,14.234285721454379,16.12513730174103,18.13138328975481,20.085484036985516,22.086964503978358,8.0128382611906,6.96451613538227,6.5549740655474755,6.978031599240577,8.151597205456119,9.503616259087904,11.704646299653827,13.01867892683432,15.268057374793953,17.13759942348986,19.28303762377702,21.271837837855006,4.842455575428648,4.594244225114725,5.044569852821943,6.44566614090429,7.768602448317201,9.067671145338256,12.465029562740716,14.241168070070657,16.363078958435665,18.498742470773518,20.692541965645496,2.6920625921400863,2.2426664932619826,3.311548882320779,5.059094978353341,7.268644165179639,9.261606448127669,11.522062532376745,14.475509248382249,16.01078889374287,18.121002317752737,20.849920335579224,0.0,2.4021344675100935,4.798453917669732,7.0290938249535415,9.216078341680912,11.067108475116706,13.517777701974538,15.854508664730043,18.045008977553877,20.23758594793361,3.4057135816154593,5.158176809687702,7.1375696143715475,9.272976922218668,11.480046428477543,13.599906249676872,15.875683953770308,18.079952129361406,20.31331831582423,8.21460017286295,10.162356911661782,12.244215164721664,14.44807398929006,16.5765920804006,18.618979134206043,21.000907885136773,11.414044857104777,13.209490414092437,15.246412364881124,16.212833836192857,19.39057611315352,22.33430601115692,14.445801396945757,16.38063350423298,18.559753581338303,20.220109841442504,21.62601038102035,17.40707686545906,19.63017913825546,21.306317771966135,23.244492207832806
Q05,33.8133834450207,33.425649701987844,33.67934300131165,33.68403639708282,33.83651354675892,34.28346686086458,34.78148549156577,35.310604313718564,36.57664234180059,37.98318192305642,32.53659117055749,31.91703972801989,31.570580514143227,31.41076033782054,31.400020636935892,31.289679224945726,31.63229947379735,31.708617267235102,32.50909105158125,33.11138639501524,34.03259135005737,34.9976759514114,36.05841982117353,29.961298136095504,29.50214610837659,29.121601484121715,28.99418295106796,29.418896053387183,29.424953016105224,29.872855939799262,30.32632659917782,31.35826323315754,32.1894156827986,32.910626931129705,34.298969809602156,28.27614084347438,27.725000721370595,27.168600497633292,26.954819031112045,26.961362001946416,27.079695751614345,27.489922244342562,27.6488398671626,28.621004192725316,29.01249008616806,29.791635017232604,31.157705066323484,32.670534369673234,26.216583091623512,25.39984649559914,25.004106642709715,24.705038352530444,24.838548045326643,24.664562128689816,25.961266533048807,25.757902166131466,26.09948141247255,27.490156365506543,27.385075442656717,29.34985603031129,30.41318781384155,24.220483273460914,23.45469089542644,22.825421836189577,22.552749122889654,22.52461908667936,22.44508115378512,22.817263113704062,23.39554145558508,24.364873239973978,25.019903916682015,26.206197835626593,26.798631681487024,28.777100288250033,21.93654934122502,21.254974053148125,20.70619525649268,20.16444437617858,20.162125012012,20.082573241494728,20.671173188767007,20.906129675289016,21.94323934609473,23.05857259242211,24.151481880000656,26.217536821753487,27.711722158682235,19.645490525817877,19.15526752619237,18.559845257975617,18.06046566398552,17.932678550623717,17.877432953307363,18.484854178488938,19.124895947429362,20.391678694997132,21.484920781794845,22.924936226737906,23.712314037225468,25.843680001114393,17.98881130036112,17.15091930480696,16.41596640469272,15.774987099836247,15.438031124466617,15.855539410565633,16.484228614041967,17.30543065052124,17.78695333664537,18.778959209711278,20.75786764096929,22.879419791594366,24.56821772127559,14.737077491823133,14.197153411863942,13.704056808113428,13.471411395989657,13.713336355533617,14.368821593993015,14.777048453598574,15.839188394611638,17.934419226727137,19.327872645482742,20.735952160438643,22.361304613103414,14.36112224027078,13.08318099698999,12.194798604323074,11.571652129233751,11.083289222969867,11.475684075470184,11.844589355482105,13.378038720231006,14.43237360935477,15.286466334637314,17.458430885964525,19.290952205632564,21.399847966749668,11.239681490149087,10.015258159428543,9.21490314653388,9.076277706196523,9.207763029096697,10.386767061988056,11.485068611027101,12.629065681989305,14.311031164804303,16.182565000641894,18.057238133225134,20.000265523237434,9.692421627230214,8.171984153190705,7.114888966104812,6.779925147079428,7.284078321929275,8.109981011075181,9.949154989244061,11.198471368896739,13.283473416241703,15.051671136455246,17.125599843509132,19.072259567235342,6.423527535552408,5.169356826530744,4.697997977862486,5.134522567873278,5.929367082581411,6.9744196891210954,10.33465490473678,12.058395332713221,14.117656073158887,16.232977330114153,18.401466599159967,4.834166008734082,3.260320996466452,2.3766669939223712,3.213632212932899,5.107690084568562,7.010796245791201,9.221313626593556,12.128812720130524,13.677561953798637,15.76979787441805,18.503839277295942,2.4021344675100935,0.0,2.4160732604786634,4.633401558250698,6.822583821397872,8.673066355101868,11.122071929276489,13.4591249715574,15.651316526094538,17.842026930817024,2.090895741064102,3.0736066762030565,4.8501804090157306,6.9225848496063955,9.105815504390586,11.209054375816008,13.481718028500671,15.681843928569116,17.913373244590197,6.2258193035133935,7.998224052875738,9.976001453488268,12.135642216215835,14.242560338646982,16.255887364275136,18.627987599308735,9.479494184818092,11.118801958844308,13.044892487100077,13.923516114832488,17.10005064319986,20.032975939685045,12.541317634124415,14.337082827409487,16.44504889016752,18.022991760526327,19.380918063910183,15.529971828693059,17.62735297768783,19.154896423630174,21.09721280169492
Q06,33.97912079498232,33.44145367653745,33.525500876198706,33.357298002086445,33.355768271769726,33.65670586970745,33.99893211558269,34.392320727162335,35.41283362003103,36.6929534515825,33.02947636581604,32.268048112645424,31.76770183692865,31.431847304923075,31.23880423447735,30.988952418563617,31.14678956168677,31.042056069145936,31.698085573106777,32.1487437546166,32.92723037244402,33.75547629644707,34.71184089039359,30.358574735978628,29.72557224007639,29.16411193573362,28.834875567617768,29.070000429996558,28.911025613077097,29.167609226674713,29.477650262529405,30.358673241760748,31.03444080372643,31.61671274816533,32.88071927437111,28.89337247536189,28.169285844692617,27.425477005879042,27.012152172679613,26.84252143521543,26.749842990193418,26.94140220923922,26.915552975928247,27.71849911160415,27.95103835280543,28.56115790719977,29.797518369824022,31.21788144637621,26.907059018034655,25.905470078730474,25.31185581896357,24.792314333276753,24.720744183782173,24.325887136957615,25.321557021636725,24.99616390568761,25.15928814573258,26.418613911407235,26.097157105707893,27.899142011897066,28.85707949533355,24.99300782218899,24.032077833595665,23.18681427018382,22.67526892894547,22.420781186212043,22.103948108878647,22.250553476262112,22.580218998052256,23.322794558114172,23.834393006745525,24.848103368265352,25.285667916825926,27.11722096749591,22.810773616867973,21.908648885771115,21.131773422976124,20.335126284338635,20.064112165755056,19.69102440199595,20.066795882751187,20.05760554004391,20.83721192962245,21.75785301908256,22.70608211471103,24.583037912349237,25.937137255294772,20.60131335619164,19.91200180795492,19.044579123729672,18.273034176074862,17.865224375864972,17.495525056425144,17.821007154479233,18.211896469066584,19.216478189304095,20.15310192005191,21.410885198888902,21.989941632482793,24.034493420914867,19.069023310070186,18.00906019202557,17.000246145276837,16.048391072004694,15.380810284247056,15.422000518739454,15.721741283967244,16.2697781177249,16.49427770470717,17.29880299327095,19.06983421532552,21.06590733863605,22.661621919006592,15.745043950399122,14.915529658714771,14.09535246100643,13.402135091096492,13.317365655413987,13.557626488438158,13.61901718186742,14.41697253240083,16.367298524802436,17.549024844702913,18.799225994705207,20.32205821269096,15.809965528109162,14.289126110437964,13.062463205689806,12.053539106834972,11.154020351424862,11.058752054368522,10.985553832192531,12.117442386906571,12.855578788992737,13.547313276070646,15.536234839883182,17.229982849672254,19.279588195809577,12.658672363245682,11.13039774671148,9.846883872576136,9.127915917667076,8.786419634868345,9.328306384333652,10.065317531007157,10.941323228933511,12.372065995620941,14.090806222498413,15.880584403604296,17.765371625721762,11.37762809200582,9.528139430130102,8.002710103458703,6.995713616208143,6.720587846312255,6.844396978551142,8.156552028890639,9.300327144783672,11.17854874301669,12.835116283072779,14.83799083434142,16.74684641955016,8.174536561787463,6.310617085515489,5.119533670169579,4.330814703955827,4.242886753143431,4.855857081916642,8.107830412631976,9.767145949559678,11.766147925298236,13.863288390565927,16.013813568291596,7.0328063388664415,5.075823972519141,3.1410144857991344,2.136187725833102,2.9777259779905876,4.691943946809254,6.839873171338779,9.717186835705075,11.270636051261702,13.356027291077238,16.09107560109019,4.798453917669732,2.4160732604786634,0.0,2.2380795338861392,4.4192239137658555,6.270054704705534,8.721552728728984,11.05768443210422,13.24708696280054,15.44056737947152,3.2510258381009525,2.391559323955816,3.0827422856930484,4.8215633356827325,6.889122585641803,8.918928747332831,11.172324422428845,13.349655913168698,15.56855346523883,5.0369339880526525,6.327362325645656,8.023073288958539,10.055955946601994,12.09928894604968,14.035151584503817,16.376553605688837,8.17154795617085,9.489094003117474,11.180551059764452,11.87917038349059,15.034673857453644,17.935513513696783,11.185411302227557,12.727960166499578,14.695611079502614,16.1233327200055,17.390246950517984,14.159163287426274,16.04309100516481,17.325000115440115,19.26341781719952
Q07,34.692279400466035,34.02529035879047,33.9568277228601,33.63068316284996,33.484603282702935,33.64423056037989,33.83241352608472,34.08841599429343,34.85232108482877,35.994113032550196,34.02425677366076,33.147221135413446,32.517700410699405,32.02967881512395,31.674363924157973,31.298065946636385,31.28195805891952,31.00364986578193,31.514047804114277,31.80983472135622,32.43780911220732,33.118554618219676,33.95924289497633,31.285352802869266,30.508286497278082,29.792822038202424,29.285480856560987,29.345235132811595,29.031826019043308,29.101882894410803,29.267872573865017,29.990952318991138,30.501828732061295,30.93346448427657,32.056807389382996,30.008012146758407,29.14637481746229,28.249744228930638,27.667002457801605,27.342374019093512,27.0578598562414,27.04202531246504,26.836761205480812,27.46519275373832,27.53315610314226,27.96137838161774,29.050865064572516,30.362748261644562,28.09046964719529,26.946151116625174,26.192875080830664,25.489045686333572,25.237284580556604,24.64451835601581,25.346247256743947,24.9036296551326,24.885790724829302,26.000201941523454,25.450481901134996,27.062143023049746,27.896117597257152,26.251694040575746,25.143139521547422,24.128568047026743,23.420132386474677,22.970119046274007,22.441077558798288,22.373465757454746,22.455762957423644,22.95940386856767,23.314977375069443,24.133091409929232,24.393698407580594,26.04459431436781,24.161217953571796,23.096132490094526,22.144213871799558,21.14449103194494,20.64407462203138,20.009154954670123,20.178145529260117,19.92758540315409,20.43118648047636,21.131749761910392,21.909791076137626,23.55459643042096,24.733273721850896,22.028485013727114,21.196271747644676,20.1262185718033,19.142650234489476,18.50154485441689,17.85442177725171,17.906189321014118,18.041317939662832,18.755614466073887,19.50904346706932,20.54712984822941,20.873969267966263,22.798354194985215,20.598100155111396,19.387890782650906,18.185033104176632,17.00143335133835,16.06875928626725,15.771027233506384,15.747050803245667,16.003620840297362,15.944126724283146,16.52123012974518,18.021508177730297,19.84387996335394,21.310280805282694,17.256791967222647,16.231842932951267,15.178647535271383,14.124345117562088,13.75156965586111,13.584622041116933,13.278727687545972,13.757698826475306,15.50018196667381,16.403654867132506,17.435333607361805,18.807626378679473,17.611635074574988,15.952116630717066,14.5174572498079,13.253408052270931,12.060587464962062,11.547762423950363,11.049183363488906,11.705511949504814,12.04580366766784,12.514592961818614,14.225945768208172,15.70703437953836,17.656140603200914,14.47445840092126,12.786658437605972,11.221320866992441,10.10356714235126,9.381298950571823,9.260134988216965,9.543693048291107,10.044719707388554,11.089858294856613,12.554251072843812,14.194498265173024,15.973753754205678,13.356083295637236,11.359978036950599,9.613163319116138,8.224752215112623,7.34500108917623,6.725656101823822,7.237430552343836,8.167791929279296,9.667425303564544,11.111794184559036,12.97201187171828,14.80112715302453,10.226043614223439,8.13787244923389,6.651024357194912,5.077892870079084,3.9610766213240565,3.6658188716847424,6.455697793422489,7.9444232012148,9.791546200677399,11.835716497111612,13.935890534874332,9.249048870019015,7.21580549904167,5.099267790575428,3.381724116482597,2.2472854736325782,2.999529629791978,4.840574862555067,7.573918404630459,9.144500915851014,11.192549530826298,13.930544641183273,7.0290938249535415,4.633401558250698,2.2380795338861392,0.0,2.1896894757019774,4.039696275711826,6.489033980493553,8.826000509857225,11.017915093156237,13.209034067637194,4.976917620375085,3.2665021046985414,2.2135265979879253,2.9548084540287887,4.782870477025277,6.726818713180846,8.961386778841767,11.124443941159488,13.337327955778848,4.413590828339211,4.928252631511497,6.188004928892672,8.045466425260875,10.012650648055189,11.878562202556335,14.19431111396393,7.064386456020084,7.965631487835726,9.369303175797013,9.883464422964247,12.99932221310019,15.863030763381882,9.896752295576565,11.146251836379797,12.950204824635016,14.227164791341949,15.407661373485595,12.787658307915487,14.439620112731498,15.483644564507415,17.407657682755598
Q08,35.25759563555065,34.4666427143695,34.249346752894425,33.77014957029358,33.483335034013564,33.504016624876485,33.54061921014578,33.66105870289881,34.17090465586183,35.17362814666693,34.86790405229428,33.88082810381116,33.127564896925335,32.493092265895534,31.98102928299838,31.483083203523762,31.29707781886354,30.850322218738658,31.215531342586498,31.358080952124606,31.83564316925292,32.36901740862704,33.09332842129967,32.07295408907636,31.15890282086325,30.296994520909163,29.618928626808906,29.507375433948713,29.044907884171366,28.93200691276013,28.955792253019084,29.51987244213633,29.866160114751946,30.147777447102133,31.128369054609976,30.98423994549487,29.992529153107444,28.952023159012565,28.20819669883206,27.73505783300262,27.265761093356627,27.047672007032325,26.668126068398582,27.121086353610544,27.02663702719967,27.272962527015654,28.211788263064786,29.410772482204543,29.14203357694861,27.86504634842727,26.961788534887667,26.084528939584093,25.660274297053025,24.880012560286218,25.2896320653346,24.735523968576047,24.539832925266627,25.503143825810966,24.731352995742064,26.144443023327156,26.85148452134444,27.384999178382312,26.140067425314726,24.969329186023398,24.07714079786053,23.4427445705489,22.713451212882642,22.4382555917344,22.277498288631964,22.54068219908173,22.738411070257307,23.3554631082323,23.437898241949938,24.899101690623297,25.39387975477556,24.179138528905447,23.06725306576403,21.882829455991292,21.168370012828102,20.28880543551049,20.25517595578967,19.77121321517726,19.995599740943007,20.468917802365617,21.068978451742744,22.468228879909514,23.464614060324962,23.346865228548353,22.384569417346405,21.1320165152311,19.958598798512885,19.104574164319914,18.201725330308662,17.988111296075527,17.870366000728694,18.28585622824373,18.845868857656843,19.65110961243665,19.71976087583214,21.508929355037644,22.02213472849533,20.67913404860078,19.30642393090963,17.921696459877897,16.756031302190863,16.14344325105397,15.807619207205112,15.77203664718035,15.428311800064192,15.763529458848993,16.964778365778905,18.590680030595976,19.914712752133788,18.689555505682844,17.49611914111241,16.245107232640848,14.879724627828299,14.247479496388125,13.695587902678731,13.034762636887562,13.176252312398999,14.667368168829745,15.267052924516898,16.058850332449083,17.264011874416674,19.31102633212435,17.534913886301236,15.928050006199754,14.457312232915218,13.03122288966005,12.1565722553687,11.276326041756686,11.437727484076547,11.35371806942554,11.571092472191207,12.947769576262932,14.182176878039563,16.009188267991604,16.20825598267747,14.396756648634442,12.617457509339985,11.193281064996091,10.170593394684502,9.443035528896415,9.255662753147394,9.33258474378883,9.911662877640664,11.058001627780671,12.512306462039684,14.165361873245596,15.245462439690048,13.13832702439698,11.239175814978605,9.594264588805126,8.277295754049144,7.049815458577622,6.6732583495620785,7.287544785454152,8.269519212142868,9.430581424281327,11.108415908670327,12.841997702849818,12.20228912950353,9.963752104503605,8.313071935211436,6.318889142879467,4.580162879199822,3.370503819905861,5.033840084865628,6.217912189794899,7.8400319514655035,9.80881119198448,11.850619266519367,11.38527860880005,9.28986033264225,7.091107670879071,5.160286232371224,3.129104664276988,2.1703276250372894,3.003112552003338,5.450054311655986,7.029938335433676,9.037180146483747,11.773968319984558,9.216078341680912,6.822583821397872,4.4192239137658555,2.1896894757019774,0.0,1.8510326847465444,4.302330763667526,6.6385966137429975,8.829177594770648,11.021610454012608,7.04144679735635,5.141212308395754,3.3598630924488577,2.32604492647928,3.1173376461333153,4.7390304915668136,6.898649505519178,9.013748221467027,11.204433631380036,5.08054839559668,4.581900260808828,4.981171047053093,6.418577568277882,8.202203423471037,9.918489602757065,12.173988007222613,6.8367910601392525,7.1228542733934965,8.035132481795182,8.236201612393906,11.24276629660156,14.026590640636805,9.267163212116207,10.089625662035237,11.627615275713245,12.671356438834795,13.713011084368015,11.960862218084447,13.283997327611896,13.992886085436414,15.879866309260919
Q09,35.91128006629672,35.02233701511079,34.68423020624791,34.08024184186491,33.676978501641145,33.58048153317638,33.48778984943617,33.49104227998884,33.777127127688054,34.653546037887665,35.74416546794735,34.67265759932457,33.822962170691085,33.07266800546941,32.4348299209353,31.838673496237245,31.51214600753176,30.925222472926528,31.16518713243994,31.17492590207714,31.519330100749286,31.92058736928254,32.538644716705704,32.91252955942463,31.892931646369544,30.916948248493092,30.103354049009223,29.851755409020758,29.267396536077477,29.000858780387865,28.903084766162937,29.327195859815852,29.52775565463789,29.674993192922557,30.523711733666993,31.974156017008486,30.88441343137344,29.734658649461572,28.865926712995027,28.275505742603436,27.657849844122012,27.273299488694065,26.748935118991188,27.049480457117838,26.81446544311484,26.89914550687438,27.69888851560654,28.79092982173379,30.19528646991116,28.820638056781462,27.80449469060713,26.79482472418881,26.235117171455514,25.307230290966256,25.47257851101847,24.827659172785502,24.481000020424002,25.30733034122722,24.34344636652748,25.569766228888366,26.157304926157817,28.5058610464585,27.161933602010002,25.87648805382987,24.84602014407941,24.069700143541464,23.18420919505343,22.74085820720054,22.377554468708148,22.432167795378135,22.490029968855087,22.923331455091773,22.842961716905275,24.1203418922701,26.59573960242505,25.274052187965427,24.046668168376257,22.72767407809255,21.851332339241925,20.78383111940626,20.58529827328232,19.91087024717905,19.893202281181377,20.161343457220305,20.595561002313094,21.758106650166045,22.576776231340027,24.61906062383372,23.565585118982302,22.184314819259125,20.87571843075107,19.865326576726595,18.77037242571388,18.344672305604153,18.017537151342303,18.170747920765397,18.553064571655003,19.138699981973694,18.964713680939134,20.61206064419567,23.375398777347094,21.94301859362107,20.455015644090814,18.932764246142188,17.603789734031704,16.755563195547918,16.174164120596775,15.895166372202588,15.30973484420942,15.421920924450365,16.328421264776335,17.749562529820277,18.924623378022613,20.06335677298293,18.75897174687355,17.377294294567267,15.800477366206376,14.982220729918511,14.137667487955712,13.196214949749796,13.039552177893228,14.273026903919153,14.574626341693978,15.119640207359433,16.14427576573195,20.864415831745685,19.016858441919368,17.302860139294893,15.703277014687094,14.13260414785612,13.013148927142884,11.864344271808704,11.617964709879265,11.16047454188217,11.134918993867894,12.150291889497963,13.11149804560867,14.791893624549902,17.795263414740454,15.913508852544117,14.011139853702126,12.405676160532323,11.201122265201823,10.054061169497627,9.493104076117568,9.18929050580076,9.28946828403004,10.067579748877085,11.292488521136516,12.787673322383553,16.93341634166006,14.767305949292172,12.79021989646777,11.013087895772012,9.458316393523745,7.878571444113457,6.81844007086665,7.089949012510598,7.472119511892191,8.266894217298296,9.696861863510277,11.299934026356082,13.950130393655824,11.640141322166153,9.919278249953472,7.753620702613715,5.794944175744922,4.1994535358782095,4.4426339034406155,5.1195111094712935,6.3677767705848485,8.204977087109993,10.156750907647584,13.21746030824379,11.096188760110383,8.870231676794017,6.880165695679138,4.652576275570342,2.988024096288382,2.160070600698042,3.7524330773512804,5.325508895870891,7.2540689960876445,9.98301457476648,11.067108475116706,8.673066355101868,6.270054704705534,4.039696275711826,1.8510326847465444,0.0,2.4518800949475485,4.787635428893892,6.978321646355949,9.17060112533524,8.8136896360151,6.845950773997721,4.877902213041996,3.1139385029251945,2.380985510245705,3.2080679543924875,5.196009334094772,7.2375502070797415,9.399347051790354,6.156160654173996,4.992276034034977,4.487719799630988,5.291592198951087,6.786159812441791,8.304425928383008,10.480742817186194,7.099482375497526,6.805786728953531,7.161269440539157,7.008054580266909,9.834064266619372,12.510323936653279,9.035524998581986,9.422256629916212,10.658009617184627,11.45073796748489,12.341341296633848,11.460697753627393,12.44668650685796,12.820532009242049,14.6528895443868
Q10,36.97536304081408,35.967050615806684,35.47795649413872,34.71757802612388,34.16637418573999,33.91819488121383,33.656296424294815,33.504129073891775,33.487683780757365,34.187631286768024,37.08329458125316,35.911677724662205,34.94606212436531,34.0547453521532,33.26182490483647,32.54407095002099,32.03942137430075,31.274066141133616,31.34860579036969,31.18215087193313,31.345925062119317,31.565532626584965,32.034559151016886,34.2158984391759,33.070981857211315,31.95842876300398,30.97987212691492,30.55298900271461,29.816370805314317,29.352861564079234,29.09650152509748,29.332329348348726,29.335652881775108,29.29876476918438,29.960578398956187,33.462415110090305,32.25859254524289,30.98116177615036,29.963797039093695,29.23160702048384,28.43207291071124,27.838725635344733,27.13137139917553,27.230362190026042,26.81032004657908,26.676226588481363,27.27974891746623,28.216476108826914,31.764966755845975,30.27937202122924,29.13255177632059,27.968003504004358,27.24586524594145,26.141207106788315,25.996259192429974,25.239540566341535,24.698913538858346,25.336712592599696,24.12165825560092,25.08022115133756,25.49581355830796,30.161022296997825,28.706158659771948,27.29123027640931,26.10158663759734,25.158930362795633,24.088830274631437,23.439714076754434,22.822049776477137,22.60403194122677,22.474962513873077,22.654209343960783,22.34867262277561,23.354222423364902,28.35172264607567,26.911967783868946,25.556448149146235,24.08775466912597,23.02559734295725,21.74056356215266,21.34058173996201,20.43394611914204,20.102733271871266,20.093352383313242,20.295046316773956,21.111810841327657,21.666327722989884,26.46254851672454,25.310220583787885,23.78939469595643,22.334007253513644,21.14986874663765,19.838586769223255,19.160505891024904,18.576359842552577,18.38824765985057,18.527560254928332,18.803085943535972,18.286957018596613,19.70763202416769,25.314208658379982,23.78851834394063,22.18000597384951,20.514354242822268,19.012832850472336,17.90199480504896,17.035827687553077,16.46009920990758,15.5757511857374,15.387383565765818,15.863770831678071,16.963537897502395,17.90111510493131,22.03814885601783,20.620761794851326,19.106977913840797,17.313700615408596,16.298065468024113,15.12967897874902,13.8714543217357,13.340057158798084,14.193538846954272,14.066328056746011,14.232648804772777,14.960766958949666,23.027575208866434,21.11115792655628,19.29322650569365,17.56995870797652,15.863772060893966,14.499804584890102,13.080736867623322,12.364822521977418,11.452574383080862,11.100177881457576,11.555058329580167,12.065694219563165,13.475790329327626,20.00208679113257,18.057194687990712,16.044148715341677,14.274939474477641,12.907764484991194,11.35321461084921,10.395534089213502,9.642275250167877,9.082496848334163,9.25484143570272,10.053847074627702,11.241694934483856,19.242401747183223,17.025804562486908,14.984786184660761,13.100262478286457,11.3509261736653,9.490901959244969,7.792110176325794,7.629454829802716,7.135227676815926,7.262212335094588,8.17248175280924,9.48867751586068,16.320777248648422,13.954565202828785,12.183735757147723,9.905225388652195,7.838480592563842,6.084821279216013,4.856429964490377,4.58302454717406,4.90913118586171,6.3521499510008415,8.067017354636098,15.659153265742052,13.519776810287956,11.277380635590873,9.255133278348833,6.945395165143593,5.0410145804193025,3.130586047371961,2.058920590989366,3.3789686296265016,5.006574178018338,7.68562554383181,13.517777701974538,11.122071929276489,8.721552728728984,6.489033980493553,4.302330763667526,2.4518800949475485,0.0,2.337069318612522,4.530932906146371,6.720006026783011,11.182947598911477,9.170180478049492,7.107947242347822,5.0538742564492045,3.2357404098598517,2.092487514897042,3.1467610331895237,4.934121299684473,7.020580389113139,7.981992858929404,6.318708728846424,4.875731842503236,4.508911176769842,5.265123455342714,6.312649047745328,8.298621692787304,8.042603185536384,7.064854209394558,6.570251745557395,5.82690526780726,8.175594901901635,10.608992836268671,9.225210024709463,8.97843126609543,9.695034244395426,10.060555253066305,10.682829072862674,11.160462938426884,11.622456926140876,11.472241149836416,13.183337968815032
Q11,38.01345031696018,36.89851678590889,36.27162750690959,35.36912932205146,34.68235715749436,34.29312853911115,33.87293128738639,33.574053910721,33.26807959591295,33.794171331754825,38.373656614922695,37.11385673842049,36.0452684412254,35.027846351153244,34.095423343903505,33.268565177957406,32.60099791417434,31.67296263376699,31.591424311037326,31.258906762713245,31.249207941962304,31.29271674048132,31.61475366027703,35.48234734343262,34.22731599176307,32.99466872087065,31.86965377910466,31.28368408611748,30.410280843819905,29.766027027468745,29.362364516503092,29.41838153264044,29.23320695715747,29.019011871530015,29.494947448673305,34.89919428869383,33.59609054637161,32.208038530776754,31.06052240384891,30.203153875050862,29.24199687093889,28.4602317980722,27.587958405797263,27.497379729712428,26.905432313939873,26.563135997091912,26.972299457035543,27.75090357087495,33.28052526628749,31.700374776964388,30.440954847047752,29.14286027485978,28.278291603277594,27.020550882615254,26.592391487040047,25.738247356803456,25.021379358460635,25.47574520990505,24.031811583815315,24.72179851871623,24.964982876020564,31.758352051074688,30.209691987837278,28.685630705982394,27.36053219511638,26.275255127210468,25.047361637505855,24.21765705017725,23.37308976151848,22.903845463153125,22.599755773016664,22.533695169678676,22.01230067484996,22.738611259265593,30.044620317121666,28.505737124305345,27.043456232515844,25.451352694896197,24.23286437877289,22.766093758042903,22.1900102298309,21.083583400361523,20.46778058315068,20.197156953393215,20.172740666552972,20.6396162755028,20.923001744491636,28.238792201508904,27.00418791595111,25.36888497746797,23.794796258846176,22.468825091668677,20.98157139015093,20.089297772694795,19.283285871448363,18.785802005770208,18.695054800668547,18.66845408704213,17.822696204558948,18.993693295407294,27.177501007267022,25.576255902692246,23.87154867200702,22.093733885425525,20.457871345768112,19.135094068229716,18.03486334852582,17.207175973994104,16.070517664344234,15.607114787813922,15.657338790484161,16.412714613981443,17.090725701385534,23.943680920025642,22.43676558686657,20.821211107906286,18.863070799845925,17.695236110320767,16.273183615998438,14.770510146910972,13.92252053329425,14.400846919539143,13.861086609642118,13.637435426061602,14.035179264975564,25.091756435132236,23.12148978764128,21.223392612869414,19.40800953214935,17.60596276833505,16.062018428578646,14.450675070736315,13.36566365729738,12.091013067563859,11.456215780090737,11.347517173373213,11.367297743967121,12.440219933747152,22.110826149196686,20.119240169549148,18.026222039018602,16.141959856225636,14.665821661263989,12.829128770107502,11.590192578210251,10.501058851373037,9.384600151311723,8.939003579818054,9.224277749504294,10.007979316525388,21.439617393974174,19.185414459948475,17.100141578361274,15.144103869163075,13.269866766475088,11.247635351486107,9.165168192673825,8.683622400818681,7.473291711153793,6.89486163748048,7.10786332170224,7.990397361833766,18.57515967629888,16.167747183822488,14.36531447619578,12.023191298486438,9.916796912309943,8.122386902875286,6.120981375563889,5.121611953281897,4.319158482852881,4.9825720265742275,6.242492611128987,17.97889006585223,15.822986949372106,13.569281078966563,11.528039946148693,9.181699461428696,7.199612559020103,5.040224201362475,2.374310215620528,2.432020559123627,3.0804691201179084,5.562089625311696,15.854508664730043,13.4591249715574,11.05768443210422,8.826000509857225,6.6385966137429975,4.787635428893892,2.337069318612522,0.0,2.195792795324732,4.383083161428722,13.487497618164758,11.457442864793173,9.364404145486247,7.23433701177931,5.171604489904463,3.22372222748797,2.299854778024039,3.0470093534480656,4.869897740199479,10.024652861820202,8.149460166170517,6.276522126145975,5.019681364389577,4.7400067510500445,4.922929717150144,6.478071086365138,9.538164026687735,8.124393885084597,6.932721038668728,5.649174275945113,7.143274109258303,9.136336793266763,10.07787561939519,9.272864552014118,9.410245692860522,9.265796511903334,9.528741889672528,11.476883287722325,11.395066739602713,10.668766470403222,12.184741154411117
Q12,38.97919743914695,37.769665990050804,37.01818174897303,35.9879503306315,35.17857995996996,34.66020641888908,34.09445561964584,33.659707693323774,33.08246789464172,33.44131651116624,39.569565324880685,38.23226307714468,37.072572085033435,35.94307902781841,34.8862409124285,33.96251794257899,33.147906917330396,32.073841927651884,31.84780218476622,31.361903418000633,31.189290485677933,31.06607662708634,31.24672912482201,36.66377974241063,35.31226090184541,33.97453331541141,32.72049648156336,31.99177125449605,30.997129173521863,30.189764109711092,29.65190314296875,29.539997461069625,29.178868124037983,28.798146954274678,29.094173317006277,36.237001476391505,34.8474123286077,33.36362096655578,32.10257787156664,31.135434636439555,30.03208845551704,29.082656618679113,28.064291635457323,27.799233550585527,27.051227144068715,26.515861290933017,26.73800007479991,27.360489487580445,34.693823311938395,33.032812126732416,31.67627291838483,30.263251923744082,29.274518783406158,27.885424221266565,27.202865529204825,26.26543624233186,25.391924641507583,25.67279844504685,24.02617010678148,24.45549050826828,24.531234783434773,33.24934593341649,31.620895180244343,30.004505078404478,28.5640924938987,27.356983203562486,25.995304672190322,25.00925478697836,23.96617042833502,23.271295301293392,22.808121733277382,22.5128844886656,21.79159051102053,22.241511099743203,31.625851956903865,30.002926940550317,28.4510491370705,26.75680735812851,25.406918782095556,23.789354867251028,23.061537242777206,21.78665162433181,20.919849425844347,20.411863731663505,20.17604054317893,20.30310523048137,20.31890006865529,29.89911746189175,28.59506343759356,26.864755144985036,25.193900472138093,23.75178050168029,22.121895217182455,21.05019840761602,20.056876027936156,19.288038910163987,18.988152622095704,18.67994271939826,17.531236180030202,18.441154763192024,28.91788299651273,27.254273866680066,25.471431722618185,23.60462931291233,21.863187919422913,20.36933727444268,19.079060616288213,18.04287740356288,16.701501369637402,15.999130788889751,15.651897265188012,16.06027761279362,16.46949656182605,25.729766302864082,24.150080082682955,22.4542933533879,20.36836552107213,19.082196545471383,17.462616441988295,15.776228446621836,14.673273254458255,14.807160767682642,13.897706861205558,13.301278021303066,13.355061999107305,27.015122006017297,25.00132684478966,23.039229240580077,21.15289682289402,19.280962864960866,17.601440906925774,15.852287279758716,14.483539795229618,12.936311877811233,12.078126096377698,11.460580264541582,10.99814257045252,11.686168319855744,24.079147680098647,22.051471356805195,19.897776182277255,17.92861874211173,16.376186644026745,14.339330981604407,12.903697532102958,11.578344657160626,10.04592902622749,9.06476899871144,8.817002778722484,9.122311329920723,23.487639728163405,21.20388120132727,19.086013727334475,17.078771033069092,15.118055761241258,12.995537580261926,10.679047616711895,9.981649162337856,8.282428689702074,7.130147333681121,6.594361000127305,6.893776903845961,20.678304113248746,18.23825323324578,16.413909284506236,14.031480499220315,11.910807067533248,10.108913937708639,7.699050915534979,6.3169271802039955,4.731412051385929,4.365610381149468,4.8264753184907105,20.14576407089093,17.974003282518893,15.711852373288135,13.657653422165902,11.290769017210476,9.272104669383321,7.028879996130251,4.051546494858476,3.174077818831794,2.0644689389768014,3.714467525770013,18.045008977553877,15.651316526094538,13.24708696280054,11.017915093156237,8.829177594770648,6.978321646355949,4.530932906146371,2.195792795324732,0.0,2.198737819750231,15.675030143511687,13.638543360637895,11.53443839118316,9.379114350513058,7.248118721433859,5.149068750754839,3.3903902430251303,2.3830232898568156,3.2029814236114453,12.085062225739675,10.116288301546176,8.069086689334798,6.392301385260241,5.357128521885582,4.546024746962999,5.277273633231463,11.282648315001227,9.631155797722307,8.017549313848965,6.4327213525847675,6.9194173887690855,8.251904265077243,11.368005321955122,10.162257672387568,9.788010727415454,9.149000874412463,9.005528302104214,12.297968775370997,11.73893964547054,10.475214556275208,11.729359104401228
Q13,40.305551987288304,39.01655347413454,38.15720036899982,37.01555523020018,36.09731701941295,35.46153810820958,34.76127247383214,34.19851075704906,33.35810609132359,33.5471128116862,41.09017133086695,39.69037288814505,38.4558914212114,37.232814478628924,36.07031739533214,35.0637371795991,34.11982680202231,32.916309027592995,32.5566083000057,31.927260609078253,31.597645244543145,31.310058655326724,31.347092129893003,38.17771152125282,36.748433898603075,35.325014281667315,33.96362009562585,33.112252052676816,32.013323866790216,31.061363540578835,30.401875994747428,30.132045433392005,29.602950005024834,29.059896008072705,29.172370369923662,37.879714729654445,36.42260366860118,34.86343327901026,33.511020426122506,32.45384122103268,31.231875271907704,30.13884038910588,28.994124663455526,28.570337379877053,27.680226913809793,26.962772928614,26.99896664689225,27.459643570155823,36.39944285287894,34.67733630197106,33.245653700897506,31.74245196893271,30.65353646808146,29.158506477527272,28.257482920458433,27.25085916076776,26.240781943379663,26.358948461575626,24.53138287989489,24.70088986251305,24.606002032024627,35.018096307480796,33.33067374056516,31.6452181063743,30.116510621252257,28.81421749761739,27.34715782307185,26.233595578951814,25.02429517488954,24.132233568403898,23.526208215519986,23.01623774642589,22.106024178942718,22.27071907236046,33.46588949960841,31.78241666393542,30.16526885343474,28.396213902561023,26.94685009421324,25.214456587442054,24.364965421686936,22.95581732371993,21.876651754781854,21.158062411288988,20.725904274602833,20.51724762242733,20.25606921394178,31.80014278269832,30.447546321501836,28.65029544350285,26.910890081898074,25.38451900273078,23.650257842146246,22.440621136679795,21.29970375380841,20.305069440905637,19.821754210967303,19.255469145154578,17.827237867936805,18.456287519433587,30.877339474119204,29.172322842036422,27.337043914805417,25.41039466438882,23.597029007906904,21.98086470091657,20.550822124674234,19.355659869919187,17.859221595579132,16.96104389476072,16.25749845455936,16.319348179385106,16.442602135915106,27.725098557083616,26.098656210617435,24.351156071119085,22.181598905399042,20.815679498877763,19.059641051184567,17.248557736808028,15.95829677628537,15.801248115259755,14.57803717926388,13.636603866065775,13.331290447664847,29.09786371883682,27.05882850383586,25.05845494039886,23.12936670123071,21.21614821309467,19.45129944245371,17.616897002593845,16.05597424636699,14.32492362981388,13.308129320081015,12.275392783939745,11.37239622946721,11.63143851808537,26.191193653592805,24.144408648794858,21.957471279726178,19.9404229142714,18.345195147503883,16.18966278215825,14.634999487529885,13.164225195582153,11.36180029748807,9.983488218052846,9.254065160782044,9.030007973418407,25.643285358939483,23.345754432016115,21.212558544409486,19.18024035302999,17.175348438969152,15.003646656729822,12.567531579431181,11.746634922393731,9.768945951329652,8.250957823186349,7.091254120393655,6.708,22.859885673379907,20.40720522266584,18.57435506282789,16.176094367924538,14.052965985869317,12.252756628612191,9.669548128015084,8.126714526793714,6.1987188999018175,5.0709559256613534,4.472,22.344421272433976,20.170736476390744,17.907075277666088,15.85013012564881,13.478553371931277,11.450677403542551,9.186547229509028,6.159557532810291,5.034394700458041,3.1621815254662407,2.8224608057508966,20.23758594793361,17.842026930817024,15.44056737947152,13.209034067637194,11.021610454012608,9.17060112533524,6.720006026783011,4.383083161428722,2.198737819750231,0.0,17.825158905322553,15.778103086239485,13.659821558131716,11.479202846887933,9.297617813182042,7.132337975727174,5.08079698472592,3.1969685641244583,2.2218933367738427,14.085317497309033,12.041603921405155,9.879978947345991,7.9517528256353645,6.44152544045275,4.885816717806758,4.518325464151515,12.997077556127762,11.172603009146973,9.268051844913256,7.540662039900741,7.071029981551486,7.581035549316465,12.680656804755818,11.154657547410409,10.327628672643106,9.241696002358008,8.68605894522942,13.162443086296708,12.169706652175309,10.423994244050599,11.359085218449591
R05,35.89963717086845,35.516509696196216,35.7662166017039,35.75684265983225,35.88821090553275,36.30756925215457,36.767550394335494,37.255897466038846,38.42832559454028,39.775663916520614,34.58638243586629,33.98759847356091,33.655325180422786,33.501621990584276,33.48617095160329,33.364644116189815,33.68239791048138,33.722652001288395,34.48607745163256,35.040559185035846,35.90801098640803,36.81260383346986,37.820753892538946,32.026856932893054,31.58556594395611,31.21236248668146,31.08002574001508,31.487849624894995,31.46917738041463,31.87664394192086,32.290996051531145,33.27328303609369,34.042834268021814,34.69904600994097,36.02056686116975,30.30505822465946,29.785195852973672,29.250173777261562,29.04550891273899,29.04895027363295,29.150028147499274,29.52671553017707,29.644139673803995,30.567699357328156,30.90260830415452,31.609353204391894,32.91042099396481,34.37113464813171,28.231118610497884,27.45214164687338,27.08212967991993,26.79542783759946,26.925761641966602,26.732728442865685,27.978033329739244,27.744266308554636,28.031714057474257,29.37518221220083,29.17317480151929,31.049988373588807,32.04714417853797,26.216991074492128,25.496196932091657,24.899236634885014,24.642608506406134,24.611952380906313,24.511671607623988,24.84713474427182,25.364698716917573,26.25865436384736,26.854691228908216,27.956889133092044,28.458905899559806,30.3368164776728,23.90811314177679,23.28410155019944,22.774156164389492,22.25327773609991,22.2490291923041,22.140488364080863,22.691002666255187,22.862505921267687,23.808935171485516,24.83645636961924,25.851263528114057,27.794885572709234,29.179174936930618,21.596515112397185,21.164654048672755,20.622269831422535,20.148291863083582,20.020232890753295,19.934527885054113,20.488208828494503,21.058154952416892,22.225798635819594,23.24508640551805,24.58175359896035,25.221617791093415,27.280507198364184,19.900557806252568,19.138761349679868,18.46644188792199,17.860938077267946,17.524863822580762,17.901721062512397,18.458497663677832,19.191736789566495,19.561722879133114,20.452316445820998,22.29226686544013,24.311717031094286,25.91261794956272,16.688039309637308,16.227987983727374,15.783618849934257,15.556086911559733,15.761761481509609,16.324030170273517,16.607638543754497,17.541474339404882,19.5517268802528,20.788778559597965,22.049710859782266,23.558821553719532,16.116306059392144,14.96904706385814,14.199278925353921,13.64642524619543,13.17247603907481,13.514668327413736,13.776366502093358,15.157780213474531,16.037609204616505,16.77645969804118,18.787257649800836,20.46341462219832,22.491053865926336,13.0402049447085,11.961227069159753,11.279580887603936,11.162232214033176,11.236417801060977,12.240639239843645,13.176043867565104,14.153753035855896,15.623082922394032,17.31865332524443,19.068120935215404,20.906591735622523,11.346430716308983,10.045707541034627,9.152117241381909,8.868666754366183,9.267302735963685,9.857763488743275,11.387566026153262,12.548836201018801,14.406922537447059,16.003446285097468,17.93096386143255,19.777138974078127,8.108856207875437,7.179129821921316,6.787777544970076,7.013120917252175,7.417754714197552,8.099416336996141,11.289168835658364,12.879391173498847,14.76828392197279,16.8072624778695,18.88569622756863,6.097701206192379,5.070987674999812,4.461326820577035,4.897359390528737,6.2275071256482715,7.826797876526517,9.816375094707823,12.491419334887448,14.070871046243015,16.064027452665783,18.796016625870493,3.4057135816154593,2.090895741064102,3.2510258381009525,4.976917620375085,7.04144679735635,8.8136896360151,11.182947598911477,13.487497618164758,15.675030143511687,17.825158905322553,0.0,2.070533506128312,4.212285009350626,6.432497493198112,8.684365549653009,10.877059575087378,13.152855355397168,15.387269088438014,17.636306642831997,4.869754921964759,6.924517383904816,9.122113022759583,11.392378197725003,13.558837708299336,15.685232959698112,18.09717848174129,8.025277876809001,9.881494623790472,12.003173122137328,13.093261549361946,16.256284600116967,19.210111139709735,11.045649324507819,13.016466225516048,15.22912380933322,16.952952810646295,18.41141086391806,14.002512703082973,16.246138802804804,17.995972271594553,19.927709075556074
R06,36.27868335538102,35.77606959966396,35.89000653385284,35.74103358885974,35.74693895986061,36.04607465453069,36.3762870150322,36.75010455767439,37.71116530949421,38.94649258919216,35.22208780012905,34.511378543894764,34.057624168458965,33.76443343223754,33.60359233772485,33.369985316149005,33.53794233401924,33.42979193773123,34.072831479053804,34.499382153887915,35.24421972465839,36.0292331308897,36.94432202653068,32.58478000539516,32.00681716447294,31.490856403089452,31.198433117706408,31.454544043746683,31.30247635571346,31.553245918605587,31.848413225779396,32.702873344707804,33.338840291767795,33.87351444713111,35.08314512696944,31.031659527005644,30.376818743904042,29.695196598103202,29.334190443917144,29.198851090411072,29.132263901042773,29.33295731766574,29.299682250836785,30.082238164737674,30.283123567426134,30.844131321857645,32.0297392590074,33.4057870734997,29.010425867263653,28.08745271469095,27.563892486367013,27.10561406793803,27.07562972490206,26.70823904715547,27.711486174508938,27.37856888151753,27.518507663025623,28.749672293784496,28.363093713486194,30.09295513903545,30.99332284541301,27.054684252454326,26.18268719975091,25.418781874826337,24.977788633103614,24.771597627121267,24.48559711340526,24.642112287707803,24.95854422837999,25.663851036039,26.137750668334107,27.08872342876275,27.452719828825707,29.192244740684128,24.816747429911118,24.023099966490587,23.338273886472408,22.62199675095017,22.411686259628034,22.075572608655023,22.458217760988962,22.43394374602914,23.16669214626896,24.026642295585123,24.912675588944676,26.680782840838834,27.930712289521008,22.558459965166062,21.974572669337622,21.225247466166326,20.54473484861754,20.20436551837251,19.878042282880877,20.211610623599494,20.58180470707076,21.53071280752219,22.413933278208894,23.586910204602894,24.0354836231768,26.005202748680887,20.948373922574515,20.015960656436153,19.13599595004138,18.296887713488324,17.71371155348308,17.806971443791333,18.108867468729237,18.622464391159404,18.77937605459777,19.505435883363386,21.150671502342426,23.043721400850167,24.548130845341362,17.66217599844368,16.985025198686046,16.298377986781386,15.73295690580763,15.697125851569133,15.943317847926133,15.952200005014982,16.661875794759727,18.53383999607205,19.571395274737057,20.67334752767437,22.07077511099236,17.415781636205708,16.07581702433814,15.050083621030149,14.214244862109277,13.44427975013909,13.436867231613178,13.371004188167769,14.429744626984913,15.037661054831633,15.625431226049411,17.446413528287124,18.969886794601596,20.922115691296614,14.283762879577637,12.965656558770945,11.931485490080437,11.411829169769412,11.158905770728598,11.6966241283543,12.338844556926713,13.077303774096556,14.295510519040585,15.81674884418413,17.457213666562026,19.214482168406203,12.765810471724857,11.190805020194036,9.945723151184131,9.210286043332204,9.099387726655019,9.191857810040363,10.263900671771916,11.305123307598196,12.9239320641978,14.372543059598048,16.19126109974143,17.971589384358857,9.497005212170833,8.08579618837873,7.222031639365754,6.714836706875306,6.5118676276472325,6.772334900165526,9.721259692035801,11.192913472371703,12.962321589900476,14.949912942890336,16.97946221174275,7.793335165383303,6.330213345535836,4.983316164964852,4.507245056572806,5.020750541502735,6.25652699187017,8.041135056694422,10.56909702860183,12.14988991719678,14.097249696306013,16.820167240547878,5.158176809687702,3.0736066762030565,2.391559323955816,3.2665021046985414,5.141212308395754,6.845950773997721,9.170180478049492,11.457442864793173,13.638543360637895,15.778103086239485,2.070533506128312,0.0,2.142000933706613,4.362124826274461,6.613865586780548,8.807391100660855,11.082478648750017,13.3170726888457,15.566104361721337,3.152335642027987,5.004340715818619,7.120015800544265,9.366212147928318,11.523456295747383,13.632329368086731,16.04077703853526,6.406492956368562,8.077789611026025,10.0886364787319,11.095913887553381,14.269024423554681,17.219679817000085,9.468677309952009,11.280692975167792,13.420900007078512,15.061953990103675,16.47489875537935,12.458186746071837,14.562446257411562,16.15540915606906,18.095310165896574
R07,36.74445114571723,36.121904545580094,36.09647690564828,35.80422737610742,35.68008308566559,35.85286948069847,36.045939757481705,36.297841767796605,37.03173969718409,38.144178703964776,35.95024429680555,35.12943388385301,34.55463853088323,34.12087374320886,33.81197991836621,33.46396473820758,33.47607742851602,33.21347691826316,33.72753653915447,34.017324248094525,34.62928621845966,35.28409998852174,36.09676010392069,33.24416303653921,32.530965017964036,31.87258874016982,31.418054443265582,31.516817494791567,31.227055736972705,31.31284068876537,31.481169689196747,32.19660592360629,32.687696645680006,33.09014513416343,34.17537417498161,31.865412613051163,31.078931529253058,30.25352265439514,29.736410492862113,29.4604633534505,29.22199021285169,29.238993228221798,29.047994009914007,29.67766434542988,29.734941079477526,30.137184622986933,31.193524728699703,32.47312775203522,29.904743252534374,28.843692412726913,28.169895083226702,27.541714725121963,27.349097407409992,26.805020518552116,27.550372955733284,27.115149160570738,27.09792169152461,28.20249061696502,27.61908428967188,29.181509368091294,29.972812897691135,28.015410402134034,26.999572311427457,26.075009338445117,25.452562798272396,25.070196748330478,24.59599841437627,24.565581328354515,24.668055659090765,25.16736891293963,25.506737972543647,26.288141908472724,26.499279424165483,28.07895263360085,25.858153781737784,24.904442414958822,24.052756432475675,23.14808408918544,22.73204093344898,22.165879590036578,22.370383568459438,22.13961264340458,22.63700538940608,23.308385186451677,24.047378588943953,25.612021728086987,26.707321936128302,23.664650177004518,22.938871899027642,21.994704499037944,21.11714871851785,20.567780872033815,19.999497218680272,20.100000099502484,20.254158708768923,20.95751440414631,21.684295722941986,22.66791214470358,22.900178099744117,24.759900363289024,22.146898699366467,21.060228227633242,19.989793220541326,18.93294028934756,18.112076772142945,17.91509977644557,17.945817702183426,18.21706727220383,18.138646283557108,18.673453055072596,20.084604775797803,21.82171395651588,23.208881748158397,18.819474833267797,17.946587558641895,17.038017284883825,16.149972910194,15.869974921215219,15.780694027830336,15.491464779032356,15.939983343780506,17.631961121781092,18.431601693830082,19.34180658573547,20.60188423421508,18.87284615525703,17.371546419360598,16.12530474130644,15.039390712392573,14.00095889573282,13.6437137539601,13.235811913139292,13.916627824297091,14.203838143262546,14.606487360073949,16.182264025778345,17.512683889113056,19.364683137092637,15.721828456003456,14.213130056395038,12.884467004886154,12.001632263988094,11.432805867327582,11.458268630120347,11.751245082968868,12.191769764886475,13.08570338193557,14.375626595039257,15.869876149485226,17.51930480926683,14.372543859734781,12.59311816032868,11.081409883223342,9.970631123454522,9.36927302409317,8.919444040970268,9.400164094312396,10.259532201811153,11.543096464987201,12.786070311084638,14.454103915497495,16.1445670428166,11.130482289640462,9.385249064356257,8.175611597917309,7.017831003949867,6.148008132720711,5.826429438343864,8.295601364578701,9.574240857634615,11.163182028436157,13.071476312949505,15.032039548910188,9.682566860084158,7.970418621377425,6.207967139088286,5.012265156593374,4.446590604047105,4.987030579412964,6.3614955002735005,8.630248432113644,10.202522286180022,12.081498458386692,14.78718019096271,7.1375696143715475,4.8501804090157306,3.0827422856930484,2.2135265979879253,3.3598630924488577,4.877902213041996,7.107947242347822,9.364404145486247,11.53443839118316,13.659821558131716,4.212285009350626,2.142000933706613,0.0,2.220216430891367,4.472232775694932,6.665541988465754,8.940570507523555,11.17507892589578,13.424112670862085,2.216257205290036,3.2526939603965204,5.125969664365953,7.310581509018281,9.445868144326385,11.523513526698355,13.925041902989019,5.130103312799851,6.417000623344212,8.212683483490641,9.081168482084228,12.25908650756654,15.199033686389408,8.113905224982604,9.657734413411873,11.67093282475741,13.186220155905179,14.530866629351465,11.080769152003844,12.971940988148226,14.3434799473489,16.285745239318953
R08,37.378483824253756,36.637396809817155,36.47076300271218,36.03305489408302,35.775242417068256,35.81600314105414,35.86457095798024,35.986694985786066,36.47536045058363,37.45164797442163,36.84769292642349,35.92073877302637,35.22755809022249,34.65447393916116,34.19700099423925,33.73369053335256,33.585299060749776,33.16316622399013,33.53956043242069,33.68324574621632,34.15076322719596,34.66283255880858,35.361538668445974,34.08309723308608,33.23878854591424,32.44099412780071,31.82502763549468,31.76284776275578,31.332610567905125,31.246132256648984,31.28015207763543,31.844558530461683,32.178096976048785,32.435723793373256,33.3810358886599,32.88031401918175,31.968481540417272,31.005219076794152,30.335472371466377,29.91975253908361,29.507989104647574,29.335827958317456,28.981464024441554,29.44633933106117,29.35011604747075,29.579008942153557,30.489496191311527,31.657899124862976,30.986030303993445,29.796054789183078,28.978923444462183,28.1864695377055,27.83242023252739,27.11285130708314,27.587548151294634,27.04813355852858,26.864889819241768,27.827296850394937,27.034190204258014,28.404266475302613,29.070962453967706,29.16856439730965,28.019794610239384,26.944945073241474,26.148691324806297,25.59395756814487,24.933519867840563,24.711748966837614,24.590191316864537,24.86672702628957,25.058517933030277,25.64942295647214,25.690058096469926,27.08217956516794,27.09804690378995,25.998026559721797,24.992084766981726,23.9114342940778,23.296113409751424,22.503974604500424,22.52403165510118,22.079979732780554,22.32164191989469,22.781943661593058,23.352669783131862,24.67885280964251,25.59264570145103,24.976753852332372,24.123079509051077,23.00183360082409,21.942993802122807,21.195187307499786,20.39201632992677,20.253257639204612,20.179550094092782,20.611731344067145,21.159949952681835,21.924180303947512,21.909485525680424,23.630707331774897,23.55279093865523,22.331837586728057,21.093489516910186,19.842134285403876,18.802660769157114,18.32126897897632,18.07435420699727,18.08624253403675,17.75376945890647,18.06868406940583,19.197612611989022,20.739178021319937,21.980117401870263,20.21143042933874,19.169725558807563,18.067565635690936,16.887536706103706,16.373879839549332,15.946187788935637,15.347359186518052,15.50036676985419,16.96209444614668,17.476969130830437,18.151386200508213,19.23680870102939,20.52895615953232,18.89819001915263,17.47082510930723,16.176049270449198,14.910081857588844,14.227382752987284,13.487362455276422,13.750497772808082,13.672612515536304,13.85188391519363,15.108732110935055,16.18801562885334,17.900977850385715,17.384591827247483,15.731329536946328,14.171988745409022,12.987862795702764,12.142990611871525,11.658440418855346,11.566024900543834,11.653126147090315,12.134218062982056,13.110756843142198,14.399834026821281,15.897186983866044,16.185323289943888,14.260318650016204,12.559676508572982,11.168213554548462,10.1567878780646,9.200198965239828,8.997883528919454,9.597668571064538,10.413985644315053,11.359513589938611,12.804222155211148,14.361208653870328,12.995311654592975,11.03159539685897,9.59885347320189,7.977189041260085,6.562327407254228,5.621638284343809,7.229545283072788,8.179386590692483,9.470599664224013,11.242008717306708,13.092778543914964,11.742738692485668,9.888665228431995,7.9176307693652905,6.328576538211417,4.907143058847989,4.474226301831412,5.033539112791317,6.76903575112438,8.302422056243588,10.060340451495666,12.729282187146296,9.272976922218668,6.9225848496063955,4.8215633356827325,2.9548084540287887,2.32604492647928,3.1139385029251945,5.0538742564492045,7.23433701177931,9.379114350513058,11.479202846887933,6.432497493198112,4.362124826274461,2.220216430891367,0.0,2.2522160198346874,4.446513353179095,6.720364573443915,8.955006755999683,11.204025705075832,3.0430065724542894,2.267519569926575,3.2441137464645102,5.240675624382795,7.321859873010409,9.347054562802125,11.736577908402433,4.525228502517856,5.0646792593411085,6.4261967756986715,7.058520666541963,10.219750535115816,13.133614354015425,7.102182270260317,8.206290818634201,9.998444879079948,11.324815274431632,12.569134974213618,9.91689275932739,11.490655768928072,12.556904475227961,14.487856052570374
R09,38.18259289257344,37.328572139850195,37.0240333432218,36.44400087805948,36.053757931732996,35.96146348523653,35.86308052858817,35.85174842319409,36.084227981210844,36.914172955654855,37.90672005067176,36.881134540575076,36.0764179208524,35.37040255637473,34.76943629108761,34.19435851131002,33.88690617332896,33.30620790483359,33.54103154346926,33.53417726737903,33.8500010339734,34.210620134689165,34.786398548858145,35.095131428732394,34.12853259371109,33.19956483148537,32.42920728294172,32.208941382789966,31.64111199057328,31.38184166042522,31.279112791126284,31.68550446181976,31.853751584389553,31.95809607908456,32.75092087254952,34.06291674240479,33.036267237688946,31.946058802299852,31.13313548295449,30.584234647935855,30.005104399085166,29.646324375881743,29.1298574318516,29.424282778004972,29.17045294471788,29.21714607897219,29.968734324292043,31.013005078515047,32.237331542793676,30.931713984194282,29.98343684436459,29.038928423755586,28.53166950951171,27.645674182410527,27.849027631140014,27.208352394071934,26.857447272590893,27.666909567206815,26.65971307047396,27.816783512836274,28.34574333123053,30.49320976873376,29.226527830038243,28.01708139689072,27.06181799140627,26.34634215598059,25.510568790209284,25.102559630444063,24.757879796137633,24.80478961813625,24.8419053214523,25.227653418421617,25.08553304197461,26.26493893006416,28.51032656775436,27.282071952108037,26.139829111912725,24.902642530462504,24.10407046537991,23.10184494796898,22.941317072042747,22.289057629249378,22.26745277304973,22.50296322709523,22.889634881316912,23.94703282246049,24.65464915588944,26.463360519782817,25.49924928306714,24.224436670436734,23.00723938242048,22.08134751322935,21.06361652233538,20.694196142880255,20.394705415867126,20.544638716706604,20.8997648072891,21.42174654410793,21.137121398146913,22.689950021981097,25.129123343244586,23.796175596091068,22.416759645408163,21.000982310358722,19.77266125234537,19.031077163418782,18.519657475234254,18.273116920766416,17.685000452360754,17.76272966072501,18.569106629022304,19.87550094966162,20.939930897689226,21.793772803257358,20.613367143676456,19.35167623230608,17.92479458738649,17.204313703254776,16.462732276265687,15.56960362372787,15.415037495899904,16.603684922329744,16.796616831969466,17.193651037519633,18.063920393978712,22.334001432793006,20.603187641721853,19.033766968206795,17.574448070992158,16.129464219247954,15.170047231304192,14.139484467264003,13.98774220523098,13.532969666706565,13.464841811176246,14.333132421072513,15.09949936256166,16.624839638324335,19.21091491834785,17.452300478733456,15.722080905529014,14.307406508518586,13.245836175946009,12.315022127466925,11.85112353323515,11.568100967747473,11.57322102960105,12.151575782588857,13.162791839119846,14.449381197822971,18.137493349412978,16.111738484719766,14.283210598461396,12.69764564791442,11.384210337129229,10.031674835240624,9.18106077749189,9.468850246994089,9.704577991855183,10.244971449447773,11.36577397276578,12.724413424594472,15.004526050495564,12.901133051015325,11.333290122466645,9.426934284272908,7.68118024785254,6.306580214347552,6.791595983272267,7.2416496739348,8.056544234347628,9.587745563999912,11.25861026059611,13.89496401578644,11.957555477604945,9.880961188062628,8.102135274111387,6.236951979933788,5.054773981099451,4.521314078893436,5.213080663101234,6.614002494707725,8.141341965548431,10.729063705654841,11.480046428477543,9.105815504390586,6.889122585641803,4.782870477025277,3.1173376461333153,2.380985510245705,3.2357404098598517,5.171604489904463,7.248118721433859,9.297617813182042,8.684365549653009,6.613865586780548,4.472232775694932,2.2522160198346874,0.0,2.2022116156264366,4.469001790109286,6.704296010768021,8.953139616916514,4.853197090578539,3.0830322735904017,2.106783567431643,3.3161483682127373,5.230104109862441,7.15503528991996,9.522452730258102,4.9235639530730175,4.426601969908748,4.947521399650537,5.148263493645211,8.224632271414935,11.080214844487447,6.658010814049494,7.1096174299324995,8.525253368668874,9.564666016124137,10.65820270965044,9.103485760959918,10.226582664800594,10.877815083921954,12.770611888237775
R10,38.83542558026112,37.87341730026484,37.434943902722765,36.717782177032426,36.199527193044936,35.977515200469306,35.735820306801415,35.5940011378322,35.575005621925065,36.25899349127055,38.81078258680183,37.69123910141453,36.77976283229679,35.94616092157826,35.20725430930393,34.52533078769847,34.063852541954205,33.33076370262164,33.426139486934474,33.27200037569127,33.43792867388768,33.64872006481078,34.101901706503114,35.96151479011973,34.87863593949741,33.82520795205848,32.907610441963115,32.53426693503329,31.834939924554593,31.408258181567472,31.172346799687702,31.422021784092763,31.42741672489166,31.380854752539804,32.020571044252165,35.09984531304946,33.96427247859138,32.754406314265566,31.805640521769092,31.129837471467788,30.390905909498652,29.85238993782575,29.18073312992667,29.306841880352785,28.90001455016935,28.767473941936576,29.35870407562296,30.275758553667984,33.34760004857921,31.933863562055873,30.86207136599875,29.77462308745486,29.121620301762057,28.07947693601147,28.01789321130338,27.282635943031604,26.770257563198754,27.424466029441668,26.213252697824434,27.15278713134252,27.54268165956249,31.681308842912408,30.304760104643627,28.97046982704975,27.86676107838871,27.00056379041001,26.00119397258518,25.41601770537627,24.857227922678746,24.679348208573092,24.564228707614657,24.744605977869195,24.4224527842721,25.38272445975806,29.791266455120702,28.443775452636384,27.175840042213967,25.795725556766183,24.82706637925633,23.631249818830995,23.298215403760004,22.45047389254846,22.17215896118373,22.18410083821294,22.384818895849925,23.165739724860934,23.662460248249758,27.824669234332326,26.758250204376218,25.34314021584539,23.983028999690593,22.895049683283066,21.682461322460604,21.096187191054216,20.582244896997995,20.455178806356106,20.61602922485317,20.89179410677791,20.339481237239067,21.709189206416713,26.582886825926188,25.14835408133105,23.642578814503292,22.08180015306723,20.687067095168423,19.70853546055617,18.952376447295467,18.460857239034162,17.632533255320972,17.47466191375387,17.945946311075378,18.998486518667747,19.873396337818054,23.269130473655434,21.964900295699046,20.563865225195382,18.92223625790567,18.018762277137686,16.994243554804083,15.837264946953436,15.387157274818504,16.28235158077604,16.146859168271707,16.253232663073522,16.8901700405887,24.0206155624705,22.201392411288083,20.507984615753934,18.9087506990811,17.316495026419176,16.119394064294102,14.842023345891894,14.30445874544018,13.49585076977365,13.182779411034685,13.631698683583055,14.055162645803854,15.360562261844454,20.931341571910767,19.084173966928724,17.212802793269898,15.609883952163129,14.374762606735459,13.066545450118022,12.27386414296655,11.64593834776743,11.17200219298224,11.31132043574047,11.996542376868428,13.031900130065454,19.982979682719993,17.872787835142002,15.943328542057959,14.208190067703908,12.662469624840172,11.012871196922262,9.62231287165409,9.596714073056464,9.22637014215233,9.29865065479933,10.017485213365678,11.125924905373036,16.9181708822201,14.702782389738344,13.037912601333083,10.93972403673877,9.002721477420037,7.386195908585149,6.810444332053526,6.6740256217668215,6.8611903486202745,8.035183445323447,9.459465788299042,15.951263931112168,13.942305153739822,11.792683579236746,9.897731659324776,7.7944735550260225,6.19291240047847,4.805842798094836,4.076912802599535,5.148945620221678,6.298244596711055,8.747642425248074,13.599906249676872,11.209054375816008,8.918928747332831,6.726818713180846,4.7390304915668136,3.2080679543924875,2.092487514897042,3.22372222748797,5.149068750754839,7.132337975727174,10.877059575087378,8.807391100660855,6.665541988465754,4.446513353179095,2.2022116156264366,0.0,2.282590852518252,4.511787783129876,6.760449763144461,6.955905836050398,4.970006841041569,3.0662884730566367,2.4303810400840438,3.5829017569562245,5.180142276038371,7.467762851081976,6.327411002930029,5.079970177077815,4.48637492860327,3.912224558994537,6.627065112099021,9.32033931785748,7.187226725239715,6.890620001131973,7.7203790710042215,8.303896193956183,9.137005253363926,9.068708011618856,9.611912036634543,9.69391649437935,11.49010739723524
R11,39.97242440733361,38.91304774751009,38.3498244324534,37.50359216128503,36.8623484059277,36.51253512151683,36.12708582213628,35.85168274990729,35.56750904969309,36.09063862000782,40.17465810682152,38.97409336982709,37.96861821294001,37.02037255350086,36.154966145745455,35.37398418329493,34.76537175121244,33.884959997025234,33.83955664603187,33.534917086523414,33.543037265578675,33.59257062208845,33.91004035680288,37.29911415838183,36.115471532294855,34.95242595300075,33.901943366125785,33.38545878073267,32.562489846447555,31.973165952091765,31.604674242902743,31.69244402061791,31.527046246040875,31.31886552862348,31.78748742823188,36.588589068178074,35.36170968717435,34.050198971518505,32.98294262190686,32.19383127246584,31.309098693510805,30.60146274281672,29.781567067567146,29.738392693620817,29.177111097570986,28.857108136471332,29.27204772474929,30.043900495774512,34.90332353802428,33.40160057542153,32.22641810688864,31.0169251377373,30.235295202792383,29.05439288644662,28.741052051029726,27.91790015384395,27.24821067519847,27.739790374117828,26.323323878264308,27.020808167040453,27.253302515475077,33.306504905198324,31.842323564714935,30.406640475396163,29.17875696461383,28.183027587539275,27.040705482660766,26.294209191379004,25.53389372970758,25.13416425903197,24.864264738777216,24.82700340355235,24.311979454581643,25.01853812675713,31.49740792509758,30.056961007393944,28.689298719208878,27.194164999131708,26.082951520102167,24.7219662041675,24.232805904393324,23.207226999363797,22.67959651316575,22.463104794306595,22.465227040918148,22.93451625825145,23.18471034971108,29.60018366497073,28.456111557976435,26.932945048768804,25.461072188735493,24.242063134147635,22.868351274195525,22.091622054525555,21.38235632478329,20.986706482914368,20.948435788860227,20.961113567747304,20.119239945882647,21.2627963588988,28.433239368738835,26.925163137853037,25.326267786628172,23.657178466588107,22.13487185415809,20.963184323952312,19.998120411678695,19.28621499932011,18.238023193317854,17.845485815746233,17.95298554558545,18.704370211263463,19.345312636398514,25.1457801628822,23.753747872704214,22.252663391153877,20.45210101676598,19.406733393335415,18.15228429151549,16.77623658631458,16.055401894689524,16.639379435543862,16.15540931081599,15.928153722261724,16.272087419873333,26.04635062729518,24.170230160261195,22.39432539729652,20.700445647376775,19.008552838130523,17.63811441169379,16.177438177906907,15.316396736830763,14.19707832619092,13.649946080479586,13.63920620857387,13.651589284768276,14.654634352313265,22.987173227693745,21.0866334202499,19.127182881961474,17.40216997963185,16.05258736154393,14.472843293561912,13.425085176638547,12.50813051578852,11.58222724695039,11.234083184666206,11.498288568304416,12.173267186749825,22.120172015606027,19.96328600205888,17.97758476547948,16.15604759834533,14.469152013853472,12.63727031443104,10.872681729913738,10.581523614300542,9.645951326852112,9.188164615416945,9.352586006019939,10.061105008894401,19.10057394425623,16.82850014112963,15.115265396280675,12.920683611945615,10.899307363314422,9.182795707190703,7.869692814843537,7.190469038943148,6.614219379488406,7.1764852121355345,8.12953442701364,18.204181168072353,16.166386114404173,13.987843186138454,12.04602594219355,9.848425914835325,8.074872197131048,6.277249079015426,4.353311957578965,4.728508432899321,5.061396052474061,7.104432771164775,15.875683953770308,13.481718028500671,11.172324422428845,8.961386778841767,6.898649505519178,5.196009334094772,3.1467610331895237,2.299854778024039,3.3903902430251303,5.08079698472592,13.152855355397168,11.082478648750017,8.940570507523555,6.720364573443915,4.469001790109286,2.282590852518252,0.0,2.2357786115803147,4.4842359438370325,9.089024645142073,6.990864395766806,4.79927015284616,3.0028354933295964,2.450969604054689,3.171174703481346,5.286380708953906,7.943506341660464,6.240970757822856,4.735532177063102,3.3543395773236795,5.097073768349836,7.4628055046343,8.015428435211684,7.018833877504154,7.1197808955051425,7.109943811311029,7.5796328407120095,9.213010474323797,9.10326370045381,8.524593245428195,10.146007737036278
R12,40.97152710114672,39.81924646449252,39.13537862343995,38.165508630175495,37.40624129740918,36.93284214625243,36.40838343019366,36.00345597300348,35.46081727766578,35.82416293509173,41.39716632814377,40.11924750042054,39.02381120546787,37.96582371027922,36.97943976049394,36.10445270323315,35.35465079731379,34.33419251999383,34.15170543325765,33.701457327540005,33.55521540684846,33.446534005783015,33.62941749421182,38.50228181549763,37.22281303179543,35.95606755472573,34.77964304014635,34.12584691989343,33.186078662595854,32.441273973134905,31.945509856629304,31.874984078427396,31.543490374402133,31.178012572965585,31.47619864278404,37.94258341230865,36.62871695814638,35.221327686502676,34.04201442335633,33.145684032766624,32.123191886859566,31.25493170685228,30.295507010116204,30.088186153372558,29.37974217041395,28.878593109775966,29.118255579618776,29.742936388325884,36.32746641317008,34.74295607745547,33.47021221922562,32.14631389444208,31.243291279889192,29.93383376716053,29.379082575873603,28.475715636310177,27.657988303562497,27.988483703123325,26.38162561329381,26.83683394143206,26.912632721456294,34.80312694284811,33.256540589784734,31.726420614371232,30.382829690468263,29.266622797992937,27.992820240197307,27.095955140943087,26.14714831487365,25.536490459732327,25.11877658246914,24.869807558563856,24.169965184087463,24.620117302726243,33.07843575503533,31.550408317484575,30.090107959261296,28.489910143768444,27.24742413513615,25.73680487162305,25.102258464130276,23.915030190238102,23.153346626351883,22.7185303441926,22.52744397396207,22.685860838857316,22.688873484595923,31.254464401105963,30.03711525762752,28.414034366840625,26.840928840112817,25.503381677730502,23.985876010685956,23.03530970054451,22.14766163729255,21.500444762841536,21.27137090081408,21.02860004850537,19.91211796871443,20.81731176208878,30.164510223108216,28.58790240643759,26.903939376976002,25.138366792614033,23.50389214577024,22.159550108249036,21.007966917338766,20.09739448286767,18.85556013487799,18.24579474837969,17.999907999764886,18.442779535633992,18.840613498503707,26.911450982806556,25.438544926941084,23.848195948540845,21.908693114834577,20.7396389795001,19.285497478675524,17.725424226235038,16.76557627998513,17.0461717109737,16.23501204188035,15.682353044106614,15.72324778790947,27.9588150142312,26.029434569348602,24.177952022452192,22.400569724897625,20.62493755142061,19.106075525863492,17.495011060299447,16.354674102531057,14.973701112283496,14.223053469631617,13.775068057908099,13.379157671542703,14.047793065104567,24.936184812436725,22.987224038582823,20.95012403304572,19.12094898272573,17.67809969991119,15.87579330301324,14.62154882356859,13.470009094280524,12.16324011108882,11.365760731248919,11.197570182856635,11.470947824831216,24.154524627903566,21.95391851128176,19.918895551711696,18.02448612304939,16.22286195466139,14.254785757772721,12.212158613447501,11.70616418815318,10.314606390939016,9.385682766852925,8.975990028960593,9.210884865201606,21.18758176385403,18.862134582278856,17.108273378690207,14.839173999923311,12.766100618434747,10.997489759031376,9.167982602514034,8.095582066781857,6.884662664212387,6.745163748938938,7.068786600258916,20.37344767092698,18.303172238713156,16.09798698595573,14.117651964827578,11.85381731764076,9.975135337427758,7.959828767002467,5.417740211564227,5.109936398821418,4.444649817477187,5.705838150526179,18.079952129361406,15.681843928569116,13.349655913168698,11.124443941159488,9.013748221467027,7.2375502070797415,4.934121299684473,3.0470093534480656,2.3830232898568156,3.1969685641244583,15.387269088438014,13.3170726888457,11.17507892589578,8.955006755999683,6.704296010768021,4.511787783129876,2.2357786115803147,0.0,2.2490375719404954,11.285973994299296,9.154092472768669,6.8963178581037,4.823695367661602,3.2553442214303545,2.170202985897863,3.437443381351902,9.9008642552052,8.0075765372552,6.07247041985385,4.357520395821459,4.543229798282275,6.1429507567617705,9.484445423956005,8.02331109953989,7.449337822920907,6.769993870011995,6.714791135992244,10.09367108637883,9.382676803556647,8.107776513940182,9.427864286252747
R13,42.13425443745267,40.89736281228901,40.101196017076596,39.01633110634572,38.14620078068064,37.55491393945671,36.89677625484373,36.36593537914294,35.56774448851094,35.768008051889055,42.76692743230451,41.41997636406858,40.24340523613776,39.08555666739314,37.988184334079456,37.02695673424971,36.14512383434313,34.99378187621338,34.678942919299026,34.087802217215476,33.78919006131991,33.52235494412646,33.56800251727826,39.86006559201828,38.495176321196396,37.13564417106562,35.84526233688352,35.06448747664793,34.01744771437152,33.12688039945808,32.51027237658891,32.28537532691853,31.79116639885992,31.26997476813821,31.393702378024802,39.43948582322036,38.049200832606196,36.55758813160409,35.27858982442467,34.28593005884484,33.138705783418885,32.12275420943852,31.03500644433637,30.670749126814624,29.822785651243244,29.145801515827284,29.208548235062967,29.680263223226305,37.8910391781487,36.2353341505222,34.877518547052624,33.45343559337367,32.44225516205678,31.019288612087802,30.24110244352874,29.26645426080857,28.312027709085058,28.484675634452994,26.701529544204018,26.911285550861372,26.82705235392066,36.43468080002897,34.81793931294614,33.20724621223506,31.763703342022325,30.542441159802536,29.154123773490433,28.12319414646921,27.003970911701114,26.197233918870136,25.64012170407933,25.185729491122547,24.307310608127754,24.492448673009402,34.78816709744852,33.18632069091119,31.647978213465706,29.959670659071005,28.60479687045514,26.966665960032955,26.20340912934804,24.875215637256293,23.900393511404786,23.26073457567495,22.883045819995203,22.728903185151722,22.477371776967164,33.03180759510445,31.75343164132028,30.04755492548437,28.39108157502986,26.954760414442568,25.317635632104352,24.21738014319468,23.174378481417794,22.299903968403093,21.892493005594407,21.404836696410463,20.02796095462541,20.67790939626151,32.0103021072904,30.378245670216046,28.625664359102654,26.7830036590372,25.058780576875645,23.571829988356864,22.264214336014643,21.183954895155907,19.779309239708045,18.97584359126097,18.394893693631396,18.523342274006602,18.6644738741814,28.792906070766808,27.255603497262722,25.59506358655903,23.54639369415198,22.278813366065975,20.663963825945885,18.959310166775584,17.800263874448603,17.79955167974744,16.690956892880646,15.826417314098602,15.552733039565746,29.960690262408843,27.990477416435755,26.080709691264154,24.239744594364026,22.40221643052312,20.769163777099934,19.04544486222362,17.681760234773005,16.09490618177068,15.178359858693561,14.337159063078012,13.550505894615153,13.852970800517843,26.97225583817564,24.987856590752234,22.89369889292685,20.9879970459308,19.47811954476099,17.51106898507341,16.103431311369636,14.776275477940983,13.173869894605762,11.995022009150295,11.411686816592892,11.251115589131595,26.259481068749245,24.02769735118203,21.958387053697727,20.01326664990001,18.131597723311643,16.073422193173425,13.843428043660284,13.179755460553887,11.457016409170409,10.15835641233364,9.220074240482013,8.929222250565836,23.336193284252683,20.974011371218428,19.19375033702377,16.877738029724245,14.77878902346197,12.98827906229305,10.833749350986482,9.514890067678134,7.880922407941852,7.107697798865678,6.693296497242596,22.582597370541766,20.490847225041723,18.269519013920426,16.26640295209731,13.965825897525718,12.031429050615724,9.90945185164144,7.106181323326897,6.37583719992912,4.958505621656589,5.033800254281053,20.31331831582423,17.913373244590197,15.56855346523883,13.337327955778848,11.204433631380036,9.399347051790354,7.020580389113139,4.869897740199479,3.2029814236114453,2.2218933367738427,17.636306642831997,15.566104361721337,13.424112670862085,11.204025705075832,8.953139616916514,6.760449763144461,4.4842359438370325,2.2490375719404954,0.0,13.4977871149311,11.344743496439222,9.056158677938456,6.882238080740886,4.99416139106457,3.0173506591047716,2.3108191188407625,11.94189453143847,9.944293640073186,7.802145153738169,6.03100008290499,4.969857643836492,5.383428833002252,11.177600144932722,9.417391624011396,8.329090466551555,7.084717707855408,6.465381813937983,11.304227262400557,10.09923610972632,8.226686453244708,9.138019752659764
S07,38.918324141720184,38.31611264207266,38.306046950840546,38.02029849961728,37.89400697999619,38.05725983304631,38.23151308802726,38.459029173914416,39.12703434966673,40.191383765677934,38.05440648597742,37.26673145045055,36.721407598293396,36.31308129310979,36.02108496422616,35.67929780699166,35.690414455424865,35.415961669845984,35.91139269089964,36.17265460261384,36.747550067997736,37.3566542934455,38.126122934282215,35.36893625768239,34.69101458591259,34.06025650226375,33.62581676331446,33.732775589921445,33.441025133808324,33.51304492283565,33.66209905813955,34.34706137357314,34.79587383584439,35.14966726727295,36.17880401561113,33.92972014326084,33.18958910562166,32.40450606011454,31.919940805082955,31.66367882922008,31.437160495184674,31.452316051445244,31.2475847386642,31.852473828574134,31.876274829408782,32.228705543350635,33.23306950915007,34.46644051827807,31.943334218581505,30.935104008229874,30.307485230549894,29.718194460633036,29.550386951781192,29.019714006171736,29.759628929138213,29.314047588144494,29.27121131760693,30.345395713353287,29.700117861719,31.189649901850455,31.923851976226178,30.02334305169896,29.067702299975483,28.197045873637187,27.620227461047456,27.267581722624396,26.80981107729034,26.780351043255575,26.86463508034308,27.32577482890467,27.628598408171197,28.34924212390871,28.491510349576064,29.979428430175247,27.82515166176098,26.945290052252172,26.155082871212624,25.302783265878084,24.92536453093515,24.38014704631619,24.585085255089112,24.337222273710697,24.79025100720039,25.40508059424335,26.08540214372782,27.544318198132988,28.538445525290967,25.595307382408986,24.941394507925974,24.076346275961395,23.258638180254664,22.753115874534636,22.211639403700037,22.314233125966933,22.448694505471806,23.102088606877086,23.779997413792962,24.684811463732107,24.799852519722773,26.58069318132994,24.021958496342467,23.021713945751305,22.037174796239196,21.054459860086652,20.289148947158925,20.12728546028997,20.158178811589107,20.401716790505645,20.270005550073243,20.738371223410965,22.034099595853696,23.66833268314437,24.96331909021715,20.716209909150855,19.944573422362286,19.12381512669478,18.321145188006124,18.076079331536473,17.994064021226556,17.670640197797024,18.05270464501095,19.671281732515553,20.34482364140815,21.118488819041954,22.25432870252437,20.55772385260586,19.178368569823657,18.06393846867288,17.090054798039706,16.136284144746583,15.844082712482916,15.45129331156457,16.089271518623832,16.284623729150145,16.605326404500456,18.026389793855007,19.193423378855584,20.935096488910673,17.42037640236284,16.047456184704167,14.875699714635275,14.122679667825084,13.62043266566815,13.67059925533625,13.91516212625638,14.263901920582601,14.98862985732852,16.094835569212876,17.432771007501934,18.939871303681027,15.918139998127923,14.315981594008845,12.97424036311953,12.028710363127045,11.551601663838655,11.133005434293114,11.501531593661777,12.279074761560823,13.342216907245962,14.381711511499596,15.846482638112471,17.38262100490027,12.649310811265568,11.171921947453804,10.14388924426918,9.18190590237125,8.362484319865718,7.948017362839616,10.113445802494816,11.186863188579718,12.512000839194345,14.255236686916145,16.048977319443132,10.888129178146261,9.48200680235993,8.01711494242162,7.1019891579753915,6.656781504601153,7.000205282704215,8.000877514373032,9.787396385147584,11.298847596104657,12.96596533236149,15.5794023633771,8.21460017286295,6.2258193035133935,5.0369339880526525,4.413590828339211,5.08054839559668,6.156160654173996,7.981992858929404,10.024652861820202,12.085062225739675,14.085317497309033,4.869754921964759,3.152335642027987,2.216257205290036,3.0430065724542894,4.853197090578539,6.955905836050398,9.089024645142073,11.285973994299296,13.4977871149311,0.0,2.2045629952441823,4.527007068693399,6.830002196192911,9.002161129417757,11.210001605709072,13.626639350918479,3.25457278302391,5.0117486968123215,7.177740730898547,8.401144267300735,11.516862854093556,14.465710525238642,6.316968418474166,8.166330020272264,10.36007688195411,12.098383776356245,13.588624396899048,9.307263024111867,11.42838540652178,13.126688120009556,15.057957696845877
S08,39.56983174086036,38.85648272811115,38.714653827717484,38.293164089691,38.04218191691954,38.082126096109704,38.121103879609784,38.226721243130434,38.66286286606309,39.596761344837276,38.951799971246515,38.06389708109247,37.40751381741374,36.86908755312504,36.438758321325935,35.98973978788955,35.851752453680696,35.429006830561875,35.79595190800211,35.92044550113487,36.35920914981513,36.832908139325625,37.4932495790909,36.208562219453015,35.40773724766947,34.646928882658564,34.062670197739926,34.02076731938891,33.59901950950354,33.511499668024406,33.53581513844564,34.07955458922549,34.38037536153438,34.597333553324596,35.49232009886082,34.93187462762341,34.07362559223776,33.15940628238087,32.533058340709374,32.14760807587401,31.761352647518024,31.602342777079045,31.247104985902293,31.699332248487504,31.580665176655163,31.770953164801337,32.636745625138545,33.7627916499806,33.00432373189913,31.87408731242355,31.112577601349585,30.370987800860213,30.054720577639713,29.36292582492419,29.855024434758043,29.314000068226786,29.11866360257627,30.060477125288614,29.22142113245008,30.527930899423893,31.14265622903737,31.14779610181112,30.066214011744144,29.054775339004085,28.317252002975145,27.8065920421759,27.178854133314744,26.975504221422813,26.856003649091203,27.113237283659064,27.28003760994475,27.823010351146404,27.80564892247617,29.112426642243342,29.025598098919513,28.007025011593072,27.072378728142823,26.057072840209813,25.4979269157318,24.747962986880353,24.786795779204702,24.346739124572718,24.567840381278938,24.98885979791795,25.512432596677254,26.74434005542107,27.562800674096962,26.85697157164225,26.081560421109778,25.050401753265355,24.06500745896415,23.37903103210225,22.62616903057166,22.51529777728911,22.446198987801925,22.855078122815506,23.36951743190261,24.070423199437105,23.95480004091038,25.597662549537603,25.366369704788266,24.236400826030255,23.092908543533447,21.92956055191257,20.965677213006977,20.551158264195234,20.337104636599577,20.351408845581183,19.994449854897233,20.26426818318392,21.297108371795453,22.741310472354048,23.89113078110787,22.03300081695637,21.100750910808838,20.09961743417023,19.03291814199809,18.581838283657515,18.204998049986163,17.613013739845886,17.735850839472008,19.14288173186054,19.553738900783145,20.102491885336008,21.063817792603505,22.125528513461546,20.613657923813523,19.322179509568787,18.151122306898824,16.988800075343754,16.412139318199806,15.734435007333436,16.01603608887043,15.895693630666138,16.018369361454994,17.140801293988563,18.06258544616468,19.656247378378204,18.974522391881173,17.451716477183556,16.055819256581085,15.028460766159652,14.285418019785071,13.908653205828378,13.83212583083309,13.881179200629894,14.24075408817946,15.04934849088159,16.176728006614933,17.517837566320793,17.608803054154475,15.845736492823551,14.307859413622989,13.096542329943427,12.264837748621055,11.43242983796533,11.253952416817835,11.81050604334971,12.456399560065499,13.205238354531886,14.428865582574398,15.807374766228579,14.356941526662286,12.635858261313317,11.379473142461386,10.003054033643924,8.750764195200325,7.886874792970914,9.345127500467825,10.102201047296575,11.10631248434871,12.670775864168698,14.314890184699287,12.788963718769399,11.187337708320063,9.459757396466358,8.154734820949116,7.0589179057416445,6.740107120810469,7.087712818674301,8.279540204624892,9.696997731256824,11.177804122456253,13.704721814031835,10.162356911661782,7.998224052875738,6.327362325645656,4.928252631511497,4.581900260808828,4.992276034034977,6.318708728846424,8.149460166170517,10.116288301546176,12.041603921405155,6.924517383904816,5.004340715818619,3.2526939603965204,2.267519569926575,3.0830322735904017,4.970006841041569,6.990864395766806,9.154092472768669,11.344743496439222,2.2045629952441823,0.0,2.3257809441131814,4.626124944270312,6.797598767211845,9.007439702823438,11.423105094500357,2.257771024705561,3.164306717118301,5.087800310546789,6.213230480193054,9.351218102471998,12.304496454548639,4.969663570102105,6.405055815525732,8.449234344010112,10.057849670779534,11.488767601444463,7.887447052120223,9.71929138363492,11.160029256234052,13.10169515749775
S09,40.208299951626906,39.38106444726958,39.10179479256675,38.53939544154786,38.15824283166089,38.068125315019124,37.964084290286785,37.94026138549918,38.128648677864255,38.92063835550491,39.84857081502422,38.85899375948893,38.08907655745936,37.41686050432345,36.84358827530239,36.284038708501015,35.99007814662257,35.412899457683494,35.64257240997063,35.62163412871453,35.91400385643461,36.24167861730469,36.783224668318574,37.053931734702594,36.12830538511321,35.23520095018616,34.49722983081395,34.29984402296897,33.74362329389066,33.488509686159524,33.380862780940824,33.77233142677597,33.91433491902797,33.98430137578232,34.73220386039446,35.950085451915136,34.97273924072862,33.92851620687235,33.15792963983125,32.64001547181006,32.08907990267094,31.748419362229672,31.236635302157627,31.52501156225006,31.25563248440191,31.271954016338665,31.985190698196565,32.99115252609403,34.09014238749965,32.83872148851109,31.942638870325037,31.047462778784357,30.579104793960205,29.723677094195462,29.953397219681108,29.315105543047256,28.959669973948255,29.755156662333338,28.713911785056386,29.816435870170665,30.29929015670169,32.30598590044885,31.099954019258615,29.949153126591074,29.05062787617507,28.380141402043787,27.580425105498286,27.197206786727197,26.864499343929715,26.903867101217994,26.924406195866233,27.273111740320356,27.08359490540353,28.186465972164726,30.27030914939588,29.11529002088078,28.038624449141583,26.863342829960683,26.121903031747134,25.166568876189697,25.032345874887557,24.39456375916569,24.368004021667428,24.578034034478836,24.928414390008847,25.90519997992681,26.527070626060468,28.173753193353562,27.27960844660348,26.08683217640655,24.938636630738255,24.074666622821592,23.112063862840117,22.7812483635116,22.499654486236008,22.645000794877443,22.979144022352095,23.45318511418012,23.08656981883623,24.56587089846399,26.77386167514877,25.520129545125748,24.225195190132112,22.89024781429856,21.735754185212897,21.06884156758506,20.604603417683144,20.37855797155432,19.78664691149059,19.838837113097128,20.572300211692422,21.792872527503114,22.77279299954224,23.432393006263784,22.34846392931738,21.178055859780894,19.86059138092318,19.208151004196107,18.53530784745697,17.672568800262173,17.517030456101857,18.67311141722236,18.78921988801025,19.080370567680284,19.83589960148014,23.7719121864439,22.139088508789154,20.68528452789567,19.334339295667693,17.9835131439883,17.134920425843827,16.182623891075266,16.08880744492891,15.633001151410435,15.5360675204506,16.30442209954097,16.93416487459597,18.341088571837822,20.62653264608475,18.97282090254372,17.379797265791105,16.106576607088176,15.14535390804718,14.352750433279331,13.946102322871432,13.672875374258334,13.617429786857723,14.066776638590662,14.929341646569684,16.059287281819202,19.400609990410096,17.500786096630062,15.800129619721478,14.365069996348783,13.221643543826161,12.014951893370194,11.279682353683548,11.573842577121914,11.723696729274431,12.108314209666018,13.016997080740243,14.186824873804568,16.189958276660256,14.27182178279984,12.838361655600764,11.135423341750416,9.544946568734684,8.301144318706909,8.88220383688643,9.219399166973952,9.783512866041523,11.084417260280308,12.518623566510817,14.808423346190507,13.054908731967451,11.14406142301809,9.568128395877638,7.9860208489585105,7.0560785851632915,6.621166815599801,6.934157555175682,8.161902351780496,9.356443768868598,11.74107818728757,12.244215164721664,9.976001453488268,8.023073288958539,6.188004928892672,4.981171047053093,4.487719799630988,4.875731842503236,6.276522126145975,8.069086689334798,9.879978947345991,9.122113022759583,7.120015800544265,5.125969664365953,3.2441137464645102,2.106783567431643,3.0662884730566367,4.79927015284616,6.8963178581037,9.056158677938456,4.527007068693399,2.3257809441131814,0.0,2.3053912899982945,4.481990852288746,6.68300029926679,9.100076977696396,3.2624115313675555,2.326481033664362,3.1825010604868615,3.975953722064682,7.149976293666994,10.099703956057327,4.5592746133568225,5.108462880358435,6.765141979293562,8.100303759736422,9.406378474205681,7.027177242677176,8.326960549924564,9.315382976560867,11.249001066761439
S10,41.15961953176924,40.22940270498681,39.82239471704332,39.128326823415286,38.62364593095789,38.40762465969485,38.163409766424174,38.010855357384415,37.94759904130959,38.59041042798068,41.03567205493289,39.95708298912722,39.086100982318506,38.29290781593897,37.588395283651046,36.9266925949238,36.485000342606554,35.76060940476267,35.854543714848745,35.68893981333713,35.83232130353824,36.009157862965914,36.425384829813396,38.202558683941575,37.16710627692181,36.15619898440653,35.2786955682888,34.93597522611899,34.253996321597285,33.837956114399105,33.601291478156014,33.83933871989818,33.82010162610396,33.738807996134064,34.33014107165888,37.25564146542104,36.17589447408315,35.01889314355895,34.120476916362115,33.48300316578547,32.78100440804095,32.26966230068112,31.60946038767508,31.735575321711124,31.317370659108658,31.157176845792687,31.709290010973124,32.58470248444813,35.46036837090106,34.10707624526031,33.095229036826446,32.06596432356276,31.461150916646393,30.45858724563567,30.43849306388212,29.71004005382692,29.200148253048305,29.84521015171446,28.605396571276547,29.489686756559486,29.830536585854436,33.74434995669645,32.43506332659149,31.167068421653006,30.12984840652206,29.318688596183833,28.365819008094935,27.81683698769506,27.282643640233985,27.108378409635648,26.982536945216996,27.13066996961188,26.76315870744707,27.641600188845796,31.789070904950965,30.522429687035075,29.32812155594013,28.01897587350401,27.11963143186131,25.98411453176729,25.690134312611136,24.86991214298917,24.602254063398338,24.599037582799863,24.768752996467143,25.469120302829463,25.8737511969177,29.760236188578883,28.770573890696028,27.446563719343814,26.164704469953413,25.15042751127702,24.007437701679034,23.477404498794154,22.99794784323158,22.885465168966963,23.03579521093205,23.27216889333695,22.642986750868356,23.931328421130324,28.440007032347935,27.09018303740305,25.676146069844673,24.204834434467838,22.895380341894302,22.011872841718855,21.324642951289945,20.87513434687308,20.062636043152455,19.896137941821774,20.309161602587146,21.27503123381961,22.057539164648446,25.106138233507757,23.905672234848364,22.60410991390725,21.08710546756003,20.26755836305893,19.33882835127299,18.23769242530425,17.81614282048727,18.701680272103896,18.507514717000767,18.513271023781833,19.026478917550666,25.63773195897016,23.918256144627268,22.345287310750784,20.860663580049412,19.369383882818784,18.30373866181442,17.127846595529746,16.693979872996135,15.924389470243435,15.608361637276348,15.986658719069474,16.279096197270906,17.448629315794406,22.50898638322037,20.765671672257557,19.034036986409372,17.581727247344045,16.458206220606183,15.32921296087963,14.63609172559396,14.064666935267255,13.590430199224748,13.63628461128617,14.172969942817208,15.027636041640083,21.390307828547023,19.401623462999176,17.595123784730816,16.009960680776203,14.645977229259918,13.166172564568642,11.969741559448975,12.0050599748606,11.64147353216078,11.603408120030943,12.104726101816595,12.983042363021081,18.222472554513562,16.18265398505449,14.641771921458139,12.736539325892258,10.943765439737822,9.46412013871337,9.221063279253645,9.090188666908954,9.097785060112159,10.002150018870942,11.110820176746628,16.96695862551683,15.128030175802797,13.119729646604764,11.398400063166761,9.545996962077874,8.224352375719318,7.1432707494536425,6.416532552711004,7.285132874560353,8.000810771415606,10.105081493981135,14.44807398929006,12.135642216215835,10.055955946601994,8.045466425260875,6.418577568277882,5.291592198951087,4.508911176769842,5.019681364389577,6.392301385260241,7.9517528256353645,11.392378197725003,9.366212147928318,7.310581509018281,5.240675624382795,3.3161483682127373,2.4303810400840438,3.0028354933295964,4.823695367661602,6.882238080740886,6.830002196192911,4.626124944270312,2.3053912899982945,0.0,2.1777385058817322,4.382726320453971,6.797016551399592,5.079293061046981,3.2447226383775853,2.0620242481600455,1.8387726885072009,4.9793437318586475,7.898240120431893,5.062167519946372,4.472612212119445,5.376248227156183,6.252794895084917,7.362249724099285,6.6655383128446575,7.218894444442307,7.582249863991558,9.461460775165746
S11,42.2397089596981,41.22086933823691,40.7014487457142,39.89132513467057,39.27653103317552,38.9464774401999,38.574167858814526,38.30265212749634,38.00294325443755,38.50132486032137,42.321370606349696,41.16794444710593,40.210962398331134,39.31369598498721,38.49510292231987,37.74436769903557,37.171343169167294,36.31580209770948,36.284907744129654,35.98586794840441,35.989156102915224,36.02246833574846,36.31725244288174,39.46098514989204,38.33305925699122,37.222288430455215,36.22488205639875,35.754339848471545,34.9621287252364,34.40199443346272,34.04820879282786,34.14331471899001,33.97315312125149,33.74883609844938,34.18752212430728,38.650385276216845,37.48586192152983,36.23514639131461,35.22888774855091,34.489265692386084,33.65680919219764,32.99541255993021,32.204222595802555,32.18160922017419,31.627814088235688,31.303094703239807,31.699503623873984,32.44538168984918,36.91362840469628,35.47765641921687,34.37031236401555,33.22950016175387,32.50885811590435,31.38179806830705,31.13997516055528,30.33393771009626,29.686357152739372,30.18944348609295,28.771065743208055,29.44270507273406,29.644509137443986,35.25842930421036,33.86622780883634,32.50349016644213,31.35231171700103,30.423943860058642,29.342843028581946,28.651365918573585,27.940831716325125,27.573964985108688,27.31407668217983,27.273523608070885,26.738979879569076,27.39402274219688,33.374061574821845,32.01878874973255,30.730589662419433,29.31434218944713,28.285487798516044,27.00158545345069,26.570555470294554,25.594864348146093,25.112386784214678,24.913215870296632,24.9123256642169,25.342473754548905,25.531007226507928,31.405211303221638,30.340717410766675,28.913718629743908,27.52673654830881,26.392109521597547,25.10350911725291,24.406151130401533,23.757391481389536,23.415263504816682,23.396084672440384,23.408081382291886,22.532668639111524,23.622004677842227,30.15207563336229,28.729127971450858,27.224099691266193,25.648568868457357,24.219387358065024,23.161880946935202,22.291105490755722,21.652022930894933,20.652451912545395,20.289320146323288,20.397302027474126,21.105772314701017,21.684399945583,26.833085249370786,25.545131395238506,24.145296850525572,22.477024714138658,21.527505684588725,20.394745230083164,19.103225120382163,18.454775262787678,19.083522735595754,18.60104518568782,18.328988542742884,18.59159425654508,27.51170487265375,25.730154488459643,24.07082188044272,22.48939185482791,20.89752341785983,19.668901850383005,18.325097162088937,17.614392893313127,16.585748249626846,16.0795432770959,16.08665863378719,16.042278952817146,16.950056047104976,24.40246596145562,22.597603080857933,20.769730498973743,19.191325227821032,17.95349562063054,16.574843377842218,15.660543668723637,14.8493274258466,14.015212877441426,13.679,13.876226720546187,14.423789030625759,23.364772158101605,21.31715740899804,19.441361320648305,17.75695610176474,16.24387847775278,14.58064487599914,13.051428274330744,12.873914478510411,12.072714400664003,11.634438405011219,11.700908725393937,12.236017407637176,20.23391106533781,18.116832642600638,16.51001599030116,14.48187118434631,12.576105160183737,10.968939100934056,10.115273056126561,9.58841076508511,9.059046417808002,9.491173583914689,10.180624047670163,19.06444502208234,17.174313494285588,15.111065250338905,13.309333604655043,11.311470152018261,9.773569511698375,8.298415511409392,6.757714184544949,7.172000278862237,7.275481152473697,8.924492646643841,16.5765920804006,14.242560338646982,12.09928894604968,10.012650648055189,8.202203423471037,6.786159812441791,5.265123455342714,4.7400067510500445,5.357128521885582,6.44152544045275,13.558837708299336,11.523456295747383,9.445868144326385,7.321859873010409,5.230104109862441,3.5829017569562245,2.450969604054689,3.2553442214303545,4.99416139106457,9.002161129417757,6.797598767211845,4.481990852288746,2.1777385058817322,0.0,2.239802893113588,4.634360905238175,7.026720785686592,4.9655775092128005,2.8390781954711994,1.1024744895007774,3.051684944420049,5.850645263558542,6.249353966611269,4.809949791837749,4.670618374476768,4.795802435463746,5.555203866646119,6.943030606298665,6.655165963370109,6.2071373434136285,7.941393139745696
S12,42.93427872923918,41.82076135127145,41.18069903486341,40.24821499147509,39.51810765965395,39.0687736434099,38.5636529001079,38.1695856016279,37.62824286357257,37.97855106504196,43.245200808875886,42.010229385234254,40.9599926757806,39.95075585017134,39.010609967033325,38.166424249594044,37.455277064787545,36.46430891981912,36.30286436357329,35.86640245410738,35.72540972473234,35.61204094123222,35.78273385307501,40.36070589075469,39.13260370841685,37.9150582882316,36.790371199540786,36.18394927312385,35.27724799357229,34.56722522853114,34.09231369385187,34.038542110378344,33.71364430019395,33.344171679620416,33.626404684414304,39.706518469893574,38.44867796166729,37.096608807275096,35.97446351233052,35.12597194384804,34.155947359134984,33.3372715890188,32.411331968927165,32.233147984644624,31.541235311889736,31.048638891262208,31.28400270106113,31.895078146949256,38.041160931285994,36.51455956190626,35.30316168560544,34.0426730149088,33.19818761619375,31.94150824554157,31.464660335048904,30.58088700479435,29.792576860687966,30.145287475822816,28.550761758664166,29.001121099019606,29.06090654126261,36.46050751155283,34.97675515252951,33.511253811219895,32.237605509714896,31.184738462908424,29.97013770405468,29.130069859167865,28.2373217214381,27.671304884302078,27.27398852386647,27.03921309875715,26.337339007576297,26.761386156176588,34.66390060278849,33.20965991996907,31.818999355730845,30.288747696132965,29.122443595962206,27.68510563461877,27.110414327339225,25.977034857735397,25.27343880440491,24.872602437219953,24.69593134506168,24.846471882341767,24.814823251435826,32.77122066692054,31.62221194034345,30.082229072992583,28.583232182522675,27.3217800664598,25.88321450283948,25.012161202103268,24.189870958729813,23.610780122647366,23.41599165100637,23.196580459196998,22.077130814487646,22.954286440662887,31.60171656730058,30.096278922817017,28.491461966701532,26.80532156121243,25.25177967985623,24.013059197028603,22.95401631523338,22.12165292196765,20.937802964972235,20.37541962758068,20.167944193695103,20.604571240382555,20.969589886309176,28.310845360038265,26.92488226529505,25.41923501996077,23.592877505721933,22.509429935029452,21.16975172268206,19.69316635282402,18.81803531190225,19.173213841190005,18.400697513953105,17.84714122765884,17.849292703073697,29.168313801109587,27.314342185013352,25.557402156713817,23.87142611994516,22.176409853716176,20.77977384381264,19.271045768198466,18.280701791780313,17.001045673722544,16.30882917318101,15.934696137673916,15.54405407221681,16.166301648800196,26.092484166901396,24.21750742747899,22.28405497210954,20.572855829952246,19.220405666894756,17.59305601650833,16.463972940939865,15.422921188931753,14.241392804076433,13.522477435736397,13.363018109693634,13.577718549152506,25.163117791720484,23.045423081384296,21.092783908246915,19.303176241230354,17.638502685885783,15.802562134033835,13.96404901881972,13.577794555817965,12.360765348472562,11.529798350361554,11.140130878943928,11.29380595724931,22.09107294813903,19.88188904505807,18.20457978092326,16.054703111549586,14.053922441795386,12.349534890027234,10.932899066578818,10.04449799641575,9.00385745111505,8.911434508540138,9.109942096413128,21.049818645299535,19.08939561641489,16.962997966161524,15.077834393572573,12.94643441260952,11.227102297565477,9.442299984643572,7.262153950447484,7.183351933463931,6.610263307917469,7.626273664116703,18.618979134206043,16.255887364275136,14.035151584503817,11.878562202556335,9.918489602757065,8.304425928383008,6.312649047745328,4.922929717150144,4.546024746962999,4.885816717806758,15.685232959698112,13.632329368086731,11.523513526698355,9.347054562802125,7.15503528991996,5.180142276038371,3.171174703481346,2.170202985897863,3.0173506591047716,11.210001605709072,9.007439702823438,6.68300029926679,4.382726320453971,2.239802893113588,0.0,2.419938015735114,9.250428098201727,7.153676327595484,4.886702978491736,3.136153854644252,2.373783899178693,4.301233427750696,8.207067320303885,6.400082030724294,5.4462028056252185,4.603039213389344,4.615765700292856,8.314392160585163,7.322016457233621,5.938028039677819,7.3034179669521855
S13,44.24566349372557,43.045803744383726,42.292172904687696,41.243335000942885,40.401384592610185,39.83348593834087,39.193990062253164,38.67339303707396,37.874955696343726,38.060396175026874,44.7658002162365,43.459721225520994,42.326496902058885,41.215645342515266,40.163020130463295,39.231498569389366,38.387504321067816,37.26488004810964,36.97107146134664,36.39356186195575,36.100008864264844,35.8279436194711,35.86038351719067,41.865694022672066,40.54993860661197,39.23753913027676,37.99715922276296,37.263007031102575,36.2482167561385,35.3922477387351,34.79665675032589,34.58911986448918,34.10190328999248,33.57692441245922,33.68412563805093,41.35106069981761,40.01423652901552,38.57531548801643,37.35135211742675,36.40511481921187,35.3091272052992,34.34231036200098,33.287844327922464,32.953848045410425,32.123195062135395,31.456163990544045,31.515744081331796,31.97385134762467,39.75065666124272,38.14960791410575,36.850404407550265,35.48708376296931,34.53288689061486,33.16087298308052,32.46147528994947,31.50595197736453,30.581721730471617,30.77900116962862,29.009929145035844,29.218024659446094,29.119064631268635,38.2362900396992,36.678821532322985,35.12917886885488,33.752488693428226,32.592323160523556,31.26114857134971,30.286514259650286,29.224036442627156,28.464566358896107,27.930197170804217,27.494064541278725,26.617212814267386,26.78022182507083,36.5158790802029,34.9837160404666,33.51106235260231,31.888489349607013,30.60674031974003,29.0388637863123,28.33543902959684,27.06076554719027,26.1474441007147,25.54671399612874,25.188625786255194,25.034846214826246,24.753818473116425,34.68841564557252,33.47455063178593,31.846690408894922,30.259448540910327,28.89516807357244,27.332971975253624,26.31123144210472,25.334148120669067,24.53240457028214,24.16458989927203,23.708425949438315,22.337901087613403,22.96700960072948,33.586643089180555,32.02065809754696,30.3413652461454,28.571742473989925,26.922316115074498,25.536421832355447,24.319086845521152,23.317685048048833,21.97213137135312,21.222331752189717,20.695404731485684,20.83249788191517,20.95053698595814,30.324545915808862,28.86791909715697,27.285139050406176,25.340627399494274,24.15328284105496,22.647603846764895,21.022108481310813,19.950435007788677,20.038877039395196,18.98363086977831,18.13723380231947,17.843638922596476,31.310179718423846,29.40845315551296,27.585019430843253,25.826694658821516,24.06042231549563,22.54008768838311,20.909314312047634,19.69247434935488,18.20632247325088,17.352880020330918,16.611164227711434,15.860824348059593,16.143589842411135,28.262903070986887,26.344109208701667,24.3423741241482,22.54223478273616,21.112137788485562,19.305211938748563,18.014396603827727,16.7937188853452,15.323202178396002,14.251083607922592,13.71936022560819,13.544325933762817,27.40595360501072,25.247449871224617,23.249519758481036,21.395626866254702,19.634156793710293,17.68807490938457,15.638265408925633,15.091589081339315,13.546214969503474,12.37319077683683,11.522687533731009,11.222545210423524,24.374462783823564,22.11469276295739,20.39884440354404,18.18132250415244,16.1330930698363,14.383028053925223,12.595964194931645,11.44997606984399,10.008518621654256,9.389058365991769,8.987178478254451,23.403770657738036,21.409998248481944,19.254007375089476,17.328538599662696,15.13193708683723,13.320849897810575,11.373672977538961,8.83979931898909,8.369603634581509,7.187567669246669,7.301934675139185,21.000907885136773,18.627987599308735,16.376553605688837,14.19431111396393,12.173988007222613,10.480742817186194,8.298621692787304,6.478071086365138,5.277273633231463,4.518325464151515,18.09717848174129,16.04077703853526,13.925041902989019,11.736577908402433,9.522452730258102,7.467762851081976,5.286380708953906,3.437443381351902,2.3108191188407625,13.626639350918479,11.423105094500357,9.100076977696396,6.797016551399592,4.634360905238175,2.419938015735114,0.0,11.576517611095316,9.438397586455023,7.088975807547942,5.417318986362165,3.2467291232870044,3.0731542427935508,10.244166047072842,8.189962759378092,6.668249920331421,5.085808686924824,4.224084397831085,9.81889326757349,8.24673420209479,6.083938609157722,6.852845978132005
T08,41.75412729299943,41.06670305734318,40.948242758389526,40.542511441695375,40.298833494283684,40.33930552203397,40.371172499693394,40.46341104009893,40.855243935142525,41.75246978323558,41.055904873720664,40.20418069056998,39.58179000500103,39.07544841713272,38.670501444899834,38.23515659703776,38.10781095786007,37.68601816323927,38.045973098345115,38.15498375048796,38.56976017555723,39.01084167254022,39.638073742299845,38.33340308399451,37.57251507418688,36.84571330562078,36.29079063619309,36.268083227543194,35.8550382791596,35.768214940083325,35.785340699789344,36.31245622372576,36.586115180488896,36.768728302730295,37.620388727390896,36.990335670280146,36.18109192658508,35.3116168562132,34.72474485147443,34.36695134864307,34.0044074790313,33.85849826852928,33.50400722301737,33.94685218101967,33.81022917698134,33.968687772712094,34.796711410706614,35.88623705545066,35.03429327102233,33.95858430500306,33.24732628347729,32.55158248073356,32.26939189076857,31.60307556235627,32.11251260801621,31.57105145540769,31.36692130254418,32.292371994017415,31.41603445694571,32.66905148607777,33.23945699014952,33.144630998096815,32.124032701390405,31.169653575232434,30.484518644715386,30.01314420383176,29.414882389701987,29.22878926674863,29.113034778256974,29.356027694495726,29.503050994770014,30.006959609397285,29.941746275058843,31.175854005945048,30.979246359458134,30.03401544915365,29.16296864175525,28.205557767929356,27.69572430899759,26.98312780238792,27.03917204723547,26.604302358829106,26.810663121228462,27.200850354354735,27.686282758795915,28.839719918889642,29.57727480685129,28.77261538338147,28.067123329618234,27.115721528294245,26.194709580371377,25.562311515197525,24.853116122530793,24.767079197999912,24.70371399202962,25.095965612026166,25.584173330400965,26.234299628539734,26.0368105765664,27.612393485534714,27.226974455491746,26.178785781620967,25.119102790505874,24.032327644237878,23.13308524602804,22.775077782523596,22.589664561475896,22.608108368459312,22.23387013095111,22.469542162669892,23.426336482685464,24.789934247593315,25.862427573605693,23.9100783143845,23.073462700687124,22.15923096589771,21.18777395103129,20.78841908371101,20.454176883952087,19.870034448888106,19.972083541784016,21.3376347564579,21.66762361220076,22.11559653276393,22.973331713097252,23.80850306088142,22.405706527579085,21.233986177823514,20.168924339190724,19.09333731959921,18.601883372390013,17.97427342064207,18.273017101726797,18.12384622534632,18.205620588159032,19.22523011565791,20.021344135696786,21.512374973489095,20.668673155285028,19.264168655823173,18.0084816128401,17.108610142264624,16.445679371798537,16.15159608212142,16.089432712187214,16.11396195850046,16.387916920707156,17.070364729553962,18.06782103630651,19.27592459520425,19.171898940897847,17.559024033242853,16.164565722592116,15.100406120366431,14.405164664105717,13.663391160323267,13.50579968013742,14.0350032775201,14.564337952684289,15.16817622524211,16.21444417795442,17.437798284187142,15.902970414359702,14.397617163961542,13.288925502086315,12.09773962358258,10.957404254658126,10.142593356730812,11.515224096820695,12.144864923085807,12.938832288889133,14.325489485528934,15.78057315182183,14.10020201982936,12.736509137122306,11.228823624939524,10.141477702978003,9.251681793057953,8.997522881326839,9.239182052541231,10.082757757677212,11.383051655861006,12.618409448103987,14.975683289920363,11.414044857104777,9.479494184818092,8.17154795617085,7.064386456020084,6.8367910601392525,7.099482375497526,8.042603185536384,9.538164026687735,11.282648315001227,12.997077556127762,8.025277876809001,6.406492956368562,5.130103312799851,4.525228502517856,4.9235639530730175,6.327411002930029,7.943506341660464,9.9008642552052,11.94189453143847,3.25457278302391,2.257771024705561,3.2624115313675555,5.079293061046981,7.026720785686592,9.250428098201727,11.576517611095316,0.0,2.1821212156981566,4.579830782900172,6.159416287279177,9.009040459449608,11.881745873397561,3.0624046107593292,5.024445243009421,7.3121589835013845,9.209836589212644,10.80872170980454,6.053041632105301,8.221062279292134,10.110271064615429,12.012863189098592
T09,42.376923968122085,41.58799101904299,41.347788647036495,40.81721260693826,40.4583564915828,40.3837934944205,40.289000111693014,40.266375550824044,40.43736747118932,41.20689592774491,41.907490810116514,40.96445271207709,40.240767698939344,39.615627270055946,39.084179983722315,38.551112837374745,38.28628350989425,37.728312048115804,37.967186490441975,37.94760097819097,38.23238999853397,38.54317870907899,39.06366118274118,39.13608060345338,38.26382657288735,37.41950641042717,36.7288063514185,36.56948413636704,36.038171277133365,35.804195131297114,35.70534517407723,36.09820632663069,36.23131724075182,36.28329050678838,37.0028817931793,37.94454197905148,37.02845549033878,36.042911674835594,35.32835603307915,34.85393487111606,34.34688231848707,34.04205002640117,33.55060299011033,33.85004632197717,33.58122570723112,33.5864555140908,34.27876103361964,35.260209315884666,36.04536266983591,34.860344590953204,34.02919599402842,33.19754859925654,32.78197846378403,31.972276772228778,32.253665915675384,31.627352481673203,31.28383085557138,32.08128105297543,31.028356836932247,32.100230061480865,32.55266959866733,34.216422796663004,33.083408198068106,32.004329847694045,31.176904432608445,30.565478173913785,29.817155682593203,29.47523680990536,29.175120034028993,29.22952933250893,29.249489311781154,29.583487590208154,29.367212823146836,30.418644052620095,32.12316600212376,31.05458241548258,30.056397472085703,28.95696866041057,28.28785046623373,27.396850056165214,27.304201618066035,26.699330796857062,26.693089180535097,26.90114058920179,27.23578620124633,28.16376935000001,28.725175473789538,29.974872693641252,29.161832538439693,28.06535239401066,26.999733794983978,26.211726936621325,25.32092909037897,25.04700135744796,24.802596033480043,24.970158609828655,25.303568641596783,25.75705359702464,25.341131861067296,26.76839601096786,28.505498153864984,27.3433889999027,26.146413367802477,24.906223419057334,23.839708806946447,23.26544478405689,22.867875983571363,22.683535196260745,22.111134073131574,22.162526931737723,22.861599462854738,24.027149830972462,24.9462311582331,25.16875904767655,24.194093700736136,23.12791905900745,21.936684161467976,21.3650255558003,20.781278521784937,19.970662733119298,19.841288516626133,20.99482317143919,21.073474938889408,21.297264354841445,21.969973714139943,25.28982848893998,23.77039170901481,22.447459767198605,21.218722157566415,19.974760999821747,19.250899303668906,18.392427626607642,18.382963553246796,17.95822054102243,17.85874262091259,18.57847684822413,19.119752561160407,20.437943145042752,22.138829079244456,20.606505404847276,19.167036521069186,18.048383528726333,17.19706361562927,16.55934856810497,16.22979839677622,15.99453847411672,15.930766710990403,16.31104757518658,17.074312050562973,18.08594177807725,20.762114391361976,19.009990215673444,17.45590977291072,16.185368268902625,15.22052311847395,14.168610552908849,13.571696577804854,13.895234075034505,14.027532962000125,14.326944021667705,15.091877583654062,16.1143189120732,17.505122136106337,15.798939996088345,14.517036198894042,13.030403255463737,11.601646305589565,10.487487067930047,11.208682928872598,11.508699535568734,11.933372448725466,13.068987719023996,14.308172839325083,15.867482472024351,14.332426591474313,12.623619964178262,11.271862712080909,9.968334514852518,9.258861539087837,8.9460724343144,9.11445692293293,10.22422789260881,11.170601505738176,13.34539534820906,13.209490414092437,11.118801958844308,9.489094003117474,7.965631487835726,7.1228542733934965,6.805786728953531,7.064854209394558,8.124393885084597,9.631155797722307,11.172603009146973,9.881494623790472,8.077789611026025,6.417000623344212,5.0646792593411085,4.426601969908748,5.079970177077815,6.240970757822856,8.0075765372552,9.944293640073186,5.0117486968123215,3.164306717118301,2.326481033664362,3.2447226383775853,4.9655775092128005,7.153676327595484,9.438397586455023,2.1821212156981566,0.0,2.3989724883791395,4.02893658426141,6.82718309407328,9.70819457983821,2.2328334017566114,3.2407877128871,5.350979349614424,7.12182624050882,8.67676356713723,4.857409391846646,6.555077573911692,8.11568715513357,10.046215456578661
T10,43.0724927534964,42.17600362765538,41.80447063413194,41.13970733974659,40.65627101690464,40.455932074295355,40.222188714688315,40.072876225696604,39.99834032806861,40.62309388759059,42.850883596490746,41.81223750291295,40.981602530891834,40.23020050907029,39.563565916130464,38.92624042981804,38.512534089566216,37.80760004284853,37.91244435538284,37.750958411674794,37.89055061621565,38.05514201786665,38.45453965398624,40.034797089532006,39.04575153585854,38.07787106706466,37.24313312545012,36.93629132709455,36.27835167148585,35.88436509122044,35.65843789343555,35.901347063863774,35.8779010813063,35.78395641904344,36.35281813009825,39.00896852007241,37.98173351757394,36.87550212539485,36.02673925017361,35.42873648607864,34.76768260899768,34.29150572663732,33.65269192798698,33.79304462459694,33.37937526377628,33.21419276453968,33.751535150271316,34.60742585053099,37.17626502218855,35.879179394183474,34.92359175399918,33.95033437243292,33.39363168330153,32.43341247849199,32.465714407663974,31.749993007873247,31.255258021651333,31.90690052324105,30.663238005794497,31.52624463839612,31.84340856441094,35.41778618152185,34.17009817076913,32.963463804642856,31.988732406896027,31.23096580318963,30.325796015933367,29.81760265346629,29.318615042324218,29.165413009247786,29.04448594828285,29.186783053293148,28.801923546874434,29.640356694884762,33.40803186361028,32.214159402349765,31.08674215803258,29.84313289519048,29.008952497461884,27.933187859605283,27.68109587787304,26.896130019019463,26.65667460505905,26.661052679892443,26.824374158589425,27.491120984783432,27.848094459046923,31.32915501573574,30.407526864248595,29.16498674781115,27.954002933390417,27.00729716206344,25.93047267212844,25.45750439457882,25.01915476190193,24.93884239494688,25.097590501878862,25.326796737842706,24.666180348809583,25.912910913287995,29.945100834694145,28.67048581729999,27.33787733164373,25.946453823210604,24.713574832468087,23.91663492216244,23.296663645251865,22.894996352915193,22.111614889012515,21.957635141335235,22.358328940240593,23.286138580709338,24.020490794319755,26.604008664109248,25.493907840894067,24.279417229414715,22.87155012236818,22.126062505561176,21.28538489198633,20.241879285283765,19.861223854536256,20.76349587617654,20.556197727206264,20.518586403551293,20.96779902612575,26.951228617634484,25.32112250671364,23.853592706340905,22.46879491650587,21.065795973568147,20.11198461117152,19.024933455862598,18.687507806018434,17.968584696630952,17.668439348171077,18.03414087224562,18.26973412504955,19.367119068152597,23.8046470253184,22.155062446312357,20.54534740519128,19.22083622010239,18.191466131128628,17.2112847283403,16.6055475368926,16.09323087512262,15.652277438123821,15.674127535528093,16.14478569074238,16.9037338183018,22.55456053661875,20.677492231893112,18.98212488105586,17.526354013313778,16.312120064540967,14.971033498058842,13.931723690914918,14.022897453807468,13.703482550067337,13.635891463340414,14.04052171395351,14.794917809842676,19.329783495942216,17.448681612087487,16.020172814298853,14.281474223622714,12.6144251553529,11.247277448342777,11.244739214405998,11.152105182430804,11.110688952535751,11.893918824340446,12.828065520568563,17.859017694151042,16.17925452547181,14.311374287607741,12.750136783580011,11.11055327155223,9.99605782296201,9.118428866860782,8.468587249358656,9.271911830900896,9.795170697849017,11.673206586024254,15.246412364881124,13.044892487100077,11.180551059764452,9.369303175797013,8.035132481795182,7.161269440539157,6.570251745557395,6.932721038668728,8.017549313848965,9.268051844913256,12.003173122137328,10.0886364787319,8.212683483490641,6.4261967756986715,4.947521399650537,4.48637492860327,4.735532177063102,6.07247041985385,7.802145153738169,7.177740730898547,5.087800310546789,3.1825010604868615,2.0620242481600455,2.8390781954711994,4.886702978491736,7.088975807547942,4.579830782900172,2.3989724883791395,0.0,1.771162612523198,4.435985572564456,7.342638830829145,3.4130391149238237,2.4114634560780717,3.6001756901573567,4.978617077060656,6.4121513550445774,4.6110108436220365,5.289999716446117,6.144451562181934,8.083440851518615
T11,42.74334672203383,41.768241200701766,41.301502006585665,40.54243101985869,39.973279575236255,39.68785331811233,39.362507643695665,39.131748363700794,38.905158552562156,39.44328021349137,42.713880507394784,41.60220556653217,40.69098672925001,39.84618850028193,39.08175222530331,38.37096424381332,37.85368237041146,37.04994218618971,37.065382771529556,36.81238196585491,36.86048508904895,36.9359137561263,37.26343173944129,39.86834705628012,38.79086049574049,37.73154566142235,36.79227823878266,36.379874711164135,35.63455650067782,35.131914621893294,34.821753660607044,34.966692866211986,34.84481081882925,34.66230580904853,35.14170549361542,38.97723545866228,37.863160591794234,36.665064407416494,35.71586406626613,35.02717176707249,34.25574499262861,33.659580805470526,32.92113997114923,32.95456742243782,32.4478048872339,32.17566962784147,32.617572319226944,33.39803852024846,37.203340925244866,35.818438896747026,34.76673965156929,33.686842787652274,33.025505204311415,31.957851554821392,31.813314021019565,31.03832890153721,30.443215286825406,30.997177226321753,29.63614931127187,30.36980302866648,30.6074899330213,35.50796098060265,34.1691821968276,32.86373839051181,31.777018425270803,30.910504654566868,29.892403466432736,29.26618350588269,28.629955169367626,28.33703416026455,28.12430808037773,28.144657468159032,27.65824681717914,28.370539367449467,33.57443908690062,32.27924969698026,31.050391382396455,29.697201821047045,28.73929021392143,27.53015592037212,27.16337188200316,26.25474915134403,25.85704894221303,25.72747490524478,25.781486768609756,26.288046903488283,26.527870400769075,31.56173038665656,30.55076177446317,29.192158621794313,27.869719141031904,26.803709388814077,25.591561890591983,24.975069269173208,24.401110220643652,24.150965467243747,24.193200119041713,24.278282723454723,23.471790089381763,24.610268690122016,30.25696357865409,28.88948853822096,27.448439992101555,25.940500477053252,24.582916222450095,23.620561487822425,22.84037779897697,22.286123776915538,21.361992884560188,21.07144669926581,21.278744323855204,22.058646309327322,22.68512387006075,26.925507200422427,25.704189230551506,24.372945862164467,22.800284778923267,21.92540920940816,20.898634524772188,19.69520246151331,19.141908473294922,19.86797448156203,19.47851698667021,19.282478186166838,19.602334580350373,27.47595430553778,25.751230960868646,24.16371635324335,22.655100706022033,21.132090313075988,20.004653508621438,18.753715898455965,18.179157653752828,17.260440463672992,16.82659591242388,16.957971694751706,17.00536962256334,17.97160120857349,24.347680156433796,22.600471787110994,20.853515219262192,19.368924234453498,18.20720080078209,16.974801000306307,16.172626317330156,15.468860106678838,14.774176457589776,14.561932461043762,14.849575414805637,15.461426195535779,23.224453405839284,21.240334131081838,19.43084269917288,17.830465725830045,16.427297586639135,14.88036172275392,13.529197832835472,13.451129023245596,12.823082975634213,12.514447690569488,12.693317808989105,13.293612300650263,20.050246606962222,18.020992897174118,16.478794676795996,14.554734659209696,12.730902128286118,11.205040160570599,10.669839783239484,10.302246017252743,9.947390612617964,10.49918749237292,11.259124655140825,18.7575798545548,16.946531739562523,14.953178157167793,13.237021757177857,11.365302679647383,9.977722635952556,8.717824613973374,7.504018456800329,8.06762430954739,8.314610754569332,10.022724829107103,16.212833836192857,13.923516114832488,11.87917038349059,9.883464422964247,8.236201612393906,7.008054580266909,5.82690526780726,5.649174275945113,6.4327213525847675,7.540662039900741,13.093261549361946,11.095913887553381,9.081168482084228,7.058520666541963,5.148263493645211,3.912224558994537,3.3543395773236795,4.357520395821459,6.03100008290499,8.401144267300735,6.213230480193054,3.975953722064682,1.8387726885072009,1.1024744895007774,3.136153854644252,5.417318986362165,6.159416287279177,4.02893658426141,1.771162612523198,0.0,3.1780221836859477,6.124145328125387,5.164922555082506,3.7308070172551138,3.8776098308107274,4.450953268683014,5.524359510386702,5.891697548245327,5.833603346131788,5.812481053732563,7.660132179016234
T12,45.06712824221219,43.995860828036996,43.40353567395172,42.51240139065306,41.81509962920093,41.39359264427286,40.912124083210344,40.53306562548656,40.00185031970396,40.34505269546689,45.25554208050104,44.067096443945566,43.06563467545788,42.10901424873302,41.21899508721677,40.40853288601308,39.740124534278955,38.782734367241304,38.64633494912552,38.22814728704492,38.09747616312661,37.98500064499144,38.14858366964624,42.38444179177072,41.21158915887617,40.04698511748419,38.977971073415304,38.422661971810335,37.55228632187393,36.881231676829884,36.43070519493138,36.39834876749219,36.08537346349626,35.717395103786615,35.99021714299596,41.63154286115277,40.43382229025597,39.14109177066986,38.07991077983245,37.28239510814723,36.368516521848946,35.60339395338596,34.71446571675848,34.56958838343321,33.89832711211572,33.41986644198328,33.65708134999231,34.26029217622057,39.91571501301211,38.4515034036382,37.305433987557365,36.112290483988964,35.32957397139116,34.12908667104937,33.73506762999001,32.87287574886018,32.11743940602987,32.496395692445645,30.919673817813795,31.373599809393884,31.423651045032944,38.27881380084811,36.86259634100669,35.46612719201239,34.2663898448611,33.280099894681804,32.12787699179639,31.347422796778687,30.51416910223839,29.99693431002575,29.62344078597218,29.408729741354012,28.71095623625239,29.119435451258322,36.410971217477844,35.035708327362244,33.71920298583583,32.26322632657807,31.176466974306116,29.815738796816692,29.302771285323853,28.225777615506008,27.583665691854666,27.221021766274685,27.06370353443889,27.21717702113869,27.16202770413137,34.451656709075685,33.37558583755497,31.92407273516335,30.503672828038265,29.321695517142253,27.96518258477852,27.17529926238164,26.419944000697654,25.911407603601933,25.753770694793413,25.56353811583991,24.45000460122656,25.309847095547614,33.20351222385969,31.775286702089726,30.2555737840154,28.654373104292475,27.186076675386612,26.055253788823475,25.089826324628078,24.336165392271642,23.211530259765297,22.698043197597453,22.535142710886035,22.97602789865994,23.319932461308717,29.884770117904537,28.59195189209719,27.17684111518482,25.46932580576094,24.473562102808003,23.249216115817756,21.856823305320468,21.064952812669674,21.493805456456517,20.764563106407994,20.220002472799056,20.198606387570404,30.544866737309558,28.7758975012075,27.122500566872517,25.53574939178406,23.928427278030625,22.657305510585324,21.25328974535472,20.40840895317418,19.22729070878162,18.59143256986938,18.291478808450673,17.917011162579545,18.511239099530854,27.429092948911016,25.639464112964607,23.82115169340055,22.23659796371738,20.980111343841813,19.528231307519892,18.52100388747867,17.58513190169468,16.520376660354934,15.876838287266139,15.736218891461824,15.916675061079811,26.354371800519168,24.335030819787345,22.479437025868773,20.807625260947006,19.289259524408912,17.593564846272628,15.955201189580782,15.676746505573151,14.616261149828981,13.87298093417561,13.513001813068774,13.620370075735828,23.197655614307234,21.12575835325208,19.541456266102585,17.53196674648911,15.626380323030666,14.007898700376156,12.964609674031841,12.232409492818658,11.329742494867215,11.284983695158802,11.41680415002377,21.933855133104167,20.10735002430703,18.087621457781562,16.324879785162278,14.358310833799358,12.81997706706217,11.271454963756899,9.408222042447765,9.483415260337386,8.983801478216222,9.872233789776253,19.39057611315352,17.10005064319986,15.034673857453644,12.99932221310019,11.24276629660156,9.834064266619372,8.175594901901635,7.143274109258303,6.9194173887690855,7.071029981551486,16.256284600116967,14.269024423554681,12.25908650756654,10.219750535115816,8.224632271414935,6.627065112099021,5.097073768349836,4.543229798282275,4.969857643836492,11.516862854093556,9.351218102471998,7.149976293666994,4.9793437318586475,3.051684944420049,2.373783899178693,3.2467291232870044,9.009040459449608,6.82718309407328,4.435985572564456,3.1780221836859477,0.0,2.9541051098429114,7.225348988111232,5.03304480409225,3.4327972558833126,2.2314345161801183,2.5172423403399202,6.572877984566578,5.130070662281368,3.571463145546934,5.056058543964854
T13,47.114445608539214,45.956026296885156,45.24885545513831,44.238580368271315,43.425875281909974,42.881200134791,42.258789239636286,41.74575621545261,40.93834889196192,41.10108117799336,47.5077703118132,46.24894593393454,45.16501731428872,44.10672658450183,43.10320615685102,42.20372425509388,41.399361166568745,40.305660198041664,40.031561998003525,39.4649489293981,39.17203478248226,38.888646890834345,38.9013092967319,44.617904713242645,43.35831742584114,42.099005427682016,40.913777263899746,40.229646779458555,39.24875520319084,38.42772797082856,37.85213996592531,37.659173357895156,37.17446000952805,36.640010917028945,36.72259638151965,43.99727646116291,42.72266342352733,41.34435932506393,40.1824110028256,39.28751590518291,38.247085601389294,37.3320050358938,36.31145082477427,36.006510883449955,35.19082928832454,34.529189275162544,34.57933862872452,35.01698275123087,42.33983660809285,40.80321968913728,39.571560924482114,38.27715591576783,37.386051329339395,36.0697795945581,35.45277203548405,34.51686122752183,33.62224895809321,33.841766975144786,32.08276362784229,32.280955438152695,32.16046871548983,40.76172254701707,39.274489430163186,37.79608679479927,36.49559162419483,35.403625379330855,34.13520870010904,33.2205129551005,32.21655048263237,31.50333812471307,30.98959788380611,30.56688044272755,29.686100872293753,29.816421582745303,38.96020087217211,37.51089331114363,36.1152900722118,34.568874902142824,33.36919552521457,31.878865302893075,31.238921492266662,30.020133127619538,29.16779333442967,28.602904485384,28.26005859866536,28.096762126622348,27.77605659556446,37.0557614008942,35.918916033199,34.38332242526891,32.87693788965146,31.594507196663155,30.11580986790825,29.177962386020038,28.269338867401903,27.539707424008704,27.20885767539681,26.778647015859484,25.40699199039509,26.006001249711574,35.86497897671209,34.379882605965946,32.788966101418936,31.106343934959632,29.543821858385215,28.269852935592006,27.149381908249772,26.229591018542397,24.94363854773397,24.24473126268881,23.763690033326053,23.90008002078654,23.986395665043133,32.56369908348866,31.204770468631875,29.71546294439984,27.892845856957656,26.79587858234919,25.40917332382146,23.868316153428168,22.88417322080918,23.055620963227167,22.04635924591632,21.209194161966643,20.88680753490107,33.33429190788369,31.521334045373145,29.805835804419242,28.149450580783988,26.47110925140841,25.080052830885347,23.554646080975193,22.4913024300506,21.10729667674191,20.314346113030567,19.659939572643655,18.93386257476271,19.187247275208602,30.234822060002273,28.403677596395855,26.519925810605127,24.849029799974083,23.51519987157243,21.88805758855728,20.722501441669632,19.61108423825669,18.267091120372722,17.28728738119431,16.792068187093573,16.59250963537463,29.215215761654065,27.15817096197754,25.258313878800383,23.523085681942323,21.909035624600183,20.099882512094442,18.25034273650772,17.81987081883592,16.44454259017258,15.379937873736683,14.593202013266314,14.272578603742213,26.081940131056204,23.963399696203375,22.339659129001944,20.258534423792852,18.29417418196296,16.615766759316283,15.212470443685339,14.233078830667663,12.95845546351879,12.448170066318983,12.040029401957456,24.865030585141053,23.011248075669428,20.96090315325177,19.1542041599227,17.112447311825388,15.4691250237368,13.739550574891451,11.504557053620099,11.239424629401633,10.221194646419763,10.33684734336345,22.33430601115692,20.032975939685045,17.935513513696783,15.863030763381882,14.026590640636805,12.510323936653279,10.608992836268671,9.136336793266763,8.251904265077243,7.581035549316465,19.210111139709735,17.219679817000085,15.199033686389408,13.133614354015425,11.080214844487447,9.32033931785748,7.4628055046343,6.1429507567617705,5.383428833002252,14.465710525238642,12.304496454548639,10.099703956057327,7.898240120431893,5.850645263558542,4.301233427750696,3.0731542427935508,11.881745873397561,9.70819457983821,7.342638830829145,6.124145328125387,2.9541051098429114,0.0,9.829776854028783,7.496301021170375,5.367161074534656,3.255385845026669,1.6616738548824797,8.52440496457084,6.350816325481316,3.6415342920258214,3.890366692228382
U09,44.479465329520316,43.723140166278085,43.515756100520655,43.0116706487902,42.67108019490484,42.60893788866369,42.52104816440912,42.49851579761345,42.65277586511809,43.40188319646971,43.91669305628555,43.013885072148504,42.32974030158938,41.744466998633484,41.24807884011084,40.7370078675398,40.49598925819692,39.95332262778654,40.19904184181509,40.17956407180148,40.45682975716214,40.752129392217036,41.253670866966495,41.16667314709801,40.34001741447319,39.53697910817163,38.88578003589487,38.757780651115716,38.24672372896795,38.02946933629235,37.93712146433886,38.33006554912214,38.45450353339645,38.49016239248673,39.184525032211376,39.901382845711,39.03801476765948,38.10253378713809,37.43512961110193,36.996892369495036,36.52593065207237,36.250056068922156,35.77463025664976,36.08218969242304,35.81277583488887,35.8074664979247,36.48101584386049,37.44073183045438,37.97055713312619,36.842869187944636,36.06686802315943,35.28855995928426,34.91663937150882,34.144433997358924,34.46709932674926,33.850141565435145,33.515416064849916,34.313450380280905,33.24944367955651,34.294208680183885,34.72014200719807,36.10566229831548,35.03560772985107,34.017563728168426,33.24961089997897,32.68687976849427,31.98043333039751,31.671512246812593,31.396803021963876,31.462059690999254,31.48052604388942,31.801041759665672,31.561537921970785,32.56858475586559,33.96660879452054,32.972309624895864,32.04070127197593,31.004818286840518,30.394964731020828,29.55595973742013,29.496113049010372,28.91676956369781,28.925292133356233,29.13028269687749,29.45092299062968,30.33702083263945,30.84696985118636,31.778496912220376,31.03492925720953,30.019996668887224,29.023305463024023,28.29736623786744,27.46424958013599,27.23483053004002,27.018876086913757,27.202413569387552,27.53399616837338,27.969352387926325,27.512085217227717,28.895133500297245,30.25391511854292,29.171120324732133,28.057455711450388,26.896457945238815,25.901738493776822,25.40068428212122,25.05461356716563,24.901608180999077,24.343005258184537,24.39232520691703,25.06224142011245,26.181981323039704,27.050196635144818,26.930266263072856,26.048074804100207,25.068734012709935,23.97975965267375,23.47154639132241,22.956024786534797,22.18421071392895,22.073047931810414,23.222887955635493,23.27055377510385,23.43996604093103,24.04520875351262,26.86857197545117,25.44989062844868,24.239199594871117,23.112687792638916,21.956232554789537,21.329528850867757,20.54236629504985,20.594116635583088,20.19055719884917,20.08779731578353,20.76854653075174,21.240038253261222,22.485876122579704,23.727240716105193,22.302206617283414,20.992324692610868,19.99812403701907,19.232443110535904,18.709275400185867,18.434476531759724,18.2248095737651,18.152468730175517,18.480010660170088,19.166709394155273,20.084365685776586,22.23355880195521,20.61455158377208,19.187760916792765,18.051892670853103,17.22431934794522,16.285955912994485,15.783382939027994,16.12546597776325,16.242586308836408,16.479704002196154,17.137128872713774,18.044051235795138,18.96460434599151,17.44363293583077,16.289489279900703,14.972668499636262,13.663881220209726,12.637636250501911,13.441467925788464,13.715058949927997,14.044168932336294,15.05812993037316,16.14493161955169,17.136050099133115,15.798812645259137,14.269741763605955,13.098609391840036,11.994956690209433,11.423395292118714,11.178420863431471,11.257488263373851,12.286084201241664,13.056149853613048,15.052147886597448,14.445801396945757,12.541317634124415,11.185411302227557,9.896752295576565,9.267163212116207,9.035524998581986,9.225210024709463,10.07787561939519,11.368005321955122,12.680656804755818,11.045649324507819,9.468677309952009,8.113905224982604,7.102182270260317,6.658010814049494,7.187226725239715,8.015428435211684,9.484445423956005,11.177600144932722,6.316968418474166,4.969663570102105,4.5592746133568225,5.062167519946372,6.249353966611269,8.207067320303885,10.244166047072842,3.0624046107593292,2.2328334017566114,3.4130391149238237,5.164922555082506,7.225348988111232,9.829776854028783,0.0,2.3723372441539587,4.710927403388848,6.808169210588115,8.513879785385743,2.9913202770683047,5.259688298749271,7.463147124370523,9.283668455949943
U10,45.2912417582031,44.434730223103635,44.105597524577306,43.476761838941044,43.02030419464744,42.84110460760786,42.62353322989543,42.48238558508691,42.40539966796681,43.016825556984095,44.95677204826877,43.96469189019752,43.18110987457362,42.478718118606174,41.85704862983056,41.24922120476943,40.870296915975544,40.19110753636929,40.31230607395216,40.16042610580719,40.301591159655224,40.45904015173865,40.84557493780691,42.16213478940553,41.22690350972287,40.30918015787471,39.52470206086315,39.260698223541574,38.63245418039087,38.267224226483954,38.05710909935225,38.310672520852464,38.28879420927225,38.1873385430302,38.73874961843761,41.04750770753323,40.08065764181022,39.032951528164,38.241443814270404,37.68925264581404,37.076415819223946,36.642853013923464,36.03147027252704,36.192318370063006,35.788670064700646,35.62478599233966,36.15292526200335,36.993571333408724,39.17459923215552,37.942097069086735,37.05073042464885,36.141539756905765,35.63998879068286,34.72914149529182,34.82411865359983,34.12469633564525,33.650921919020284,34.31471050438864,33.07416842492037,33.92356297619695,34.22179873998443,37.370893192429854,36.1935983428009,35.05685499299673,34.152960179170414,33.45584512458174,32.60546463401496,32.144797401756946,31.688617641039503,31.564190849758845,31.4533928217609,31.59700974775936,31.201085173435878,32.00735179611085,35.30382620906692,34.192495697155536,33.14070925613995,31.97116884006589,31.210109916499814,30.202063571881972,29.997802002813476,29.25465518511541,29.051640039763676,29.071016528494493,29.234400028049148,29.87762549132712,30.194767973938795,33.17388843653996,32.32891798374947,31.17798928731614,30.046520796924227,29.175038234765005,28.172112682580266,27.76310245631781,27.37230456136275,27.332468750553797,27.505850741251397,27.736362865379448,27.054122513953395,28.266557554820853,31.72321326725904,30.534012592517218,29.293086641731698,27.99108776021396,26.843052304087923,26.14067791775875,25.594860519252688,25.247442999242516,24.499657813936913,24.36502872971834,24.764941207279296,25.66496339370076,26.35925055839031,28.384305258364172,27.37504018261891,26.257252122032877,24.968954503542996,24.3034817670226,23.557923040879476,22.57811021764222,22.244808225741124,23.171903439294756,22.96263157828388,22.893842840379595,23.290521677283227,28.53058008523486,27.003916549271143,25.655267782660154,24.381586187120803,23.0761938802741,22.241502669558997,21.249066920690893,21.01344350647937,20.351662929598653,20.073024909066397,20.44006802826253,20.634760405684386,21.672408472525614,25.379546095231888,23.838705417870326,22.36560967199419,21.179743081539023,20.250910201766242,19.424423028754287,18.90882241177382,18.4593474424206,18.06092713567053,18.074465579927942,18.4970606583857,19.177810120031953,23.99606836546354,22.250570891552425,20.683384466764622,19.370383914625958,18.313977640043138,17.116075484759936,16.232675226221954,16.379447029738213,16.113029820614123,16.033455647489095,16.36830186671788,17.022096022523197,20.73615282543992,19.038365528584645,17.73810488750137,16.18064405393061,14.6486322228391,13.395930800060142,13.61067419344097,13.561196481136905,13.49748750693995,14.194461067613663,14.98812546651515,19.053399827852246,17.562412846758843,15.863814484543116,14.482930642656548,13.065696843260984,12.146629820653958,11.446359639640894,10.878073818466207,11.645269640502104,12.036479593303017,13.722303742447913,16.38063350423298,14.337082827409487,12.727960166499578,11.146251836379797,10.089625662035237,9.422256629916212,8.97843126609543,9.272864552014118,10.162257672387568,11.154657547410409,13.016466225516048,11.280692975167792,9.657734413411873,8.206290818634201,7.1096174299324995,6.890620001131973,7.018833877504154,8.02331109953989,9.417391624011396,8.166330020272264,6.405055815525732,5.108462880358435,4.472612212119445,4.809949791837749,6.400082030724294,8.189962759378092,5.024445243009421,3.2407877128871,2.4114634560780717,3.7308070172551138,5.03304480409225,7.496301021170375,2.3723372441539587,0.0,2.3536960296520872,4.436007213700176,6.145181282924044,2.2095241569170496,3.315138760293451,5.138696040825921,7.008126996566201
U11,46.53318498663077,45.59010222625082,45.15287368484978,44.412406205924036,43.850560247276206,43.5627259592418,43.223156409498834,42.96867254174837,42.665685181419505,43.13769678598986,46.39650032060608,45.33001965585279,44.462083003386155,43.658636900388906,42.9270612201674,42.23363887945248,41.72974700378616,40.92582570944659,40.929212281694355,40.65106985062017,40.659407337048094,40.680099618855415,40.949994151403736,43.569363605634635,42.543085407619415,41.527870159689144,40.62781672696676,40.24245979062413,39.509339465498535,39.008260112442855,38.6880486196965,38.807474950065995,38.643409955644444,38.40673860144857,38.81233655682173,42.58381864041786,41.53240354229454,40.39190347086901,39.49549898406146,38.84515604293539,38.108044360738326,37.533049249961024,36.79848954780617,36.82095164441028,36.29071644374081,35.97332536755533,36.355157460806026,37.072430362737215,40.7625775681568,39.446230555022616,38.460353092502935,37.44214306099479,36.82970219809006,35.79968795953395,35.6884690761596,34.91593397003723,34.314336610227514,34.847496007604335,33.44167848658317,34.09308624926761,34.260547952418975,39.01257413962837,37.75064028596071,36.51868060322005,35.50302806803949,34.69301099645288,33.72015481874305,33.12627061714011,32.50700233795789,32.20626704540593,31.97295302282853,31.943939550406114,31.394899346868435,31.992645561128576,37.00780839228392,35.805445856740846,34.65865774954362,33.382051135303236,32.495873584195266,31.346011883491652,31.015099193779797,30.12815668108489,29.730625994082263,29.5734851006776,29.582874268738664,29.97930439486547,30.095954578647277,34.928664460583086,34.00611128900216,32.74965027294185,31.512038667785365,30.52279713591138,29.379983560240465,28.816328097104947,28.271318080344255,28.026003229144177,28.048516146135075,28.078613391690123,27.176335146593992,28.20465091079838,33.538581439888006,32.27050272307514,30.933544510773412,29.523541064716476,28.2553262943467,27.387643363385614,26.67243738393625,26.15436944374687,25.239418257955155,24.933078831143174,25.06702443450359,25.737833339269255,26.245983635596513,30.19717794761623,29.094081356867072,27.87256378591679,26.43077577370744,25.63968075074259,24.70414104962972,23.55031842672196,23.01925181234177,23.728422872159033,23.271294119580027,22.9625002340773,23.136814927729358,30.49649758578844,28.895461546755055,27.448836951681578,26.068514533820295,24.654083495437426,23.658257754957358,22.50409478295006,22.023472046886702,21.13710616427897,20.698460715715072,20.75727038895047,20.668184487274154,21.47298889302558,27.346702708004855,25.728160699902354,24.141819421907705,22.817868436819424,21.768847305266302,20.70449383588017,19.990865113846375,19.33605588014267,18.642389224560247,18.34915739209842,18.49345397701576,18.909108334345117,26.043358040007053,24.21669019498742,22.557587681310252,21.124191866199286,19.904560482462305,18.516786573269133,17.331874220637534,17.306292786151516,16.69295758695864,16.30496074818949,16.297087623253425,16.65951697979266,22.79933606489452,20.990486440290038,19.59722429325133,17.88149191203016,16.203872037263192,14.800275706891409,14.521109633908836,14.17789564780331,13.729401516453658,14.070142145692772,14.511383462647522,21.21368096300121,19.633203915815677,17.83542466553572,16.327014332081664,14.710308664334681,13.552204580805293,12.505594268166547,11.371135607317326,11.842256879497253,11.803533454012827,13.068129973335894,18.559753581338303,16.44504889016752,14.695611079502614,12.950204824635016,11.627615275713245,10.658009617184627,9.695034244395426,9.410245692860522,9.788010727415454,10.327628672643106,15.22912380933322,13.420900007078512,11.67093282475741,9.998444879079948,8.525253368668874,7.7203790710042215,7.1197808955051425,7.449337822920907,8.329090466551555,10.36007688195411,8.449234344010112,6.765141979293562,5.376248227156183,4.670618374476768,5.4462028056252185,6.668249920331421,7.3121589835013845,5.350979349614424,3.6001756901573567,3.8776098308107274,3.4327972558833126,5.367161074534656,4.710927403388848,2.3536960296520872,0.0,2.157544205804368,3.886587449164112,3.21149715864735,1.9852118274884423,2.7999732141575926,4.705955482152376
U12,47.0331286222807,46.003473021066576,45.45841428162667,44.609128796693625,43.94586302486276,43.554272029274,43.09989903700472,42.74010749869495,42.230671424925276,42.57626635814841,47.10416976234694,45.96080840237691,45.006606292854386,44.10121700134816,43.26051104644974,42.48376125062375,41.85881195160704,40.93693204186166,40.82845778375666,40.43293045278811,40.318712901083536,40.21506625631742,40.37969014244661,44.24801539052345,43.12841918039659,42.01510581921697,41.00034693755652,40.49534285569145,39.66165992491994,39.031124119092446,38.60732367051619,38.6006825457789,38.30593136839254,37.94710203691449,38.220882381232386,43.40311510709801,42.26285845751563,41.02704016864975,40.024280443250944,39.27584149321311,38.41660154152109,37.70454748435525,36.853544876985715,36.74433808085267,36.09740490672425,35.639493164185154,35.887000501574384,36.491288823498685,41.64227209219016,40.237755827083596,39.15374343533451,38.024706494593744,37.300755716204996,36.154550986010044,35.84131035551016,35.00116826621649,34.280104929827736,34.68833136661376,33.13534742537039,33.60411708407171,33.654070853315794,39.95558716875526,38.603666781796775,37.27277529243026,36.14285369198176,35.219481384597366,34.12672882067662,33.40336773440666,32.62835539833413,32.161013168120185,31.813887282128853,31.625478099152904,30.9397813179085,31.348396466167134,38.025368177047284,36.724774444508164,35.47827856590565,34.092520778024024,33.08020182828394,31.79175396230916,31.336765069164365,30.31405156029131,29.73264894018022,29.41075085746707,29.27785731572582,29.448440111489777,29.38660696643966,36.009130647656576,35.001620105360836,33.633326924346925,32.28687962625066,31.179000753712426,29.899133047632,29.184478237583757,28.492035395878617,28.05158576622719,27.932120309779563,27.776620402777585,26.68016913364681,27.53801045827385,34.69255257256231,33.33772045296438,31.898451451441964,30.377378063289136,28.98875273274102,27.956719585816934,27.07706123271135,26.396024435509222,25.327610566336496,24.86190228039681,24.7488985007414,25.2070707937277,25.546123972141057,31.358092177299305,30.15262763010879,28.822452931698926,27.225180568730853,26.309441689249127,25.189675067376317,23.87453214201275,23.158496432195246,23.65630936980661,22.97407062320476,22.450180400166055,22.424618614371127,31.838732135560928,30.152503660558605,28.59759844812148,27.104650837079603,25.580456055356013,24.42325025462418,23.11454358190964,22.39765648455213,21.305060619486632,20.72051893655176,20.493103156915986,20.14708934312845,20.73561846196057,28.699747734082962,26.994276800833173,25.2861410262618,23.819595063728517,22.651860232660805,21.35587174526013,20.455413097759724,19.611254013958412,18.649069279725463,18.076760605816517,17.966000250473112,18.138960968037836,27.500714772529097,25.579978596550855,23.820839804675234,22.261855021538526,20.878243053475547,19.311077235617905,17.846591411247136,17.656991278244433,16.728440752204012,16.06293933251321,15.743169248915542,15.837980963494052,24.288389530802572,22.352532429234948,20.861621533332446,18.989172125187554,17.181287553614833,15.649928626035328,14.906841516565473,14.29856083667164,13.507350036184004,13.514176149510558,13.627105965684718,22.837361077847852,21.146072566791215,19.240199843036976,17.602636166211013,15.798605318191855,14.426406066654302,13.079013609596101,11.462087157232752,11.645123657565858,11.21307134553241,12.057025337951314,20.220109841442504,18.022991760526327,16.1233327200055,14.227164791341949,12.671356438834795,11.45073796748489,10.060555253066305,9.265796511903334,9.149000874412463,9.241696002358008,16.952952810646295,15.061953990103675,13.186220155905179,11.324815274431632,9.564666016124137,8.303896193956183,7.109943811311029,6.769993870011995,7.084717707855408,12.098383776356245,10.057849670779534,8.100303759736422,6.252794895084917,4.795802435463746,4.603039213389344,5.085808686924824,9.209836589212644,7.12182624050882,4.978617077060656,4.450953268683014,2.2314345161801183,3.255385845026669,6.808169210588115,4.436007213700176,2.157544205804368,0.0,1.729112199945394,5.269956830942736,3.2141538544382096,1.4159339673868976,3.2101445450322017
U13,47.520602574041504,46.42460447865981,45.79555000215632,44.86162499285999,44.118948899537486,43.645270362319906,43.09965907057734,42.65564424551574,41.97948615693146,42.220961737032944,47.75330145654853,46.55182058738412,45.5318511923247,44.54820968344295,43.62323950602477,42.78217358900784,42.062507640415355,41.048474612340954,40.85063020321718,40.361356493557054,40.14805989085898,39.943231479188064,40.021182953530996,44.87865578423668,43.688385023939716,42.50053319665531,41.39786528312782,40.79970519501336,39.8881892920699,39.156039751231226,38.65029930026416,38.54220276528056,38.1422157851376,37.684536138846134,37.84942822553599,44.14356333600631,42.936624483068066,41.629206766403804,40.54573834572507,39.72229049287063,38.76914599265761,37.95058682023244,37.00917206585416,36.795014254651406,36.055825188171745,35.4852267852412,35.62239660662937,36.13229576154828,42.4317106419244,40.96189474377376,39.80434220031779,38.59190916500504,37.78291426028437,36.54865469480375,36.0771252873618,35.18557762777244,34.371280060538915,34.6780599226658,33.010498602717284,33.32860615147295,33.28151949656145,40.79604124176756,39.37780095434482,37.97374151963433,36.758386580479836,35.74957971780927,34.566453173561214,33.74381847094368,32.84830590761113,32.249801689312754,31.81242494686628,31.49555809951619,30.700453498279142,30.951454957723715,38.92562965450912,37.55293790104843,36.23312999176306,34.76717532385972,33.66057590119337,32.26869171503549,31.71849227185933,30.592699733760014,29.867685280248953,29.414937106851,29.16732102885008,29.152053684088877,28.942073180751926,36.960401851170396,35.89086431113076,34.44102949971153,33.015315006826754,31.820030562524607,30.438987696702398,29.60995206007602,28.80496137820705,28.212100683926394,27.979628160502777,27.674696746306005,26.423911027703678,27.136342292210276,35.701328280611634,34.28433134829962,32.77163508279683,31.17099916589136,29.695586911189345,28.541955031146692,27.53923067189786,26.73440332231112,25.550500425627675,24.960461894764688,24.648499589224492,24.92930815325608,25.125520671221917,32.37886573059655,31.100298455159557,29.69284684903083,27.984312212380708,26.977990010376978,25.72274909491596,24.2900372169332,23.433800203978866,23.760962817192404,22.90112320389548,22.203593605540522,22.01069587723205,32.992200002424816,31.24691760798175,29.61622312179593,28.044594345434913,26.4445034931647,25.171851938226556,23.75341120765605,22.860467208698953,21.615135646116126,20.92007385264211,20.46466027081808,19.909824911334606,20.3117166679727,29.86754635051229,28.103180478372906,26.311658347584252,24.746450614178997,23.496785418435433,22.03584963190664,21.000444804813064,20.017745252650208,18.854156305706177,18.063378781390817,17.743109817616528,17.708560867557814,28.746481523831747,26.762985072670798,24.937547994941283,23.29437700390375,21.799000206431487,20.110789169000803,18.45096447343607,18.139162604706975,16.976525469011612,16.097380314821415,15.523707192549079,15.387931504916441,25.564436801932484,23.54486493909022,21.990925264754097,20.01729564651529,18.12958921211399,16.521265236052592,15.44762677565716,14.646167314352244,13.597124696052472,13.327194828620163,13.153279895144024,24.211226528203813,22.448111412767002,20.474992967031756,18.756954683530054,16.836519384956024,15.328750275218134,13.785746624684496,11.842067260406859,11.794124045472815,11.046222340691862,11.497490204388086,21.62601038102035,19.380918063910183,17.390246950517984,15.407661373485595,13.713011084368015,12.341341296633848,10.682829072862674,9.528741889672528,9.005528302104214,8.68605894522942,18.41141086391806,16.47489875537935,14.530866629351465,12.569134974213618,10.65820270965044,9.137005253363926,7.5796328407120095,6.714791135992244,6.465381813937983,13.588624396899048,11.488767601444463,9.406378474205681,7.362249724099285,5.555203866646119,4.615765700292856,4.224084397831085,10.80872170980454,8.67676356713723,6.4121513550445774,5.524359510386702,2.5172423403399202,1.6616738548824797,8.513879785385743,6.145181282924044,3.886587449164112,1.729112199945394,0.0,6.95935284347618,4.700097445798331,1.9978758720200813,2.724420855888458
V10,47.2177606944675,46.40601319872242,46.125845596585,45.54093048017355,45.11992894497951,44.9715125940856,44.782127729709316,44.661383162638394,44.60935025305793,45.226153340738584,46.763690957836076,45.82095188884666,45.087952459609426,44.439529812994195,43.86921646211612,43.29667341724997,42.96194228616765,42.31935599699032,42.468185974915386,42.339386887388905,42.49765613536822,42.66542653015436,43.055070653756914,43.993486256490286,43.11543169214475,42.25227040053588,41.52422668756156,41.31061316417369,40.7198794325327,40.394831661983694,40.21097785431237,40.48923859496496,40.485571368081246,40.39400599098831,40.94817975197433,42.7891340412493,41.88455622302808,40.89826177235409,40.16795591015306,39.666120985042134,39.10856020106084,38.72732761242376,38.15347492693162,38.347554315757876,37.96728457501274,37.82271201275763,38.36050348991786,39.203017090525066,40.87812485914685,39.71170433260199,38.886555028698545,38.044770534200886,37.602660889889165,36.74746793998194,36.91838437689277,36.24132802478408,35.800009567037826,36.48892632018651,35.27086868791297,36.13232419870053,36.43049080097604,39.03219395575913,37.92601481832754,36.86064444634684,36.030026255888295,35.39716093135154,34.6070681364371,34.2013182933056,33.7994713716058,33.71919864113025,33.63107284937547,33.7960516628792,33.409381631511835,34.21392657968389,36.912675600665956,35.883475988259555,34.90776253213603,33.813954279261694,33.12873474794955,32.193730212573996,32.04328797111807,31.351306655385194,31.20045050956797,31.252521642261126,31.433965960406585,32.08710597732366,32.39570144324706,34.73789321475901,33.96813631920362,32.90811609618515,31.85672439219073,31.061944578535325,30.13666584079931,29.797580522586056,29.463123120266797,29.479484001589988,29.682015160699585,29.93691513833715,29.26364314298546,30.469792664210892,33.227436870754865,32.122003922545055,30.97136267586559,29.75832315504353,28.69553362459043,28.089537643044252,27.623121945211047,27.338700499475095,26.638849975177234,26.53931351787382,26.96931122591009,27.873839007212478,28.557926482852356,29.90006732433892,28.988197943300996,27.96475285068688,26.794062215349133,26.20834143932042,25.561003990453898,24.652214910632267,24.37851447484034,25.349093908855995,25.167154229272725,25.10229680726447,25.483972158986518,29.859831563490104,28.43421213960394,27.200220293225566,26.033970576921224,24.823936130275552,24.10441009442048,23.20663525804635,23.077575804230392,22.48572918541892,22.241865254514963,22.644994502096925,22.84145722146466,23.859560809034186,26.718191798847467,25.283498670081244,23.941352948402894,22.887000196618168,22.054269541292907,21.37549917545787,20.95154681640475,20.572913187003923,20.23982732139778,20.282244574997115,20.70094611364418,21.35312342492311,25.22151351525122,23.60455079004894,22.1614217052968,20.983344633303815,20.07351772858958,19.010675974304544,18.278416178651806,18.484152888352767,18.295067340679566,18.241951567746256,18.565479282797956,19.178340387009506,21.95261799877181,20.429733453963614,19.251839652355304,17.863449526897092,16.45886815671114,15.312871350599142,15.730345609680674,15.742726860363168,15.707008626724567,16.383544000001955,17.115969268493092,20.09893275773617,18.788379014699487,17.254103540897162,16.041033788381597,14.823297372717043,14.073833912619547,13.532327589886377,13.079166219602838,13.854113973834632,14.205917780981277,15.798650606934759,17.40707686545906,15.529971828693059,14.159163287426274,12.787658307915487,11.960862218084447,11.460697753627393,11.160462938426884,11.476883287722325,12.297968775370997,13.162443086296708,14.002512703082973,12.458186746071837,11.080769152003844,9.91689275932739,9.103485760959918,9.068708011618856,9.213010474323797,10.09367108637883,11.304227262400557,9.307263024111867,7.887447052120223,7.027177242677176,6.6655383128446575,6.943030606298665,8.314392160585163,9.81889326757349,6.053041632105301,4.857409391846646,4.6110108436220365,5.891697548245327,6.572877984566578,8.52440496457084,2.9913202770683047,2.2095241569170496,3.21149715864735,5.269956830942736,6.95935284347618,0.0,2.6631027017372046,5.400591449091479,6.957200370838833
V11,48.35630557641888,47.44395772909339,47.04001228741336,46.328184952575036,45.78849506153265,45.51885337967116,45.19430070263285,44.94886118690884,44.650353749998445,45.11628612818214,48.13300277356483,47.10163687176912,46.26945585372709,45.5036425135395,44.80710449247976,44.13699564990803,43.66151519358897,42.87951352335985,42.89823502196798,42.63078946020118,42.64427446914767,42.66384976768974,42.927695593870396,45.321105822784155,44.335470246744876,43.358433850866895,42.497242098752714,42.145972096986924,41.43697741148599,40.96057500817097,40.65514619331728,40.786614299301675,40.62827322198176,40.390566274812244,40.78799677601243,44.268032935742696,43.26173489355229,42.16511472769878,41.31211553527609,40.69699706366552,39.99767714505431,39.45730862590605,38.74608606040099,38.78796578837308,38.26920456450591,37.958202539108726,38.33855761501729,39.04879338724822,42.41602810259348,41.147532088814266,40.20954973634994,39.2394855343441,38.66921506832018,37.6773957167955,37.617620724867756,36.85884161229162,36.27657708494559,36.82347973779773,35.426078219300535,36.0753949389331,36.234130760927606,40.6317894880351,39.421736389966384,38.24141008121955,37.2785659058929,36.51437451196447,35.583544750347734,35.027469691657714,34.44414895159989,34.1706336054806,33.94948095332239,33.92868756671852,33.37843760573583,33.96167487035938,38.58412937983699,37.442238514811045,36.350929630478504,35.12882036163469,34.29729963131208,33.19885113976085,32.90590007886124,32.05329407408855,31.689452440835897,31.55083119348839,31.567463819572204,31.958600876759295,32.05581563460833,36.46715531817638,35.6003874838463,34.410585188281814,33.23094444941341,32.29715276924578,31.209629924111564,30.695899221231493,30.189993110300637,29.982144369607724,30.022216107409527,30.0632304984012,29.157401976170647,30.169905087686303,35.02851862411541,33.82215989554777,32.55127724068596,31.205668411363988,29.99890774678305,29.20150511531897,28.543504515038094,28.070038421776342,27.18713850334382,26.903330091273087,27.05207570594168,27.71631355357346,28.205937761400524,31.688629664281795,30.657569114331295,29.504995949838733,28.148837595893724,27.41604874886241,26.55203097693282,25.448328982469558,24.959659052158546,25.699338240507284,25.256153309639217,24.94161031288878,25.09348969354402,31.84457594316495,30.317670227113428,28.955349695695265,27.653350538406734,26.30740794909297,25.39648404799373,24.310926350100278,23.91012080688845,23.074049081164755,22.659938261169206,22.741699232906935,22.64589825994986,23.424603006241107,28.693692425339755,27.152010109750623,25.660904446258318,24.43306976210726,23.453855823723316,22.499559751248466,21.85450456999655,21.252701498868326,20.607681140778553,20.334054317818666,20.469696480407325,20.852928523351345,27.298725611280833,25.56502787011976,23.99479476886602,22.65880747082688,21.54655355271464,20.256987856046123,19.186415246210014,19.20862327185371,18.656685262929212,18.28959882009444,18.269504563616387,18.590645819874037,24.03599477866477,22.353457204647338,21.04685995582239,19.451292116463623,17.86152818210133,16.532187665278908,16.422334578250435,16.133689007787403,15.714183784085,16.04030130639696,16.424857259653734,22.312084124975865,20.86190906892272,19.17863981099807,17.787797643328418,16.31257849023262,15.280474763566739,14.36118581454888,13.337013946157512,13.827086822610177,13.766353184485716,14.943497749857627,19.63017913825546,17.62735297768783,16.04309100516481,14.439620112731498,13.283997327611896,12.44668650685796,11.622456926140876,11.395066739602713,11.73893964547054,12.169706652175309,16.246138802804804,14.562446257411562,12.971940988148226,11.490655768928072,10.226582664800594,9.611912036634543,9.10326370045381,9.382676803556647,10.09923610972632,11.42838540652178,9.71929138363492,8.326960549924564,7.218894444442307,6.655165963370109,7.322016457233621,8.24673420209479,8.221062279292134,6.555077573911692,5.289999716446117,5.833603346131788,5.130070662281368,6.350816325481316,5.259688298749271,3.315138760293451,1.9852118274884423,3.2141538544382096,4.700097445798331,2.6631027017372046,0.0,2.886826631441521,4.300009418594336
V12,48.446432572481534,47.41908933119656,46.87378188283937,46.020789704219546,45.35098622962901,44.94961331313096,44.48079360802817,44.10435826536874,43.55259700637839,43.865428414641066,48.5022010634569,47.366045095616755,46.41769314604076,45.51624951596957,44.67630111143938,43.89777858844341,43.266655163069856,42.334755839617166,42.21296502260887,41.79959523727473,41.66229610811195,41.53051448031916,41.66734775576674,45.64877195500444,44.53686663877467,43.42869385556052,42.41626265950361,41.90954168205613,41.071228920011635,40.43043988135672,39.99496418300684,39.969781210309364,39.650907038805556,39.26486373336854,39.503625314646754,44.78650444051198,43.657823789098785,42.43147873925678,41.43589702178535,40.69100355115366,39.832174595419716,39.11541184750583,38.25622099737506,38.132939697851775,37.46948232895672,36.98628940567031,37.20369035458714,37.77792324890292,43.01581746288219,41.62466087549543,40.55242633924633,39.432907843576544,38.71469604685022,37.57048485180888,37.25130828575018,36.40664962613287,35.67436616115274,36.06615260878266,34.488694524438,34.91693846831363,34.935270887743236,41.31730805606774,39.98110198581325,38.66416233413055,37.54632045886787,36.63084407981885,35.54219009852938,34.81854133934964,34.03681102864956,33.5545902225016,33.1927427760949,32.97723056898502,32.262517648193544,32.620232371949776,39.37108918991193,38.09034088847198,36.86029474922847,35.48856384809056,34.4877115796337,33.2061864266284,32.752623406377694,31.726425342291556,31.131929911266344,30.79006152965596,30.633486056927964,30.75349791487141,30.64004157960625,37.3394070252863,36.351467439430834,35.004572858413795,33.67457392455025,32.58015814878743,31.31031829924442,30.600286028074965,29.905994114892753,29.453561974742545,29.318492798914477,29.133739135236315,27.996379658805886,28.80667424400116,36.00279646083065,34.670539482390524,33.25385899410774,31.752760273714788,30.38095880646297,29.364508390231904,28.49223574941075,27.810807341751154,26.735312453756734,26.255214377338454,26.105203925654365,26.516111800186692,26.806883612236614,32.665274191410056,31.48649907500038,30.17985702418088,28.60870150845718,27.708094214507067,26.601882358209163,25.29046492257507,24.56981505831902,25.050114770196164,24.335702989640552,23.76707321064165,23.686032951931818,33.085734886805824,31.429346032012823,29.907162018486474,28.442620484055265,26.941117961213116,25.809837078137477,24.51786622037081,23.81308264379058,22.71811931036546,22.12491541226768,21.86275783152711,21.465146167683088,21.99210153668812,29.94138842806058,28.266670143474627,26.595338031316693,25.16372885722623,24.01903655436662,22.75464895356551,21.867675002157867,21.027098064164726,20.053312993119118,19.447857491250804,19.286366428127412,19.390670849663763,28.698122656369005,26.816129213590838,25.09242451418356,23.571007360738744,22.226534457715175,20.690666325664818,19.255201531014936,19.07235318464924,18.135996388398407,17.44146774213684,17.06212135110989,17.079448468846998,25.46954701206914,23.587172552046166,22.130657333210866,20.303744703871747,18.525380023092644,17.017105776247615,16.320665580790507,15.711952297534511,14.892851036655138,14.83909464893327,14.855712705891968,23.946982816212984,22.313809580616216,20.455061109661834,18.864590878150523,17.114482668196548,15.787546516162669,14.4795926047662,12.875914918948478,13.03738969272607,12.538962317512562,13.246451336112626,21.306317771966135,19.154896423630174,17.325000115440115,15.483644564507415,13.992886085436414,12.820532009242049,11.472241149836416,10.668766470403222,10.475214556275208,10.423994244050599,17.995972271594553,16.15540915606906,14.3434799473489,12.556904475227961,10.877815083921954,9.69391649437935,8.524593245428195,8.107776513940182,8.226686453244708,13.126688120009556,11.160029256234052,9.315382976560867,7.582249863991558,6.2071373434136285,5.938028039677819,6.083938609157722,10.110271064615429,8.11568715513357,6.144451562181934,5.812481053732563,3.571463145546934,3.6415342920258214,7.463147124370523,5.138696040825921,2.7999732141575926,1.4159339673868976,1.9978758720200813,5.400591449091479,2.886826631441521,0.0,1.942587192380306
V13,50.118333731280416,49.05187199282001,48.454437866928146,47.54588722486941,46.82132083784053,46.36068515455741,45.82282419275355,45.379684276116336,44.68728263163917,44.906020587444615,50.26048198137379,49.09446637860523,48.110459091553054,47.164078120959815,46.2727849604927,45.45304797260575,44.75822590317896,43.760890633075554,43.57242206946958,43.08568241307082,42.86691537771292,42.64770392412703,42.706011988946,47.397148627317236,46.24815612540677,45.09838020372794,44.03381324618616,43.468393126500544,42.57825567117563,41.86623338682381,41.370349587597154,41.266623620063704,40.86192313144353,40.39116043146075,40.53145003574385,46.58693629119649,45.426942853333195,44.16447261091204,43.12536595786754,42.33745038379141,41.42139072991152,40.63538562632328,39.713850606557905,39.51421001361409,38.780084231471186,38.20599922786996,38.32912309197798,38.81826709166704,44.837026763602424,43.416817133456476,42.30932791950258,41.14665969431784,40.38129424622247,39.18485183077767,38.76416226361663,37.88428624113169,37.08564619903501,37.40131544478082,35.733397333586964,36.033971596259,35.96501607117673,43.15873596388105,41.79486390694435,40.444633290462654,39.28462326407114,38.323610594514705,37.18324805608031,36.39902619576518,35.53850559604329,34.96415450143189,34.53506073543233,34.21831113599851,33.412462585089415,33.62928475302441,41.23426091249848,39.92583026062201,38.66454316295487,37.25533353762922,36.20664664119007,34.867956292275004,34.35806229984456,33.26661753169384,32.57460552332139,32.137031132324594,31.891081276745698,31.85488177658175,31.606497259266174,39.2192348981976,38.20961023093536,36.830543031565526,35.46565042403706,34.32919626207406,33.00622979075314,32.231163087918496,31.46770828961016,30.91393737458883,30.69800816013964,30.398782755235448,29.134705987876384,29.8151511819075,37.89966596158863,36.5478647939931,35.10476436325987,33.57132183873611,32.16041039850083,31.083487609983536,30.143459008547776,29.38777177671012,28.23760090730089,27.671851925738544,27.372751871158297,27.637272405213942,27.8003722636946,34.56429806896127,33.362770283656005,32.028130213922886,30.41062993428449,29.467769002759606,28.291478469673514,26.91284089426458,26.10565159117849,26.47105636350767,25.625486395383795,24.917465119871242,24.69035285288568,35.014863415412606,33.34637870893929,31.804371979336427,30.314673295287218,28.7849107693597,27.605097011240517,26.260627810469423,25.46179451649078,24.275100411738773,23.610447285047353,23.187419972907723,22.625921086223208,22.990457259480507,31.87202867719593,30.1856343315823,28.492691624344655,27.02905372002505,25.85304252887849,24.515656752369495,23.559872346852814,22.64119042806716,21.54179521302716,20.784658621204247,20.46179681748404,20.389025111564308,30.6379838925475,28.748154671213246,27.011532518537337,25.468245895624616,24.087091916626218,22.502752276110584,20.97509563744585,20.727478693753373,19.65126382704176,18.813375667327755,18.243844605784165,18.06705357826782,27.410977691428666,25.519355987171778,24.050629950169704,22.196750257639067,20.390972757570932,18.85231152935894,18.00335079922624,17.285928439051226,16.30326350765392,16.050409870155963,15.831061145734989,25.88756521961847,24.255983612296575,22.391536124169775,20.787116875603505,19.006243868792172,17.63202143828098,16.2397793396339,14.464028553622258,14.48623225687066,13.770580561472345,14.154483953857167,23.244492207832806,21.09721280169492,19.26341781719952,17.407657682755598,15.879866309260919,14.6528895443868,13.183337968815032,12.184741154411117,11.729359104401228,11.359085218449591,19.927709075556074,18.095310165896574,16.285745239318953,14.487856052570374,12.770611888237775,11.49010739723524,10.146007737036278,9.427864286252747,9.138019752659764,15.057957696845877,13.10169515749775,11.249001066761439,9.461460775165746,7.941393139745696,7.3034179669521855,6.852845978132005,12.012863189098592,10.046215456578661,8.083440851518615,7.660132179016234,5.056058543964854,3.890366692228382,9.283668455949943,7.008126996566201,4.705955482152376,3.2101445450322017,2.724420855888458,6.957200370838833,4.300009418594336,1.942587192380306,0.0
